version 1
nodes
0 "polymsh" -1
1 "ValveBiped" -1
2 "ValveBiped.Bip01" 1
3 "ValveBiped.Bip01_Pelvis" 2
4 "ValveBiped.Bip01_L_Thigh" 3
5 "ValveBiped.Bip01_L_Calf" 4
6 "ValveBiped.Bip01_L_Foot" 5
7 "ValveBiped.Bip01_L_Toe0" 6
8 "ValveBiped.Bip01_R_Thigh" 3
9 "ValveBiped.Bip01_R_Calf" 8
10 "ValveBiped.Bip01_R_Foot" 9
11 "ValveBiped.Bip01_R_Toe0" 10
12 "ValveBiped.Bip01_Spine" 3
13 "ValveBiped.Bip01_Spine1" 12
14 "ValveBiped.Bip01_Spine2" 13
15 "ValveBiped.Bip01_Spine4" 14
16 "ValveBiped.Bip01_Neck1" 15
17 "ValveBiped.Bip01_Head1" 16
18 "ValveBiped.Bip01_L_Clavicle" 15
19 "ValveBiped.Bip01_L_UpperArm" 18
20 "ValveBiped.Bip01_L_Forearm" 19
21 "ValveBiped.Bip01_L_Hand" 20
22 "ValveBiped.Bip01_L_Finger4" 21
23 "ValveBiped.Bip01_L_Finger41" 22
24 "ValveBiped.Bip01_L_Finger42" 23
25 "ValveBiped.Bip01_L_Finger3" 21
26 "ValveBiped.Bip01_L_Finger31" 25
27 "ValveBiped.Bip01_L_Finger32" 26
28 "ValveBiped.Bip01_L_Finger2" 21
29 "ValveBiped.Bip01_L_Finger21" 28
30 "ValveBiped.Bip01_L_Finger22" 29
31 "ValveBiped.Bip01_L_Finger1" 21
32 "ValveBiped.Bip01_L_Finger11" 31
33 "ValveBiped.Bip01_L_Finger12" 32
34 "ValveBiped.Bip01_L_Finger0" 21
35 "ValveBiped.Bip01_L_Finger01" 34
36 "ValveBiped.Bip01_L_Finger02" 35
37 "ValveBiped.Bip01_R_Clavicle" 15
38 "ValveBiped.Bip01_R_UpperArm" 37
39 "ValveBiped.Bip01_R_Forearm" 38
40 "ValveBiped.Bip01_R_Hand" 39
41 "ValveBiped.Bip01_R_Finger4" 40
42 "ValveBiped.Bip01_R_Finger41" 41
43 "ValveBiped.Bip01_R_Finger42" 42
44 "ValveBiped.Bip01_R_Finger3" 40
45 "ValveBiped.Bip01_R_Finger31" 44
46 "ValveBiped.Bip01_R_Finger32" 45
47 "ValveBiped.Bip01_R_Finger2" 40
48 "ValveBiped.Bip01_R_Finger21" 47
49 "ValveBiped.Bip01_R_Finger22" 48
50 "ValveBiped.Bip01_R_Finger1" 40
51 "ValveBiped.Bip01_R_Finger11" 50
52 "ValveBiped.Bip01_R_Finger12" 51
53 "ValveBiped.Bip01_R_Finger0" 40
54 "ValveBiped.Bip01_R_Finger01" 53
55 "ValveBiped.Bip01_R_Finger02" 54
56 "ValveBiped.LeftFootParent" 1
57 "ValveBiped.LeftFoot" 56
58 "ValveBiped.LfootUpVector" 57
59 "ValveBiped.LfootUpVector2" 57
60 "ValveBiped.spacer" 57
61 "ValveBiped.heel" 60
62 "ValveBiped.toe" 61
63 "ValveBiped.mid" 62
64 "ValveBiped.ankle" 63
65 "ValveBiped.spacer3" 63
66 "ValveBiped.LeftToe" 65
67 "ValveBiped.LeftRoll" 60
68 "ValveBiped.LeftToeTarget" 57
69 "ValveBiped.LegRollL_Point_ClsCtr" 57
70 "ValveBiped.RightFootParent" 1
71 "ValveBiped.RightFoot" 70
72 "ValveBiped.RfootUpVector1" 71
73 "ValveBiped.RfootUpVector2" 71
74 "ValveBiped.spacer1" 71
75 "ValveBiped.heel1" 74
76 "ValveBiped.toe1" 75
77 "ValveBiped.mid1" 76
78 "ValveBiped.ankle1" 77
79 "ValveBiped.spacer4" 77
80 "ValveBiped.RightToe" 79
81 "ValveBiped.RightRoll" 74
82 "ValveBiped.RightToeTarget" 71
83 "ValveBiped.LegRollR_Point_ClsCtr" 71
84 "ValveBiped.UpperBodyParent" 1
85 "ValveBiped.UpperBody" 84
86 "ValveBiped.SpineControlParent" 85
87 "ValveBiped.SpineControl" 86
88 "ValveBiped.SpineControlConstrainer" 87
89 "ValveBiped.SpineControl1" 87
90 "ValveBiped.SpineControlConstrainer1" 89
91 "ValveBiped.SpineControl2" 89
92 "ValveBiped.SpineControlConstrainer2" 91
93 "ValveBiped.SpineControl3" 91
94 "ValveBiped.SpineControlConstrainer3" 93
95 "ValveBiped.NeckControl" 93
96 "ValveBiped.NeckControlConstrainer" 95
97 "ValveBiped.HeadControl" 95
98 "ValveBiped.HeadControlConstrainer" 97
99 "ValveBiped.ClavicleControlParentL" 93
100 "ValveBiped.ClavicleControlL" 99
101 "ValveBiped.ClavicleControlParentR" 93
102 "ValveBiped.ClavicleControlR" 101
103 "ValveBiped.HandControlPosParentL" 1
104 "ValveBiped.HandControlPosL" 103
105 "ValveBiped.ArmRollL_Point_ClsCtr" 104
106 "ValveBiped.ArmRollL" 103
107 "ValveBiped.lArmUpVParent" 106
108 "ValveBiped.lArmUpV" 107
109 "ValveBiped.HandControlRotGrandmaL" 1
110 "ValveBiped.HandControlRotParentL" 109
111 "ValveBiped.HandControlRotL" 110
112 "ValveBiped.HandControlRotL1" 111
113 "ValveBiped.HandControlRotConstrainerL" 112
114 "ValveBiped.HandControlPosParentR" 1
115 "ValveBiped.HandControlPosR" 114
116 "ValveBiped.ArmRollR_Point_ClsCtr" 115
117 "ValveBiped.ArmRollR" 114
118 "ValveBiped.lArmUpVParent1" 117
119 "ValveBiped.rArmUpV" 118
120 "ValveBiped.HandControlRotGrandmaR" 1
121 "ValveBiped.HandControlRotParentR" 120
122 "ValveBiped.HandControlRotR" 121
123 "ValveBiped.HandControlRotR1" 122
124 "ValveBiped.HandControlRotConstrainerR" 123
125 "ValveBiped.LegRollControlParent_L" 1
126 "ValveBiped.LegRollL" 125
127 "ValveBiped.LUpVParent" 126
128 "ValveBiped.LeftLeg_UpV" 127
129 "ValveBiped.LegRollControlParent_R" 1
130 "ValveBiped.LegRollR" 129
131 "ValveBiped.RUpVParent" 130
132 "ValveBiped.RightLeg_UpV" 131
133 "Scene_Root" -1
134 "Nam_Vet" 133
end
skeleton
time 0
0 0.000000 0.000000 0.000000 1.570796 0.000000 0.000000
1 0.000000 -0.000000 0.578462 1.570796 0.000000 0.000000
2 -0.000000 37.739231 -0.516773 0.000000 0.000000 0.000000
3 0.000000 0.000000 0.000000 0.000000 0.000000 0.000000
4 3.625659 0.000000 0.000000 -1.670471 0.058055 -1.519283
5 18.345816 0.000000 0.000000 0.000000 0.000000 0.000000
6 16.751524 0.000000 -0.000000 -0.077030 -0.068757 -1.299215
7 5.943488 0.000000 0.000000 0.020295 -0.027709 -0.336371
8 -3.625659 0.000000 0.000000 -1.471122 0.058055 -1.622309
9 18.345816 -0.000000 0.000000 0.000000 -0.000000 -0.000000
10 16.751524 0.000000 0.000000 0.088733 0.068757 -1.299215
11 5.943488 0.000000 -0.000000 -0.111841 0.023845 -0.336656
12 0.000000 4.043965 -0.017929 1.570796 0.083193 1.570796
13 3.995837 -0.000000 0.000000 -0.000000 0.000000 -0.171967
14 3.698241 0.000000 0.000000 0.000000 -0.000000 -0.015830
15 5.700891 -0.000000 0.000000 0.000000 -0.000000 0.495179
16 5.352855 0.000000 0.000000 3.141590 -0.000000 0.250601
17 4.461817 0.000000 -0.000000 0.000000 -0.000001 0.463832
18 4.065389 1.458947 1.500000 0.877508 -1.114834 -2.566259
19 5.507360 -0.000000 0.000000 -1.384889 -0.344361 -0.770833
20 10.907398 0.000000 0.000000 -0.000000 -0.000000 -0.125707
21 10.424320 -0.000007 -0.000032 1.373047 0.113574 0.124314
22 2.997273 0.005409 -1.477472 0.204944 0.143350 -0.226721
23 1.510383 -0.000000 0.000000 0.011404 0.016672 -0.599950
24 0.808652 0.000000 0.000000 -0.054473 -0.175380 -0.302889
25 3.305792 0.203111 -0.546730 0.197883 0.103919 -0.292835
26 1.807175 0.000000 0.000000 -0.051969 -0.088374 -0.532552
27 0.966142 0.000000 0.000000 0.002415 0.009757 -0.242679
28 3.571509 0.109302 0.409580 0.187279 0.067956 -0.258153
29 2.150657 0.000000 0.000000 -0.042077 -0.053977 -0.662652
30 1.152751 -0.000000 0.000000 0.001897 0.012019 -0.156562
31 3.684094 -0.158702 1.419182 0.180689 0.034228 -0.204094
32 1.701014 0.000000 0.000000 0.051327 0.064037 -0.676424
33 0.994707 -0.000000 -0.000000 0.001277 0.038560 -0.033101
34 1.068071 -1.287203 0.981903 1.693867 -0.344560 -0.124114
35 1.836304 0.000000 0.000000 0.000000 -0.188119 -0.185284
36 1.223945 0.000000 -0.000000 -0.000000 -0.040646 0.196333
37 4.065389 1.458947 -1.500000 -0.952658 1.114834 -2.566259
38 5.507360 0.000000 0.000000 1.443300 0.396163 -0.749684
39 10.907398 -0.000000 0.000000 0.000000 -0.000000 -0.125707
40 10.424302 -0.000004 0.000017 -1.376663 -0.113578 0.124313
41 2.997291 0.000064 1.477481 -0.201327 -0.143351 -0.226717
42 1.510383 0.000000 0.000000 -0.011404 -0.016672 -0.599950
43 0.808652 -0.000000 0.000000 0.054473 0.175380 -0.302889
44 3.305810 0.201132 0.547461 -0.194266 -0.103921 -0.292831
45 1.807175 0.000000 -0.000000 0.051969 0.088374 -0.532552
46 0.966142 -0.000000 0.000000 -0.002415 -0.009757 -0.242679
47 3.571527 0.110783 -0.409181 -0.183663 -0.067958 -0.258150
48 2.150657 0.000000 0.000000 0.042077 0.053977 -0.662652
49 1.152751 0.000000 0.000000 -0.001897 -0.012019 -0.156562
50 3.684115 -0.153567 -1.419746 -0.177072 -0.034229 -0.204090
51 1.701014 0.000000 0.000000 -0.051327 -0.064037 -0.676424
52 0.994707 0.000000 0.000000 -0.001277 -0.038560 -0.033101
53 1.068095 -1.283653 -0.986553 -1.690054 0.345004 -0.122821
54 1.836304 -0.000000 0.000000 0.000000 0.188119 -0.185284
55 1.223945 0.000000 0.000000 -0.000000 0.040646 0.196333
56 5.430069 2.782078 -2.553513 0.000000 0.000000 0.000000
57 0.000000 -0.040000 0.000000 0.000000 0.191043 0.000000
58 0.032300 -4.377939 -4.331139 0.000000 0.000000 0.000000
59 -0.002340 -2.681231 4.755993 0.000000 0.000937 -0.001514
60 0.000000 0.000000 0.000000 0.000000 0.000000 0.000000
61 0.308755 -2.612588 -1.913832 -0.000000 0.000000 0.000000
62 -0.247286 0.797689 9.939652 0.000000 0.000937 -0.001514
63 -0.059174 -0.042852 -2.380157 0.000000 0.000000 0.000000
64 0.002476 1.857656 -5.645720 0.000000 0.000000 0.000000
65 0.000000 0.000000 0.000000 0.000000 0.000000 0.000000
66 0.000000 0.000000 0.000000 -0.000000 -0.000000 -0.000000
67 0.000000 0.000000 0.000000 0.000000 0.000000 0.000000
68 0.061469 -1.814899 8.025820 0.000000 0.000937 -0.001514
69 8.000000 0.000000 -0.000000 0.000000 -0.191043 0.000000
70 -5.430069 2.782078 -2.553513 0.000000 0.000000 0.000000
71 0.000000 -0.040000 0.000000 0.000000 -0.191043 0.000000
72 0.032300 -4.377939 -4.331139 0.000000 0.000000 0.000000
73 -0.062978 -2.675276 4.776111 -0.000000 0.000937 -0.001514
74 0.000000 0.000000 0.000000 0.000000 0.000000 0.000000
75 -0.308755 -2.612588 -1.913832 -0.000000 0.000000 0.000000
76 0.247286 0.797689 9.939652 0.000000 0.000937 -0.001514
77 0.063764 -0.042666 -2.380042 0.000000 0.000000 0.000000
78 0.002476 1.857656 -5.645720 0.000000 0.000000 0.000000
79 -0.000000 0.000000 0.000000 -0.000000 -0.000000 -0.000000
80 0.000000 0.000000 0.000000 0.000000 -0.000000 0.000000
81 0.000000 0.000000 0.000000 0.000000 0.000000 0.000000
82 -0.061469 -1.814899 8.025820 -0.001317 -0.008193 0.060728
83 -8.000000 0.000000 -0.000000 0.000000 0.191043 0.000000
84 0.000156 39.987263 -0.385905 0.000000 0.000000 0.000000
85 -0.000156 -2.248031 -0.130868 0.000000 0.000000 0.000000
86 0.000000 4.043965 -0.017929 1.570796 0.083193 1.570796
87 0.000000 0.000000 0.000000 0.000000 0.000000 0.000000
88 0.000000 0.000000 0.000000 -0.000000 -0.000000 0.000000
89 3.995837 0.000000 0.000000 -0.000000 -0.000000 0.000000
90 0.000000 0.000000 -0.000000 -0.000000 0.000000 -0.171967
91 3.643692 -0.632847 0.000000 0.000000 0.000000 0.000000
92 0.000000 0.000000 0.000000 -0.000000 -0.000000 -0.187797
93 5.600657 -1.064331 0.000000 0.000000 0.000000 0.000000
94 0.000000 0.000000 0.000000 -0.000000 -0.000000 0.307382
95 5.101961 1.619582 0.000000 0.000000 0.000000 0.000000
96 0.000000 0.000000 0.000000 3.141590 -0.000000 0.557983
97 3.785071 2.362425 0.000000 0.000000 0.000000 0.000000
98 -0.000000 -0.000000 -0.000000 3.141591 0.000000 0.094151
99 3.433415 2.620605 1.500000 0.877508 -1.114834 -2.258878
100 -0.000000 0.000000 0.000000 0.000000 -0.000000 0.000000
101 3.433415 2.620605 -1.500000 -0.952658 1.114834 -2.258878
102 0.000000 0.000000 0.000000 -0.000000 -0.000000 0.000000
103 6.444716 56.785496 -2.738807 0.000000 0.000000 0.000000
104 10.134529 -18.500153 2.878308 0.000000 0.000000 0.000000
105 0.000000 9.000000 0.000000 0.000000 0.000000 0.000000
106 0.000000 0.000000 0.000000 0.000000 0.000000 0.000000
107 -0.000000 0.000000 -10.000000 -0.000000 -0.000000 -0.000000
108 0.000000 0.000000 0.000000 0.000000 0.000000 0.000000
109 11.670675 47.245728 -1.930389 -1.570796 -0.199892 -1.069638
110 10.424320 -0.000007 -0.000032 1.562215 0.113574 0.124314
111 0.000000 0.000000 0.000000 0.000000 -0.000000 0.000000
112 0.000000 0.000000 0.000000 0.000000 0.000000 0.000000
113 0.000000 0.000000 0.000000 -0.189168 -0.000000 0.000000
114 -6.444716 56.785496 -2.738807 0.000000 0.000000 0.000000
115 -10.134529 -18.500153 2.878308 0.000000 0.000000 0.000000
116 0.000000 9.000000 0.000000 0.000000 0.000000 0.000000
117 -0.000002 0.000023 0.000003 0.000000 0.000000 0.000000
118 0.000002 -0.000023 -10.000003 -3.141593 -3.141593 3.141593
119 0.000000 0.000000 0.000000 0.000000 0.000000 0.000000
120 -11.670675 47.245728 -1.930389 -1.570796 -0.199892 -2.071955
121 10.424302 -0.000004 0.000017 -1.562215 -0.113578 0.124313
122 0.000000 0.000000 0.000000 -0.000000 -0.000000 -0.000000
123 0.000000 0.000000 0.000000 0.000000 0.000000 0.000000
124 -0.000000 -0.000000 0.000000 0.185551 -0.000000 -0.000000
125 3.625659 37.739231 -0.516773 0.000000 0.000000 0.000000
126 0.000000 0.000000 0.000000 0.000000 0.000000 0.000000
127 0.000000 0.000000 -10.000000 0.000000 0.000000 0.000000
128 -1.000000 0.000000 0.000000 0.000000 0.000000 0.000000
129 -3.625659 37.739231 -0.516773 0.000000 0.000000 0.000000
130 0.000000 0.000000 0.000000 0.000000 0.000000 0.000000
131 0.000000 0.000000 -10.000000 -0.000000 0.000000 0.000000
132 -1.000000 0.000000 0.000000 0.000000 0.000000 0.000000
133 0.000000 0.000000 0.000000 1.570796 0.000000 0.000000
134 0.000000 0.000000 0.000000 0.000000 0.000000 0.000000
end
triangles
noIcon.pic
0 -6.722048 -2.856807 36.208721 0.375138 -0.073841 0.924023 0.341085 0.513906 1 8 1.000000 
0 -4.118045 -3.546000 35.096462 0.375138 -0.073841 0.924023 0.388376 0.445854 1 8 1.000000 
0 -4.118045 0.303214 35.404064 0.375138 -0.073841 0.924023 0.256091 0.448988 1 8 1.000000 
noIcon.pic
0 -6.941211 -1.349930 20.863405 -0.726475 -0.684812 -0.057145 0.322140 0.135638 1 8 1.000000 
0 -4.684876 -2.053272 20.807198 0.005090 -0.994381 -0.105740 0.364974 0.102654 1 8 1.000000 
0 -4.118045 -3.546000 35.096462 0.005090 -0.994381 -0.105740 0.388376 0.445854 1 8 1.000000 
noIcon.pic
0 -6.941211 -1.349930 20.863405 -0.726475 -0.684812 -0.057145 0.322140 0.135638 1 8 1.000000 
0 -4.118045 -3.546000 35.096462 0.005090 -0.994381 -0.105740 0.388376 0.445854 1 8 1.000000 
0 -6.722048 -2.856807 36.208721 -0.726475 -0.684812 -0.057145 0.341085 0.513906 1 8 1.000000 
noIcon.pic
0 -2.585422 -1.349930 20.863405 -0.000000 0.079659 -0.996822 0.399546 0.076032 1 8 1.000000 
0 -4.684876 -2.053272 20.807198 -0.000000 0.079659 -0.996822 0.364974 0.102654 1 8 1.000000 
0 -4.684876 1.448444 21.087030 -0.000000 0.079659 -0.996822 0.274742 0.086608 1 8 1.000000 
noIcon.pic
0 -6.382712 -0.381459 53.163544 0.997497 -0.048355 0.051600 0.248706 0.894864 1 38 1.000000 
0 -6.382712 2.330746 53.163544 0.993957 -0.017623 -0.108347 0.191140 0.887215 1 38 1.000000 
0 -7.467533 2.329984 56.188656 0.940951 -0.000007 0.338543 0.202765 0.896826 1 38 1.000000 
noIcon.pic
0 16.723591 1.346846 31.786245 -0.003141 -0.168104 -0.985764 0.229449 0.494334 1 21 1.000000 
0 19.029423 1.345855 31.779068 -0.003141 -0.168104 -0.985764 0.226826 0.498776 1 21 1.000000 
0 19.029423 -3.157735 32.547073 -0.003141 -0.168104 -0.985764 0.246979 0.500721 1 21 1.000000 
noIcon.pic
0 16.723591 1.346846 31.786245 -0.003141 -0.168104 -0.985764 0.229449 0.494334 1 21 1.000000 
0 19.029423 -3.157735 32.547073 -0.003141 -0.168104 -0.985764 0.246979 0.500721 1 21 1.000000 
0 16.723591 -3.156744 32.554253 -0.003141 -0.168104 -0.985764 0.245579 0.494298 1 21 1.000000 
noIcon.pic
0 -6.193990 4.767548 58.492607 -0.312060 0.104365 0.944313 0.197117 0.746480 1 37 1.000000 
0 -7.469340 0.954135 58.492607 -0.312060 0.104365 0.944313 0.232766 0.747844 1 37 1.000000 
0 -2.612418 -0.785890 60.289944 -0.312060 0.104365 0.944313 0.257314 0.895566 1 37 1.000000 
noIcon.pic
0 -6.193990 4.767548 58.492607 -0.312060 0.104365 0.944313 0.197117 0.746480 1 37 1.000000 
0 -2.612418 -0.785890 60.289944 -0.312060 0.104365 0.944313 0.257314 0.895566 1 37 1.000000 
0 -1.337068 3.027522 60.289944 -0.312060 0.104365 0.944313 0.161761 0.888121 1 37 1.000000 
noIcon.pic
0 -13.113859 3.653961 48.169609 0.487742 0.197791 0.850286 0.196410 0.732195 1 39 1.000000 
0 -13.632403 2.149453 48.815502 0.487235 0.197279 0.850696 0.208319 0.735854 1 39 1.000000 
0 -11.682100 1.903630 47.755478 0.487234 0.196832 0.850800 0.214539 0.741706 1 39 1.000000 
noIcon.pic
0 -16.723591 -3.156744 32.554253 0.971065 -0.036835 -0.235956 0.245579 0.494298 1 40 1.000000 
0 -16.723591 1.346846 31.786245 0.971065 -0.036835 -0.235956 0.229449 0.494334 1 40 1.000000 
0 -15.320684 1.454818 37.607941 0.971065 -0.036835 -0.235956 0.222214 0.579698 1 40 1.000000 
noIcon.pic
0 -16.723591 -3.156744 32.554253 0.971065 -0.036835 -0.235956 0.245579 0.494298 1 40 1.000000 
0 -15.320684 1.454818 37.607941 0.971065 -0.036835 -0.235956 0.222214 0.579698 1 40 1.000000 
0 -15.320684 -2.130038 38.102619 0.971065 -0.036835 -0.235956 0.244925 0.580820 1 40 1.000000 
noIcon.pic
0 -7.039791 0.162784 52.469143 0.022297 0.230715 0.972766 0.256783 0.882495 1 13 1.000000 
0 -4.631546 -3.654910 53.256466 0.011389 0.228228 0.973541 0.375558 0.886762 1 13 1.000000 
0 0.000000 0.339693 52.265823 0.000000 0.245072 0.969505 -0.052419 0.987010 1 13 1.000000 
noIcon.pic
0 -6.778778 -0.098462 41.948658 -0.036196 0.246537 -0.968457 0.261991 0.736776 1 13 1.000000 
0 -4.305425 4.097380 43.267979 -0.044046 0.309806 -0.949779 0.138275 0.789440 1 13 1.000000 
0 0.000000 -0.159635 41.679729 -0.000000 0.246983 -0.969020 0.577366 0.970634 1 13 1.000000 
noIcon.pic
0 -7.469340 0.954135 58.492607 -0.896781 0.299918 -0.325319 0.232766 0.747844 1 37 1.000000 
0 -6.193990 4.767548 58.492607 -0.896781 0.299918 -0.325319 0.197117 0.746480 1 37 1.000000 
0 -6.456164 2.735260 57.341717 -0.896781 0.299918 -0.325319 0.213205 0.750101 1 37 1.000000 
noIcon.pic
0 -4.252344 4.117292 42.743980 -0.668738 0.738971 0.081922 0.144803 0.809039 1 3 1.000000 
0 0.000000 5.590272 42.849884 0.000000 0.999862 0.016629 -0.014842 0.829286 1 3 1.000000 
0 0.000000 5.472635 34.564789 0.000000 0.999862 0.016629 -0.015080 0.289531 1 3 1.000000 
noIcon.pic
0 -4.252344 4.117292 42.743980 -0.668738 0.738971 0.081922 0.144803 0.809039 1 3 1.000000 
0 0.000000 5.472635 34.564789 0.000000 0.999862 0.016629 -0.015080 0.289531 1 3 1.000000 
0 -5.244880 4.224150 34.564789 -0.668738 0.738971 0.081922 0.141889 0.301056 1 3 1.000000 
noIcon.pic
0 0.000000 5.590272 42.849884 0.000000 -0.075655 0.997134 0.985158 0.829286 1 3 1.000000 
0 -4.252344 4.117292 42.743980 0.000686 -0.076226 0.997090 0.144803 0.809039 1 3 1.000000 
0 0.000000 -0.968364 42.352261 0.000000 -0.064645 0.997908 0.550846 0.952030 1 3 1.000000 
noIcon.pic
0 -15.312822 -1.563216 38.692726 -0.487399 -0.229083 -0.842593 0.243751 0.596732 1 39 1.000000 
0 -16.477831 -1.807803 39.433517 -0.487235 -0.229285 -0.842633 0.240356 0.598642 1 39 1.000000 
0 -16.478615 -0.082963 38.964630 -0.487235 -0.228923 -0.842732 0.233296 0.595263 1 39 1.000000 
noIcon.pic
0 -15.320684 1.454818 37.607941 0.359227 0.172506 0.917168 0.222214 0.579698 1 40 1.000000 
0 -18.180408 1.581642 38.527016 0.259650 0.176940 0.949355 0.219493 0.581692 1 40 1.000000 
0 -16.655962 -0.177496 38.437943 0.310181 0.131829 0.941493 0.235757 0.582084 1 40 1.000000 
noIcon.pic
0 -2.612418 -0.785890 60.289944 0.896781 -0.299918 0.325319 0.257314 0.895566 1 37 1.000000 
0 -1.861416 -1.037054 57.988163 0.896781 -0.299918 0.325319 0.258599 0.896247 1 37 1.000000 
0 -1.599242 0.995234 59.139053 0.896781 -0.299918 0.325319 0.202765 0.896826 1 37 1.000000 
noIcon.pic
0 -17.644407 1.354474 39.248169 -0.487067 -0.228764 -0.842872 0.223185 0.593322 1 39 1.000000 
0 -16.476652 1.599062 38.507385 -0.487235 -0.228550 -0.842833 0.226315 0.591357 1 39 1.000000 
0 -16.478615 -0.082963 38.964630 -0.487235 -0.228923 -0.842732 0.233296 0.595263 1 39 1.000000 
noIcon.pic
0 -3.604704 5.010542 61.594769 -0.203086 -0.249103 0.946944 0.104756 0.936353 1 14 1.000000 
0 -6.010306 2.437191 60.533993 -0.400345 -0.447148 0.799864 0.222157 0.944465 1 14 1.000000 
0 0.000000 1.685446 61.493149 -0.000000 -0.280608 0.959822 -0.041127 0.989903 1 14 1.000000 
noIcon.pic
0 -6.193990 4.767548 58.492607 -0.896781 0.299918 -0.325319 0.197117 0.746480 1 37 1.000000 
0 -5.442987 4.516384 56.190826 -0.896781 0.299918 -0.325319 0.192634 0.749406 1 37 1.000000 
0 -6.456164 2.735260 57.341717 -0.896781 0.299918 -0.325319 0.213205 0.750101 1 37 1.000000 
noIcon.pic
0 -1.695097 3.506468 34.676369 0.375138 -0.073841 0.924023 0.069145 0.369138 1 8 1.000000 
0 -4.118045 4.201498 35.715588 0.375138 -0.073841 0.924023 0.118940 0.444930 1 8 1.000000 
0 -4.118045 0.303214 35.404064 0.375138 -0.073841 0.924023 0.256091 0.448988 1 8 1.000000 
noIcon.pic
0 -4.305425 -3.793571 41.203587 -0.622635 -0.782466 0.008529 0.385132 0.686789 1 13 1.000000 
0 0.000000 -5.725743 40.590252 0.000000 -0.999545 0.030153 0.505520 0.651838 1 13 1.000000 
0 0.000000 -4.989814 53.587513 0.000000 -0.999545 0.030153 0.505564 0.894477 1 13 1.000000 
noIcon.pic
0 -4.305425 -3.793571 41.203587 -0.622635 -0.782466 0.008529 0.385132 0.686789 1 13 1.000000 
0 0.000000 -4.989814 53.587513 0.000000 -0.999545 0.030153 0.505564 0.894477 1 13 1.000000 
0 -4.631546 -3.654910 53.256466 -0.622635 -0.782466 0.008529 0.375558 0.886762 1 13 1.000000 
noIcon.pic
0 -6.382712 5.036973 53.163544 0.998217 0.025050 0.054182 0.140588 0.880499 1 38 1.000000 
0 -7.470633 5.036973 56.187401 0.940945 0.001235 0.338557 0.167903 0.887939 1 38 1.000000 
0 -7.467533 2.329984 56.188656 0.940951 -0.000007 0.338543 0.202765 0.896826 1 38 1.000000 
noIcon.pic
0 -15.320684 1.454818 37.607941 0.359227 0.172506 0.917168 0.222214 0.579698 1 40 1.000000 
0 -16.655962 -0.177496 38.437943 0.310181 0.131829 0.941493 0.235757 0.582084 1 40 1.000000 
0 -15.320684 -2.130038 38.102619 0.359270 0.086104 0.929253 0.244925 0.580820 1 40 1.000000 
noIcon.pic
0 7.743904 0.741699 -0.015295 0.962198 0.272309 0.004729 0.225348 0.542726 1 6 1.000000 
0 7.804055 0.404335 3.952756 0.962198 0.272309 0.004729 0.222749 0.544871 1 6 1.000000 
0 8.823592 -4.678369 1.706564 0.980659 0.195720 0.001168 0.226826 0.498776 1 6 1.000000 
noIcon.pic
0 7.743904 0.741699 -0.015295 0.962198 0.272309 0.004729 0.225348 0.542726 1 6 1.000000 
0 8.823592 -4.678369 1.706564 0.980659 0.195720 0.001168 0.226826 0.498776 1 6 1.000000 
0 8.934822 -5.237709 -0.015225 0.980659 0.195720 0.001168 0.229449 0.494334 1 6 1.000000 
noIcon.pic
0 -4.294206 6.328268 57.893520 -0.600323 0.762761 0.240433 0.117126 0.894587 1 14 1.000000 
0 -6.453197 2.426945 57.893520 -0.974596 -0.079195 0.209502 0.250147 0.900667 1 14 1.000000 
0 -6.010306 2.437191 60.533993 -0.809659 0.529240 0.253689 0.222157 0.944465 1 14 1.000000 
noIcon.pic
0 -4.294206 6.328268 57.893520 -0.600323 0.762761 0.240433 0.117126 0.894587 1 14 1.000000 
0 -6.010306 2.437191 60.533993 -0.809659 0.529240 0.253689 0.222157 0.944465 1 14 1.000000 
0 -3.604704 5.010542 61.594769 -0.546985 0.741809 0.387977 0.104756 0.936353 1 14 1.000000 
noIcon.pic
0 -4.612149 5.732543 51.670696 -0.350434 0.674738 -0.649558 0.138140 0.880050 1 14 1.000000 
0 -6.793908 0.934082 48.710049 -0.998994 -0.032876 0.030486 0.253768 0.858650 1 14 1.000000 
0 -6.584416 1.942967 53.445175 -0.996007 -0.050209 0.073814 0.251542 0.884485 1 14 1.000000 
noIcon.pic
0 -4.612149 5.732543 51.670696 -0.350434 0.674738 -0.649558 0.138140 0.880050 1 14 1.000000 
0 -6.584416 1.942967 53.445175 -0.996007 -0.050209 0.073814 0.251542 0.884485 1 14 1.000000 
0 -4.472317 6.942173 53.852669 -0.634245 0.761667 -0.132651 0.128898 0.886444 1 14 1.000000 
noIcon.pic
0 -8.627746 5.036973 59.403099 0.940772 0.000617 0.339040 0.194376 0.895149 1 38 1.000000 
0 -8.627746 2.330746 59.403099 0.940606 -0.000000 0.339500 0.228652 0.895624 1 38 1.000000 
0 -7.467533 2.329984 56.188656 0.940951 -0.000007 0.338543 0.202765 0.896826 1 38 1.000000 
noIcon.pic
0 -10.169268 3.920283 47.294327 0.073858 0.986482 -0.146284 0.188319 0.747628 1 38 1.000000 
0 -11.472207 4.644194 47.945110 -0.057577 0.996058 -0.067478 0.199335 0.747400 1 38 1.000000 
0 -7.470633 5.036973 56.187401 -0.057577 0.996058 -0.067478 0.167903 0.887939 1 38 1.000000 
noIcon.pic
0 -10.169268 3.920283 47.294327 0.073858 0.986482 -0.146284 0.188319 0.747628 1 38 1.000000 
0 -7.470633 5.036973 56.187401 -0.057577 0.996058 -0.067478 0.167903 0.887939 1 38 1.000000 
0 -6.382712 5.036973 53.163544 0.073858 0.986482 -0.146284 0.140588 0.880499 1 38 1.000000 
noIcon.pic
0 -12.760589 4.123905 48.761932 -0.496542 -0.119436 -0.859756 0.209969 0.747180 1 38 1.000000 
0 -11.472207 4.644194 47.945110 -0.496370 -0.119595 -0.859834 0.199335 0.747400 1 38 1.000000 
0 -11.471635 2.026496 48.308880 -0.496370 -0.119242 -0.859883 0.213205 0.750101 1 38 1.000000 
noIcon.pic
0 -6.793908 0.934082 48.710049 -0.091810 0.345685 -0.933848 0.253768 0.858650 1 14 1.000000 
0 -4.612149 5.732543 51.670696 -0.350434 0.674738 -0.649558 0.138140 0.880050 1 14 1.000000 
0 0.000000 1.052266 48.085861 -0.000000 0.346206 -0.938159 -0.048304 0.983184 1 14 1.000000 
noIcon.pic
0 -6.861585 0.233234 4.331700 -0.054191 -0.275312 -0.959826 0.263526 0.060750 1 9 1.000000 
0 -7.754672 2.624901 3.696109 -0.054191 -0.275312 -0.959826 0.210531 0.066373 1 9 1.000000 
0 -5.257683 2.632166 3.553048 -0.054191 -0.275312 -0.959826 0.192046 0.045589 1 9 1.000000 
noIcon.pic
0 -17.644407 1.354474 39.248169 -0.636671 0.761167 0.123587 0.223185 0.593322 1 39 1.000000 
0 -18.020102 0.142502 39.794613 -0.901999 0.109676 0.417576 0.230178 0.596931 1 39 1.000000 
0 -13.632403 2.149453 48.815502 -0.901999 0.109676 0.417576 0.208319 0.735854 1 39 1.000000 
noIcon.pic
0 -17.644407 1.354474 39.248169 -0.636671 0.761167 0.123587 0.223185 0.593322 1 39 1.000000 
0 -13.632403 2.149453 48.815502 -0.901999 0.109676 0.417576 0.208319 0.735854 1 39 1.000000 
0 -13.113859 3.653961 48.169609 -0.636671 0.761167 0.123587 0.196410 0.732195 1 39 1.000000 
noIcon.pic
0 -6.778778 -0.098462 41.948658 -0.996792 -0.060848 -0.051982 0.261991 0.736776 1 13 1.000000 
0 -4.305425 -3.793571 41.203587 -0.622635 -0.782466 0.008529 0.385132 0.686789 1 13 1.000000 
0 -4.631546 -3.654910 53.256466 -0.622635 -0.782466 0.008529 0.375558 0.886762 1 13 1.000000 
noIcon.pic
0 -6.778778 -0.098462 41.948658 -0.996792 -0.060848 -0.051982 0.261991 0.736776 1 13 1.000000 
0 -4.631546 -3.654910 53.256466 -0.622635 -0.782466 0.008529 0.375558 0.886762 1 13 1.000000 
0 -7.039791 0.162784 52.469143 -0.996792 -0.060848 -0.051982 0.256783 0.882495 1 13 1.000000 
noIcon.pic
0 -4.631546 -3.654910 53.256466 0.011389 0.228228 0.973541 0.375558 0.886762 1 13 1.000000 
0 0.000000 -4.989814 53.587513 0.000000 0.240703 0.970599 0.505564 0.894477 1 13 1.000000 
0 0.000000 0.339693 52.265823 0.000000 0.245072 0.969505 0.947581 0.987010 1 13 1.000000 
noIcon.pic
0 -12.760589 0.147616 49.313622 -0.496684 -0.119010 -0.859733 0.235223 0.747616 1 38 1.000000 
0 -13.165715 2.162283 49.267960 -0.496368 -0.119303 -0.859875 0.222622 0.747399 1 38 1.000000 
0 -11.471635 2.026496 48.308880 -0.496370 -0.119242 -0.859883 0.213205 0.750101 1 38 1.000000 
noIcon.pic
0 0.000000 -5.725743 40.590252 0.000000 0.192089 -0.981377 0.505520 0.651838 1 13 1.000000 
0 -4.305425 -3.793571 41.203587 -0.045504 0.182598 -0.982134 0.385132 0.686789 1 13 1.000000 
0 0.000000 -0.159635 41.679729 -0.000000 0.246983 -0.969020 0.577366 0.970634 1 13 1.000000 
noIcon.pic
0 -1.670779 2.819102 64.508186 -0.300523 0.520148 -0.799457 0.122972 0.987846 1 17 1.000000 
0 0.000000 3.268327 64.636185 0.000000 0.622848 -0.782343 0.973590 0.984776 1 17 1.000000 
0 0.000000 0.903659 63.962898 0.000000 0.275104 -0.961415 0.558392 0.992825 1 17 1.000000 
noIcon.pic
0 -2.585422 -1.349930 20.863405 0.727122 -0.676524 -0.116656 0.399546 0.076032 1 8 1.000000 
0 -1.908910 1.448444 21.087030 0.997278 0.004024 -0.073625 0.258393 0.065413 1 8 1.000000 
0 -0.914344 0.406493 34.111668 0.997278 0.004024 -0.073625 0.273031 0.373840 1 8 1.000000 
noIcon.pic
0 -2.585422 -1.349930 20.863405 0.727122 -0.676524 -0.116656 0.399546 0.076032 1 8 1.000000 
0 -0.914344 0.406493 34.111668 0.997278 0.004024 -0.073625 0.273031 0.373840 1 8 1.000000 
0 -1.695097 -2.694751 34.180809 0.727122 -0.676524 -0.116656 0.435810 0.377594 1 8 1.000000 
noIcon.pic
0 -1.670779 2.819102 64.508186 -0.300523 0.520148 -0.799457 0.122972 0.987846 1 17 1.000000 
0 -2.334481 0.903661 63.962891 -0.878344 0.142081 -0.456426 0.324041 0.985281 1 17 1.000000 
0 -3.293801 0.476629 65.463295 -0.929808 0.099654 -0.354298 0.284159 0.970547 1 17 1.000000 
noIcon.pic
0 -1.670779 2.819102 64.508186 -0.300523 0.520148 -0.799457 0.122972 0.987846 1 17 1.000000 
0 -3.293801 0.476629 65.463295 -0.929808 0.099654 -0.354298 0.284159 0.970547 1 17 1.000000 
0 -2.159266 3.625894 66.359856 -0.626512 0.718771 -0.301413 0.108227 0.968819 1 17 1.000000 
noIcon.pic
0 -6.722048 3.344412 36.704277 0.375138 -0.073841 0.924023 0.164412 0.514143 1 8 1.000000 
0 -7.502801 0.194099 36.769497 0.375138 -0.073841 0.924023 0.255522 0.514021 1 8 1.000000 
0 -4.118045 0.303214 35.404064 0.375138 -0.073841 0.924023 0.256091 0.448988 1 8 1.000000 
noIcon.pic
0 0.000000 5.401637 43.439262 0.000000 0.985568 -0.169279 -0.008772 0.823226 1 13 1.000000 
0 -4.305425 4.097380 43.267979 -0.610913 0.780007 -0.135548 0.138275 0.789440 1 13 1.000000 
0 -4.726436 5.701000 51.013012 -0.610913 0.780007 -0.135548 0.127341 0.877821 1 13 1.000000 
noIcon.pic
0 0.000000 5.401637 43.439262 0.000000 0.985568 -0.169279 -0.008772 0.823226 1 13 1.000000 
0 -4.726436 5.701000 51.013012 -0.610913 0.780007 -0.135548 0.127341 0.877821 1 13 1.000000 
0 0.000000 6.260891 50.552887 0.000000 0.985568 -0.169279 -0.005482 0.874174 1 13 1.000000 
noIcon.pic
0 -3.622962 0.233234 4.148851 -0.054191 -0.275312 -0.959826 0.273604 0.025147 1 9 1.000000 
0 -5.203012 -0.376188 4.412862 -0.054191 -0.275312 -0.959826 0.269264 0.040477 1 9 1.000000 
0 -5.257683 2.632166 3.553048 -0.054191 -0.275312 -0.959826 0.192046 0.045589 1 9 1.000000 
noIcon.pic
0 -1.670779 -1.874756 63.162514 -0.718004 -0.443865 -0.536148 0.462426 0.963544 1 17 1.000000 
0 0.000000 -2.962447 62.852943 0.000000 -0.798210 -0.602379 0.558245 0.962055 1 17 1.000000 
0 0.000000 -3.936915 64.381760 0.000000 -0.873084 -0.487570 0.594018 0.956313 1 17 1.000000 
noIcon.pic
0 -1.670779 -1.874756 63.162514 -0.718004 -0.443865 -0.536148 0.462426 0.963544 1 17 1.000000 
0 0.000000 -3.936915 64.381760 0.000000 -0.873084 -0.487570 0.594018 0.956313 1 17 1.000000 
0 -2.159266 -2.873855 64.691315 -0.724990 -0.530903 -0.438785 0.421166 0.958721 1 17 1.000000 
noIcon.pic
0 0.000000 4.897064 62.428577 0.000000 -0.279644 0.960104 -0.005697 0.929071 1 14 1.000000 
0 -3.604704 5.010542 61.594769 -0.203086 -0.249103 0.946944 0.104756 0.936353 1 14 1.000000 
0 0.000000 1.685446 61.493149 -0.000000 -0.280608 0.959822 -0.041127 0.989903 1 14 1.000000 
noIcon.pic
0 0.000000 7.627956 58.458416 0.000000 0.952301 0.305160 -0.004637 0.886245 1 14 1.000000 
0 -4.294206 6.328268 57.893520 -0.600323 0.762761 0.240433 0.117126 0.894587 1 14 1.000000 
0 -3.604704 5.010542 61.594769 -0.546985 0.741809 0.387977 0.104756 0.936353 1 14 1.000000 
noIcon.pic
0 0.000000 7.627956 58.458416 0.000000 0.952301 0.305160 -0.004637 0.886245 1 14 1.000000 
0 -3.604704 5.010542 61.594769 -0.546985 0.741809 0.387977 0.104756 0.936353 1 14 1.000000 
0 0.000000 4.897064 62.428577 0.000000 0.876214 0.481922 -0.005697 0.929071 1 14 1.000000 
noIcon.pic
0 -5.442987 4.516384 56.190826 0.335116 0.942154 0.006533 0.192634 0.749406 1 37 1.000000 
0 -6.193990 4.767548 58.492607 0.335116 0.942154 0.006533 0.197117 0.746480 1 37 1.000000 
0 -1.337068 3.027522 60.289944 0.335116 0.942154 0.006533 0.161761 0.888121 1 37 1.000000 
noIcon.pic
0 -5.442987 4.516384 56.190826 0.335116 0.942154 0.006533 0.192634 0.749406 1 37 1.000000 
0 -1.337068 3.027522 60.289944 0.335116 0.942154 0.006533 0.161761 0.888121 1 37 1.000000 
0 -0.586066 2.776358 57.988163 0.335116 0.942154 0.006533 0.151036 0.883245 1 37 1.000000 
noIcon.pic
0 0.000000 6.284795 51.519169 0.000000 0.715400 -0.698716 -0.006294 0.891863 1 14 1.000000 
0 -4.612149 5.732543 51.670696 -0.350434 0.674738 -0.649558 0.138140 0.880050 1 14 1.000000 
0 -4.472317 6.942173 53.852669 -0.634245 0.761667 -0.132651 0.128898 0.886444 1 14 1.000000 
noIcon.pic
0 0.000000 6.284795 51.519169 0.000000 0.715400 -0.698716 -0.006294 0.891863 1 14 1.000000 
0 -4.472317 6.942173 53.852669 -0.634245 0.761667 -0.132651 0.128898 0.886444 1 14 1.000000 
0 0.000000 7.954350 53.935173 0.000000 0.974902 -0.222635 -0.005588 0.889470 1 14 1.000000 
noIcon.pic
0 -2.334481 0.903661 63.962891 0.000004 0.275309 -0.961356 0.324041 0.985281 1 17 1.000000 
0 -1.670779 2.819102 64.508186 -0.300523 0.520148 -0.799457 0.122972 0.987846 1 17 1.000000 
0 0.000000 0.903659 63.962898 0.000000 0.275104 -0.961415 0.558392 0.992825 1 17 1.000000 
noIcon.pic
0 -4.612149 5.732543 51.670696 -0.350434 0.674738 -0.649558 0.138140 0.880050 1 14 1.000000 
0 0.000000 6.284795 51.519169 0.000000 0.715400 -0.698716 -0.006294 0.891863 1 14 1.000000 
0 0.000000 1.052266 48.085861 -0.000000 0.346206 -0.938159 -0.048304 0.983184 1 14 1.000000 
noIcon.pic
0 -12.760589 4.123905 48.761932 -0.918338 0.120571 0.376984 0.209969 0.747180 1 38 1.000000 
0 -13.165715 2.162283 49.267960 -0.922106 0.022992 0.386254 0.222622 0.747399 1 38 1.000000 
0 -8.627746 2.330746 59.403099 -0.922106 0.022992 0.386254 0.228652 0.895624 1 38 1.000000 
noIcon.pic
0 -12.760589 4.123905 48.761932 -0.918338 0.120571 0.376984 0.209969 0.747180 1 38 1.000000 
0 -8.627746 2.330746 59.403099 -0.922106 0.022992 0.386254 0.228652 0.895624 1 38 1.000000 
0 -8.627746 5.036973 59.403099 -0.918338 0.120571 0.376984 0.194376 0.895149 1 38 1.000000 
noIcon.pic
0 -7.097232 -0.167359 34.564789 0.000000 0.000000 -1.000000 0.268476 0.323564 1 3 1.000000 
0 -5.244880 4.224150 34.564789 0.000000 0.000000 -1.000000 0.141889 0.301056 1 3 1.000000 
0 0.000000 -0.167359 34.564789 0.000000 0.000000 -1.000000 0.591717 0.069887 1 3 1.000000 
noIcon.pic
0 7.804055 0.404335 3.952756 0.027533 -0.147465 0.988684 0.222749 0.544871 1 6 1.000000 
0 3.587280 -0.387584 3.952756 0.027533 -0.147465 0.988684 0.246762 0.541970 1 6 1.000000 
0 4.608748 -5.470132 1.705784 0.136155 -0.725232 0.674908 0.246979 0.500721 1 6 1.000000 
noIcon.pic
0 7.804055 0.404335 3.952756 0.027533 -0.147465 0.988684 0.222749 0.544871 1 6 1.000000 
0 4.608748 -5.470132 1.705784 0.136155 -0.725232 0.674908 0.246979 0.500721 1 6 1.000000 
0 8.823592 -4.678369 1.706564 0.136155 -0.725232 0.674908 0.226826 0.498776 1 6 1.000000 
noIcon.pic
0 0.000000 3.268327 64.636185 0.000000 0.622848 -0.782343 -0.026410 0.984776 1 17 1.000000 
0 -1.670779 2.819102 64.508186 -0.300523 0.520148 -0.799457 0.122972 0.987846 1 17 1.000000 
0 -2.159266 3.625894 66.359856 -0.626512 0.718771 -0.301413 0.108227 0.968819 1 17 1.000000 
noIcon.pic
0 0.000000 3.268327 64.636185 0.000000 0.622848 -0.782343 -0.026410 0.984776 1 17 1.000000 
0 -2.159266 3.625894 66.359856 -0.626512 0.718771 -0.301413 0.108227 0.968819 1 17 1.000000 
0 0.000000 4.364033 66.570107 0.000000 0.965066 -0.262006 -0.010393 0.963107 1 17 1.000000 
noIcon.pic
0 -13.113859 0.459542 48.910404 0.488574 0.195640 0.850306 0.223326 0.740465 1 39 1.000000 
0 -11.684803 -0.300813 48.260216 0.487232 0.194338 0.851374 0.228625 0.744686 1 39 1.000000 
0 -11.682100 1.903630 47.755478 0.487234 0.196832 0.850800 0.214539 0.741706 1 39 1.000000 
noIcon.pic
0 0.000000 2.449490 72.240387 0.000000 0.352491 0.935815 0.973590 0.988448 1 17 1.000000 
0 -1.670779 1.982385 72.240387 -0.268871 0.259048 0.927687 0.122972 0.990779 1 17 1.000000 
0 0.000000 -0.009162 72.240387 0.000000 -0.000000 1.000000 0.558392 0.994733 1 17 1.000000 
noIcon.pic
0 -6.941211 4.291457 21.314224 -0.000000 0.079659 -0.996822 0.206977 0.127473 1 8 1.000000 
0 -4.684876 4.994798 21.370430 -0.000000 0.079659 -0.996822 0.178055 0.091995 1 8 1.000000 
0 -4.684876 1.448444 21.087030 -0.000000 0.079659 -0.996822 0.274742 0.086608 1 8 1.000000 
noIcon.pic
0 -1.670779 -1.874756 63.162514 0.000780 0.276383 -0.961047 0.462426 0.963544 1 17 1.000000 
0 -2.334481 0.903661 63.962891 0.000004 0.275309 -0.961356 0.324041 0.985281 1 17 1.000000 
0 0.000000 0.903659 63.962898 0.000000 0.275104 -0.961415 0.558392 0.992825 1 17 1.000000 
noIcon.pic
0 -3.464850 -0.009162 70.885284 -0.898284 -0.040575 0.437538 0.284159 0.974905 1 17 1.000000 
0 -2.200867 -2.664217 70.885071 -0.633708 -0.610894 0.474577 0.418050 0.966239 1 17 1.000000 
0 -1.670779 -1.295364 72.240387 -0.297256 -0.268001 0.916414 0.440917 0.982270 1 17 1.000000 
noIcon.pic
0 -3.464850 -0.009162 70.885284 -0.898284 -0.040575 0.437538 0.284159 0.974905 1 17 1.000000 
0 -1.670779 -1.295364 72.240387 -0.297256 -0.268001 0.916414 0.440917 0.982270 1 17 1.000000 
0 -2.334481 -0.009162 72.240387 -0.415994 -0.020203 0.909143 0.324041 0.988932 1 17 1.000000 
noIcon.pic
0 -2.334481 0.903661 63.962891 -0.878344 0.142081 -0.456426 0.324041 0.985281 1 17 1.000000 
0 -1.670779 -1.874756 63.162514 -0.718004 -0.443865 -0.536148 0.462426 0.963544 1 17 1.000000 
0 -2.159266 -2.873855 64.691315 -0.724990 -0.530903 -0.438785 0.421166 0.958721 1 17 1.000000 
noIcon.pic
0 -2.334481 0.903661 63.962891 -0.878344 0.142081 -0.456426 0.324041 0.985281 1 17 1.000000 
0 -2.159266 -2.873855 64.691315 -0.724990 -0.530903 -0.438785 0.421166 0.958721 1 17 1.000000 
0 -3.293801 0.476629 65.463295 -0.929808 0.099654 -0.354298 0.284159 0.970547 1 17 1.000000 
noIcon.pic
0 0.000000 4.032325 70.885620 0.000000 0.864919 0.501912 -0.010393 0.968408 1 17 1.000000 
0 -2.200867 3.265237 70.885521 -0.619269 0.615527 0.487476 0.108227 0.973302 1 17 1.000000 
0 -1.670779 1.982385 72.240387 -0.268871 0.259048 0.927687 0.122972 0.990779 1 17 1.000000 
noIcon.pic
0 0.000000 4.032325 70.885620 0.000000 0.864919 0.501912 -0.010393 0.968408 1 17 1.000000 
0 -1.670779 1.982385 72.240387 -0.268871 0.259048 0.927687 0.122972 0.990779 1 17 1.000000 
0 0.000000 2.449490 72.240387 0.000000 0.352491 0.935815 -0.026410 0.988448 1 17 1.000000 
noIcon.pic
0 -2.585422 4.291457 21.314224 0.000000 0.079659 -0.996822 0.149722 0.057238 1 8 1.000000 
0 -1.908910 1.448444 21.087030 -0.000000 0.079659 -0.996822 0.258393 0.065413 1 8 1.000000 
0 -4.684876 1.448444 21.087030 -0.000000 0.079659 -0.996822 0.274742 0.086608 1 8 1.000000 
noIcon.pic
0 -19.029423 1.345855 31.779068 -0.991923 0.019564 0.125325 0.226826 0.498776 1 40 1.000000 
0 -19.029423 -3.157735 32.547073 -0.991923 0.019564 0.125325 0.246979 0.500721 1 40 1.000000 
0 -18.180408 -2.003214 39.021694 -0.991923 0.019564 0.125325 0.246540 0.583984 1 40 1.000000 
noIcon.pic
0 -19.029423 1.345855 31.779068 -0.991923 0.019564 0.125325 0.226826 0.498776 1 40 1.000000 
0 -18.180408 -2.003214 39.021694 -0.991923 0.019564 0.125325 0.246540 0.583984 1 40 1.000000 
0 -18.180408 1.581642 38.527016 -0.991923 0.019564 0.125325 0.219493 0.581692 1 40 1.000000 
noIcon.pic
0 -17.644407 -1.222189 39.948120 -0.487070 -0.229131 -0.842770 0.237073 0.600489 1 39 1.000000 
0 -18.020102 0.142502 39.794613 -0.487235 -0.228928 -0.842730 0.230178 0.596931 1 39 1.000000 
0 -16.478615 -0.082963 38.964630 -0.487235 -0.228923 -0.842732 0.233296 0.595263 1 39 1.000000 
noIcon.pic
0 -6.183283 -0.968364 42.352261 -0.993925 -0.025215 0.107131 0.280618 0.794344 1 3 1.000000 
0 -4.252344 4.117292 42.743980 -0.668738 0.738971 0.081922 0.144803 0.809039 1 3 1.000000 
0 -5.244880 4.224150 34.564789 -0.668738 0.738971 0.081922 0.141889 0.301056 1 3 1.000000 
noIcon.pic
0 -6.183283 -0.968364 42.352261 -0.993925 -0.025215 0.107131 0.280618 0.794344 1 3 1.000000 
0 -5.244880 4.224150 34.564789 -0.668738 0.738971 0.081922 0.141889 0.301056 1 3 1.000000 
0 -7.097232 -0.167359 34.564789 -0.993925 -0.025215 0.107131 0.268476 0.323564 1 3 1.000000 
noIcon.pic
0 -4.252344 4.117292 42.743980 0.000686 -0.076226 0.997090 0.144803 0.809039 1 3 1.000000 
0 -6.183283 -0.968364 42.352261 -0.000000 -0.065082 0.997880 0.280618 0.794344 1 3 1.000000 
0 0.000000 -0.968364 42.352261 0.000000 -0.064645 0.997908 0.550846 0.952030 1 3 1.000000 
noIcon.pic
0 -4.305425 4.097380 43.267979 -0.610913 0.780007 -0.135548 0.138275 0.789440 1 13 1.000000 
0 -6.778778 -0.098462 41.948658 -0.996792 -0.060848 -0.051982 0.261991 0.736776 1 13 1.000000 
0 -7.039791 0.162784 52.469143 -0.996792 -0.060848 -0.051982 0.256783 0.882495 1 13 1.000000 
noIcon.pic
0 -4.305425 4.097380 43.267979 -0.610913 0.780007 -0.135548 0.138275 0.789440 1 13 1.000000 
0 -7.039791 0.162784 52.469143 -0.996792 -0.060848 -0.051982 0.256783 0.882495 1 13 1.000000 
0 -4.726436 5.701000 51.013012 -0.610913 0.780007 -0.135548 0.127341 0.877821 1 13 1.000000 
noIcon.pic
0 -5.244880 -4.323323 34.564789 0.000000 0.000000 -1.000000 0.403823 0.350496 1 3 1.000000 
0 -7.097232 -0.167359 34.564789 0.000000 0.000000 -1.000000 0.268476 0.323564 1 3 1.000000 
0 0.000000 -0.167359 34.564789 0.000000 0.000000 -1.000000 0.591717 0.069887 1 3 1.000000 
noIcon.pic
0 -2.159266 -2.873855 64.691315 -0.724990 -0.530903 -0.438785 0.421166 0.958721 1 17 1.000000 
0 0.000000 -3.936915 64.381760 0.000000 -0.873084 -0.487570 0.594018 0.956313 1 17 1.000000 
0 0.000000 -4.752464 66.889694 0.000000 -0.999052 -0.043525 0.595720 0.960046 1 17 1.000000 
noIcon.pic
0 -2.159266 -2.873855 64.691315 -0.724990 -0.530903 -0.438785 0.421166 0.958721 1 17 1.000000 
0 0.000000 -4.752464 66.889694 0.000000 -0.999052 -0.043525 0.595720 0.960046 1 17 1.000000 
0 -2.524233 -3.856018 67.136475 -0.731131 -0.680667 -0.046264 0.419674 0.962321 1 17 1.000000 
noIcon.pic
0 0.000000 4.364033 66.570107 0.000000 0.965066 -0.262006 -0.010393 0.963107 1 17 1.000000 
0 -2.159266 3.625894 66.359856 -0.626512 0.718771 -0.301413 0.108227 0.968819 1 17 1.000000 
0 -2.720886 3.570144 68.735695 -0.686681 0.725213 0.050351 0.108227 0.971047 1 17 1.000000 
noIcon.pic
0 0.000000 4.364033 66.570107 0.000000 0.965066 -0.262006 -0.010393 0.963107 1 17 1.000000 
0 -2.720886 3.570144 68.735695 -0.686681 0.725213 0.050351 0.108227 0.971047 1 17 1.000000 
0 0.000000 4.395229 68.903137 0.000000 0.996492 0.083688 -0.010393 0.965611 1 17 1.000000 
noIcon.pic
0 -5.244880 4.224150 34.564789 0.000000 0.000000 -1.000000 0.141889 0.301056 1 3 1.000000 
0 0.000000 5.472635 34.564789 0.000000 0.000000 -1.000000 0.984920 0.289531 1 3 1.000000 
0 0.000000 -0.167359 34.564789 0.000000 0.000000 -1.000000 0.591717 0.069887 1 3 1.000000 
noIcon.pic
0 -15.312822 1.013446 37.992775 0.607654 0.600873 -0.519334 0.229276 0.589499 1 39 1.000000 
0 -16.476652 1.599062 38.507385 -0.010606 0.965164 -0.261429 0.226315 0.591357 1 39 1.000000 
0 -11.681383 4.051198 47.253971 -0.010606 0.965164 -0.261429 0.200843 0.737792 1 39 1.000000 
noIcon.pic
0 -15.312822 1.013446 37.992775 0.607654 0.600873 -0.519334 0.229276 0.589499 1 39 1.000000 
0 -11.681383 4.051198 47.253971 -0.010606 0.965164 -0.261429 0.200843 0.737792 1 39 1.000000 
0 -10.250341 3.293033 46.613232 0.607654 0.600873 -0.519334 0.204473 0.742375 1 39 1.000000 
noIcon.pic
0 -16.723591 1.346846 31.786245 0.018921 0.999349 -0.030720 0.229449 0.494334 1 40 1.000000 
0 -19.029423 1.345855 31.779068 0.018921 0.999349 -0.030720 0.226826 0.498776 1 40 1.000000 
0 -18.180408 1.581642 38.527016 0.018921 0.999349 -0.030720 0.219493 0.581692 1 40 1.000000 
noIcon.pic
0 -16.723591 1.346846 31.786245 0.018921 0.999349 -0.030720 0.229449 0.494334 1 40 1.000000 
0 -18.180408 1.581642 38.527016 0.018921 0.999349 -0.030720 0.219493 0.581692 1 40 1.000000 
0 -15.320684 1.454818 37.607941 0.018921 0.999349 -0.030720 0.222214 0.579698 1 40 1.000000 
noIcon.pic
0 -7.469340 0.954135 58.492607 -0.335116 -0.942154 -0.006533 0.232766 0.747844 1 37 1.000000 
0 -6.718338 0.702972 56.190826 -0.335116 -0.942154 -0.006533 0.232439 0.752016 1 37 1.000000 
0 -1.861416 -1.037054 57.988163 -0.335116 -0.942154 -0.006533 0.258599 0.896247 1 37 1.000000 
noIcon.pic
0 -7.469340 0.954135 58.492607 -0.335116 -0.942154 -0.006533 0.232766 0.747844 1 37 1.000000 
0 -1.861416 -1.037054 57.988163 -0.335116 -0.942154 -0.006533 0.258599 0.896247 1 37 1.000000 
0 -2.612418 -0.785890 60.289944 -0.335116 -0.942154 -0.006533 0.257314 0.895566 1 37 1.000000 
noIcon.pic
0 -4.252344 -5.258646 42.123013 -0.603213 -0.797237 -0.023395 0.395877 0.796638 1 3 1.000000 
0 -6.183283 -0.968364 42.352261 -0.993925 -0.025215 0.107131 0.280618 0.794344 1 3 1.000000 
0 -7.097232 -0.167359 34.564789 -0.993925 -0.025215 0.107131 0.268476 0.323564 1 3 1.000000 
noIcon.pic
0 -4.252344 -5.258646 42.123013 -0.603213 -0.797237 -0.023395 0.395877 0.796638 1 3 1.000000 
0 -7.097232 -0.167359 34.564789 -0.993925 -0.025215 0.107131 0.268476 0.323564 1 3 1.000000 
0 -5.244880 -4.323323 34.564789 -0.603213 -0.797237 -0.023395 0.403823 0.350496 1 3 1.000000 
noIcon.pic
0 -2.334481 -0.009162 72.240387 -0.415994 -0.020203 0.909143 0.324041 0.988932 1 17 1.000000 
0 -1.670779 -1.295364 72.240387 -0.297256 -0.268001 0.916414 0.440917 0.982270 1 17 1.000000 
0 0.000000 -0.009162 72.240387 0.000000 -0.000000 1.000000 0.558392 0.994733 1 17 1.000000 
noIcon.pic
0 -6.183283 -0.968364 42.352261 -0.000000 -0.065082 0.997880 0.280618 0.794344 1 3 1.000000 
0 -4.252344 -5.258646 42.123013 -0.000306 -0.053056 0.998591 0.395877 0.796638 1 3 1.000000 
0 0.000000 -0.968364 42.352261 0.000000 -0.064645 0.997908 0.550846 0.952030 1 3 1.000000 
noIcon.pic
0 -4.726436 5.701000 51.013012 0.041164 0.261622 0.964292 0.127341 0.877821 1 13 1.000000 
0 -7.039791 0.162784 52.469143 0.022297 0.230715 0.972766 0.256783 0.882495 1 13 1.000000 
0 0.000000 0.339693 52.265823 0.000000 0.245072 0.969505 -0.052419 0.987010 1 13 1.000000 
noIcon.pic
0 -3.293801 0.476629 65.463295 -0.929808 0.099654 -0.354298 0.284159 0.970547 1 17 1.000000 
0 -2.159266 -2.873855 64.691315 -0.724990 -0.530903 -0.438785 0.421166 0.958721 1 17 1.000000 
0 -2.524233 -3.856018 67.136475 -0.731131 -0.680667 -0.046264 0.419674 0.962321 1 17 1.000000 
noIcon.pic
0 -3.293801 0.476629 65.463295 -0.929808 0.099654 -0.354298 0.284159 0.970547 1 17 1.000000 
0 -2.524233 -3.856018 67.136475 -0.731131 -0.680667 -0.046264 0.419674 0.962321 1 17 1.000000 
0 -3.982421 0.049171 68.021164 -0.999804 0.007332 -0.018378 0.284159 0.972607 1 17 1.000000 
noIcon.pic
0 -10.169268 3.920283 47.294327 -0.496196 -0.119463 -0.859952 0.188319 0.747628 1 38 1.000000 
0 -9.764142 1.895598 47.341381 -0.496368 -0.119303 -0.859875 0.209541 0.749620 1 38 1.000000 
0 -11.471635 2.026496 48.308880 -0.496370 -0.119242 -0.859883 0.213205 0.750101 1 38 1.000000 
noIcon.pic
0 -2.874571 4.885922 19.980194 0.056367 -0.009236 0.998367 0.137070 0.060381 1 9 1.000000 
0 -4.720931 5.603835 20.091080 0.056367 -0.009236 0.998367 0.163801 0.087042 1 9 1.000000 
0 -4.729905 1.992529 20.058178 0.056367 -0.009236 0.998367 0.253098 0.080020 1 9 1.000000 
noIcon.pic
0 -3.702282 5.146876 2.743926 0.722540 0.690907 -0.024163 0.090885 0.043869 1 9 1.000000 
0 -5.302242 5.770828 2.655287 0.006184 0.999938 0.009244 0.125493 0.057232 1 9 1.000000 
0 -4.720931 5.603835 20.091080 0.006184 0.999938 0.009244 0.163801 0.087042 1 9 1.000000 
noIcon.pic
0 -3.702282 5.146876 2.743926 0.722540 0.690907 -0.024163 0.090885 0.043869 1 9 1.000000 
0 -4.720931 5.603835 20.091080 0.006184 0.999938 0.009244 0.163801 0.087042 1 9 1.000000 
0 -2.874571 4.885922 19.980194 0.722540 0.690907 -0.024163 0.137070 0.060381 1 9 1.000000 
noIcon.pic
0 -10.169268 -0.056007 47.846016 0.834347 -0.130428 -0.535587 0.229263 0.751471 1 38 1.000000 
0 -9.764142 1.895598 47.341381 0.844628 -0.031747 -0.534411 0.209541 0.749620 1 38 1.000000 
0 -6.382712 2.330746 53.163544 0.993957 -0.017623 -0.108347 0.191140 0.887215 1 38 1.000000 
noIcon.pic
0 -10.169268 -0.056007 47.846016 0.834347 -0.130428 -0.535587 0.229263 0.751471 1 38 1.000000 
0 -6.382712 2.330746 53.163544 0.993957 -0.017623 -0.108347 0.191140 0.887215 1 38 1.000000 
0 -6.382712 -0.381459 53.163544 0.997497 -0.048355 0.051600 0.248706 0.894864 1 38 1.000000 
noIcon.pic
0 -10.250341 3.293033 46.613232 0.486726 0.197920 0.850838 0.204473 0.742375 1 39 1.000000 
0 -11.681383 4.051198 47.253971 0.487233 0.198432 0.850429 0.200843 0.737792 1 39 1.000000 
0 -11.682100 1.903630 47.755478 0.487234 0.196832 0.850800 0.214539 0.741706 1 39 1.000000 
noIcon.pic
0 -4.252344 -5.258646 42.123013 -0.603213 -0.797237 -0.023395 0.395877 0.796638 1 3 1.000000 
0 -5.244880 -4.323323 34.564789 -0.603213 -0.797237 -0.023395 0.403823 0.350496 1 3 1.000000 
0 0.000000 -5.054919 34.564789 0.000000 -0.994070 -0.108738 0.509978 0.355177 1 3 1.000000 
noIcon.pic
0 -4.252344 -5.258646 42.123013 -0.603213 -0.797237 -0.023395 0.395877 0.796638 1 3 1.000000 
0 0.000000 -5.054919 34.564789 0.000000 -0.994070 -0.108738 0.509978 0.355177 1 3 1.000000 
0 0.000000 -5.915046 42.090942 0.000000 -0.994070 -0.108738 0.506017 0.791261 1 3 1.000000 
noIcon.pic
0 -6.940905 5.146876 2.926775 -0.054191 -0.275312 -0.959826 0.162395 0.071480 1 9 1.000000 
0 -5.302242 5.770828 2.655287 -0.054191 -0.275312 -0.959826 0.125493 0.057232 1 9 1.000000 
0 -5.257683 2.632166 3.553048 -0.054191 -0.275312 -0.959826 0.192046 0.045589 1 9 1.000000 
noIcon.pic
0 -6.639337 -0.767653 20.140448 0.056367 -0.009236 0.998367 0.306382 0.119025 1 9 1.000000 
0 -4.724613 -1.468847 20.025858 0.056367 -0.009236 0.998367 0.337391 0.090473 1 9 1.000000 
0 -4.729905 1.992529 20.058178 0.056367 -0.009236 0.998367 0.253098 0.080020 1 9 1.000000 
noIcon.pic
0 -1.695097 -2.694751 34.180809 0.375138 -0.073841 0.924023 0.435810 0.377594 1 8 1.000000 
0 -0.914344 0.406493 34.111668 0.375138 -0.073841 0.924023 0.273031 0.373840 1 8 1.000000 
0 -4.118045 0.303214 35.404064 0.375138 -0.073841 0.924023 0.256091 0.448988 1 8 1.000000 
noIcon.pic
0 -12.760589 0.147616 49.313622 -0.184706 -0.980530 0.066663 0.235223 0.747616 1 38 1.000000 
0 -11.471807 -0.575531 48.668343 -0.042463 -0.999095 -0.002368 0.232153 0.749602 1 38 1.000000 
0 -7.470910 -0.381459 56.187939 -0.042463 -0.999095 -0.002368 0.256165 0.895471 1 38 1.000000 
noIcon.pic
0 -12.760589 0.147616 49.313622 -0.184706 -0.980530 0.066663 0.235223 0.747616 1 38 1.000000 
0 -7.470910 -0.381459 56.187939 -0.042463 -0.999095 -0.002368 0.256165 0.895471 1 38 1.000000 
0 -8.627746 -0.381459 59.403099 -0.184706 -0.980530 0.066663 0.264095 0.896115 1 38 1.000000 
noIcon.pic
0 -8.627746 -0.381459 59.403099 0.940776 -0.000631 0.339029 0.264095 0.896115 1 38 1.000000 
0 -7.470910 -0.381459 56.187939 0.940945 -0.001261 0.338558 0.256165 0.895471 1 38 1.000000 
0 -7.467533 2.329984 56.188656 0.940951 -0.000007 0.338543 0.202765 0.896826 1 38 1.000000 
noIcon.pic
0 -4.305425 4.097380 43.267979 -0.044046 0.309806 -0.949779 0.138275 0.789440 1 13 1.000000 
0 0.000000 5.401637 43.439262 0.000000 0.301652 -0.953418 0.991228 0.823226 1 13 1.000000 
0 0.000000 -0.159635 41.679729 -0.000000 0.246983 -0.969020 0.577366 0.970634 1 13 1.000000 
noIcon.pic
0 -1.670779 1.982385 72.240387 -0.268871 0.259048 0.927687 0.122972 0.990779 1 17 1.000000 
0 -2.334481 -0.009162 72.240387 -0.415994 -0.020203 0.909143 0.324041 0.988932 1 17 1.000000 
0 0.000000 -0.009162 72.240387 0.000000 -0.000000 1.000000 0.558392 0.994733 1 17 1.000000 
noIcon.pic
0 -6.940905 5.146876 2.926775 -0.718975 0.694665 0.022719 0.162395 0.071480 1 9 1.000000 
0 -7.754672 2.624901 3.696109 -0.999882 -0.013678 0.006940 0.210531 0.066373 1 9 1.000000 
0 -7.630424 1.984169 20.221861 -0.999882 -0.013678 0.006940 0.253049 0.119757 1 9 1.000000 
noIcon.pic
0 -6.940905 5.146876 2.926775 -0.718975 0.694665 0.022719 0.162395 0.071480 1 9 1.000000 
0 -7.630424 1.984169 20.221861 -0.999882 -0.013678 0.006940 0.253049 0.119757 1 9 1.000000 
0 -6.636393 4.885922 20.192583 -0.718975 0.694665 0.022719 0.197366 0.120521 1 9 1.000000 
noIcon.pic
0 -1.337068 3.027522 60.289944 0.896781 -0.299918 0.325319 0.161761 0.888121 1 37 1.000000 
0 -2.612418 -0.785890 60.289944 0.896781 -0.299918 0.325319 0.257314 0.895566 1 37 1.000000 
0 -1.599242 0.995234 59.139053 0.896781 -0.299918 0.325319 0.202765 0.896826 1 37 1.000000 
noIcon.pic
0 -18.180408 -2.003214 39.021694 0.259709 0.090552 0.961432 0.246540 0.583984 1 40 1.000000 
0 -16.655962 -0.177496 38.437943 0.310181 0.131829 0.941493 0.235757 0.582084 1 40 1.000000 
0 -18.180408 1.581642 38.527016 0.259650 0.176940 0.949355 0.219493 0.581692 1 40 1.000000 
noIcon.pic
0 -1.670779 -1.295364 72.240387 -0.297256 -0.268001 0.916414 0.440917 0.982270 1 17 1.000000 
0 0.000000 -2.426250 72.240387 0.000000 -0.343030 0.939324 0.588343 0.980563 1 17 1.000000 
0 0.000000 -0.009162 72.240387 0.000000 -0.000000 1.000000 0.558392 0.994733 1 17 1.000000 
noIcon.pic
0 -1.861416 -1.037054 57.988163 0.896781 -0.299918 0.325319 0.258599 0.896247 1 37 1.000000 
0 -0.586066 2.776358 57.988163 0.896781 -0.299918 0.325319 0.151036 0.883245 1 37 1.000000 
0 -1.599242 0.995234 59.139053 0.896781 -0.299918 0.325319 0.202765 0.896826 1 37 1.000000 
noIcon.pic
0 -6.861585 0.233234 4.331700 -0.706979 -0.706403 -0.034281 0.263526 0.060750 1 9 1.000000 
0 -5.203012 -0.376188 4.412862 0.002601 -0.997567 -0.069661 0.269264 0.040477 1 9 1.000000 
0 -4.724613 -1.468847 20.025858 0.002601 -0.997567 -0.069661 0.337391 0.090473 1 9 1.000000 
noIcon.pic
0 -6.861585 0.233234 4.331700 -0.706979 -0.706403 -0.034281 0.263526 0.060750 1 9 1.000000 
0 -4.724613 -1.468847 20.025858 0.002601 -0.997567 -0.069661 0.337391 0.090473 1 9 1.000000 
0 -6.639337 -0.767653 20.140448 -0.706979 -0.706403 -0.034281 0.306382 0.119025 1 9 1.000000 
noIcon.pic
0 -2.877514 -0.767653 19.928059 0.056367 -0.009236 0.998367 0.369364 0.061033 1 9 1.000000 
0 -1.897751 1.984169 19.898201 0.056367 -0.009236 0.998367 0.247043 0.060689 1 9 1.000000 
0 -4.729905 1.992529 20.058178 0.056367 -0.009236 0.998367 0.253098 0.080020 1 9 1.000000 
noIcon.pic
0 -3.622962 0.233234 4.148851 0.710267 -0.699598 -0.077995 0.273604 0.025147 1 9 1.000000 
0 -2.819307 2.624901 3.417464 0.998386 -0.008160 -0.056201 0.196223 0.033076 1 9 1.000000 
0 -1.897751 1.984169 19.898201 0.998386 -0.008160 -0.056201 0.247043 0.060689 1 9 1.000000 
noIcon.pic
0 -3.622962 0.233234 4.148851 0.710267 -0.699598 -0.077995 0.273604 0.025147 1 9 1.000000 
0 -1.897751 1.984169 19.898201 0.998386 -0.008160 -0.056201 0.247043 0.060689 1 9 1.000000 
0 -2.877514 -0.767653 19.928059 0.710267 -0.699598 -0.077995 0.369364 0.061033 1 9 1.000000 
noIcon.pic
0 -2.585422 4.291457 21.314224 0.728372 0.685135 -0.008009 0.149722 0.057238 1 8 1.000000 
0 -4.684876 4.994798 21.370430 0.005059 0.998562 0.053368 0.178055 0.091995 1 8 1.000000 
0 -4.118045 4.201498 35.715588 0.005059 0.998562 0.053368 0.118940 0.444930 1 8 1.000000 
noIcon.pic
0 -2.585422 4.291457 21.314224 0.728372 0.685135 -0.008009 0.149722 0.057238 1 8 1.000000 
0 -4.118045 4.201498 35.715588 0.005059 0.998562 0.053368 0.118940 0.444930 1 8 1.000000 
0 -1.695097 3.506468 34.676369 0.728372 0.685135 -0.008009 0.069145 0.369138 1 8 1.000000 
noIcon.pic
0 -5.244880 -4.323323 34.564789 0.000000 0.000000 -1.000000 0.403823 0.350496 1 3 1.000000 
0 0.000000 -0.167359 34.564789 0.000000 0.000000 -1.000000 0.591717 0.069887 1 3 1.000000 
0 0.000000 -5.054919 34.564789 0.000000 0.000000 -1.000000 0.509978 0.355177 1 3 1.000000 
noIcon.pic
0 -2.200867 3.265237 70.885521 -0.619269 0.615527 0.487476 0.108227 0.973302 1 17 1.000000 
0 -3.464850 -0.009162 70.885284 -0.898284 -0.040575 0.437538 0.284159 0.974905 1 17 1.000000 
0 -2.334481 -0.009162 72.240387 -0.415994 -0.020203 0.909143 0.324041 0.988932 1 17 1.000000 
noIcon.pic
0 -2.200867 3.265237 70.885521 -0.619269 0.615527 0.487476 0.108227 0.973302 1 17 1.000000 
0 -2.334481 -0.009162 72.240387 -0.415994 -0.020203 0.909143 0.324041 0.988932 1 17 1.000000 
0 -1.670779 1.982385 72.240387 -0.268871 0.259048 0.927687 0.122972 0.990779 1 17 1.000000 
noIcon.pic
0 -3.702282 5.146876 2.743926 -0.054191 -0.275312 -0.959826 0.090885 0.043869 1 9 1.000000 
0 -2.819307 2.624901 3.417464 -0.054191 -0.275312 -0.959826 0.196223 0.033076 1 9 1.000000 
0 -5.257683 2.632166 3.553048 -0.054191 -0.275312 -0.959826 0.192046 0.045589 1 9 1.000000 
noIcon.pic
0 -10.250341 0.098614 47.354027 0.485892 0.195977 0.851764 0.234464 0.749336 1 39 1.000000 
0 -9.731797 1.657807 46.695450 0.487235 0.197279 0.850696 0.218269 0.745577 1 39 1.000000 
0 -11.682100 1.903630 47.755478 0.487234 0.196832 0.850800 0.214539 0.741706 1 39 1.000000 
noIcon.pic
0 -4.305425 -3.793571 41.203587 -0.045504 0.182598 -0.982134 0.385132 0.686789 1 13 1.000000 
0 -6.778778 -0.098462 41.948658 -0.036196 0.246537 -0.968457 0.261991 0.736776 1 13 1.000000 
0 0.000000 -0.159635 41.679729 -0.000000 0.246983 -0.969020 0.577366 0.970634 1 13 1.000000 
noIcon.pic
0 -4.252344 -5.258646 42.123013 -0.000306 -0.053056 0.998591 0.395877 0.796638 1 3 1.000000 
0 0.000000 -5.915046 42.090942 0.000000 -0.052754 0.998608 0.506017 0.791261 1 3 1.000000 
0 0.000000 -0.968364 42.352261 0.000000 -0.064645 0.997908 0.550846 0.952030 1 3 1.000000 
noIcon.pic
0 -3.604704 0.333770 60.356560 -0.394760 -0.589248 0.704947 0.322530 0.958567 1 14 1.000000 
0 0.000000 -0.867954 60.643909 0.000000 -0.646436 0.762968 0.514721 0.972125 1 14 1.000000 
0 0.000000 1.685446 61.493149 -0.000000 -0.280608 0.959822 0.958873 0.989903 1 14 1.000000 
noIcon.pic
0 -4.013779 -0.561023 57.893520 -0.587037 -0.751108 0.302032 0.375373 0.903107 1 14 1.000000 
0 0.000000 -2.419284 57.893520 -0.000000 -0.909966 0.414682 0.505665 0.905566 1 14 1.000000 
0 0.000000 -0.867954 60.643909 0.000000 -0.646436 0.762968 0.514721 0.972125 1 14 1.000000 
noIcon.pic
0 -4.013779 -0.561023 57.893520 -0.587037 -0.751108 0.302032 0.375373 0.903107 1 14 1.000000 
0 0.000000 -0.867954 60.643909 0.000000 -0.646436 0.762968 0.514721 0.972125 1 14 1.000000 
0 -3.604704 0.333770 60.356560 -0.394760 -0.589248 0.704947 0.322530 0.958567 1 14 1.000000 
noIcon.pic
0 -4.493700 -3.430477 47.955360 -0.658454 -0.736067 0.156982 0.367392 0.846537 1 14 1.000000 
0 0.000000 -5.144486 47.311550 0.000000 -0.986270 0.165140 0.506000 0.850107 1 14 1.000000 
0 0.000000 -4.495808 52.920338 0.000000 -0.961878 0.273480 0.505776 0.887125 1 14 1.000000 
noIcon.pic
0 -4.493700 -3.430477 47.955360 -0.658454 -0.736067 0.156982 0.367392 0.846537 1 14 1.000000 
0 0.000000 -4.495808 52.920338 0.000000 -0.961878 0.273480 0.505776 0.887125 1 14 1.000000 
0 -4.182702 -2.411508 53.090233 -0.647310 -0.732026 0.212432 0.372563 0.883196 1 14 1.000000 
noIcon.pic
0 -19.029423 -3.157735 32.547073 0.007304 -0.984152 0.177178 0.246979 0.500721 1 40 1.000000 
0 -16.723591 -3.156744 32.554253 0.007304 -0.984152 0.177178 0.245579 0.494298 1 40 1.000000 
0 -15.320684 -2.130038 38.102619 0.007304 -0.984152 0.177178 0.244925 0.580820 1 40 1.000000 
noIcon.pic
0 -19.029423 -3.157735 32.547073 0.007304 -0.984152 0.177178 0.246979 0.500721 1 40 1.000000 
0 -15.320684 -2.130038 38.102619 0.007304 -0.984152 0.177178 0.244925 0.580820 1 40 1.000000 
0 -18.180408 -2.003214 39.021694 0.007304 -0.984152 0.177178 0.246540 0.583984 1 40 1.000000 
noIcon.pic
0 0.000000 -5.144486 47.311550 0.000000 0.123990 -0.992283 0.506000 0.850107 1 14 1.000000 
0 -4.493700 -3.430477 47.955360 -0.093679 0.122670 -0.988016 0.367392 0.846537 1 14 1.000000 
0 0.000000 1.052266 48.085861 -0.000000 0.346206 -0.938159 0.951696 0.983184 1 14 1.000000 
noIcon.pic
0 -17.644407 -1.222189 39.948120 -0.653240 -0.614633 0.442158 0.237073 0.600489 1 39 1.000000 
0 -16.477831 -1.807803 39.433517 -0.030716 -0.981747 0.187694 0.240356 0.598642 1 39 1.000000 
0 -11.684803 -0.300813 48.260216 -0.030716 -0.981747 0.187694 0.228625 0.744686 1 39 1.000000 
noIcon.pic
0 -17.644407 -1.222189 39.948120 -0.653240 -0.614633 0.442158 0.237073 0.600489 1 39 1.000000 
0 -11.684803 -0.300813 48.260216 -0.030716 -0.981747 0.187694 0.228625 0.744686 1 39 1.000000 
0 -13.113859 0.459542 48.910404 -0.653240 -0.614633 0.442158 0.223326 0.740465 1 39 1.000000 
noIcon.pic
0 -16.723591 1.346846 31.786245 0.003141 -0.168104 -0.985764 0.229449 0.494334 1 40 1.000000 
0 -16.723591 -3.156744 32.554253 0.003141 -0.168104 -0.985764 0.245579 0.494298 1 40 1.000000 
0 -19.029423 -3.157735 32.547073 0.003141 -0.168104 -0.985764 0.246979 0.500721 1 40 1.000000 
noIcon.pic
0 -16.723591 1.346846 31.786245 0.003141 -0.168104 -0.985764 0.229449 0.494334 1 40 1.000000 
0 -19.029423 -3.157735 32.547073 0.003141 -0.168104 -0.985764 0.246979 0.500721 1 40 1.000000 
0 -19.029423 1.345855 31.779068 0.003141 -0.168104 -0.985764 0.226826 0.498776 1 40 1.000000 
noIcon.pic
0 0.000000 -2.962447 62.852943 0.000000 0.275952 -0.961172 0.558245 0.962055 1 17 1.000000 
0 -1.670779 -1.874756 63.162514 0.000780 0.276383 -0.961047 0.462426 0.963544 1 17 1.000000 
0 0.000000 0.903659 63.962898 0.000000 0.275104 -0.961415 0.558392 0.992825 1 17 1.000000 
noIcon.pic
0 0.000000 6.260891 50.552887 0.000000 0.277894 0.960612 -0.005482 0.874174 1 13 1.000000 
0 -4.726436 5.701000 51.013012 0.041164 0.261622 0.964292 0.127341 0.877821 1 13 1.000000 
0 0.000000 0.339693 52.265823 0.000000 0.245072 0.969505 -0.052419 0.987010 1 13 1.000000 
noIcon.pic
0 -6.636393 4.885922 20.192583 0.056367 -0.009236 0.998367 0.197366 0.120521 1 9 1.000000 
0 -7.630424 1.984169 20.221861 0.056367 -0.009236 0.998367 0.253049 0.119757 1 9 1.000000 
0 -4.729905 1.992529 20.058178 0.056367 -0.009236 0.998367 0.253098 0.080020 1 9 1.000000 
noIcon.pic
0 -2.159266 3.625894 66.359856 -0.626512 0.718771 -0.301413 0.108227 0.968819 1 17 1.000000 
0 -3.293801 0.476629 65.463295 -0.929808 0.099654 -0.354298 0.284159 0.970547 1 17 1.000000 
0 -3.982421 0.049171 68.021164 -0.999804 0.007332 -0.018378 0.284159 0.972607 1 17 1.000000 
noIcon.pic
0 -2.159266 3.625894 66.359856 -0.626512 0.718771 -0.301413 0.108227 0.968819 1 17 1.000000 
0 -3.982421 0.049171 68.021164 -0.999804 0.007332 -0.018378 0.284159 0.972607 1 17 1.000000 
0 -2.720886 3.570144 68.735695 -0.686681 0.725213 0.050351 0.108227 0.971047 1 17 1.000000 
noIcon.pic
0 -5.442987 4.516384 56.190826 -0.896781 0.299918 -0.325319 0.192634 0.749406 1 37 1.000000 
0 -6.718338 0.702972 56.190826 -0.896781 0.299918 -0.325319 0.232439 0.752016 1 37 1.000000 
0 -6.456164 2.735260 57.341717 -0.896781 0.299918 -0.325319 0.213205 0.750101 1 37 1.000000 
noIcon.pic
0 -4.493700 -3.430477 47.955360 -0.093679 0.122670 -0.988016 0.367392 0.846537 1 14 1.000000 
0 -6.793908 0.934082 48.710049 -0.091810 0.345685 -0.933848 0.253768 0.858650 1 14 1.000000 
0 0.000000 1.052266 48.085861 -0.000000 0.346206 -0.938159 -0.048304 0.983184 1 14 1.000000 
noIcon.pic
0 -15.320684 -2.130038 38.102619 0.359270 0.086104 0.929253 0.244925 0.580820 1 40 1.000000 
0 -16.655962 -0.177496 38.437943 0.310181 0.131829 0.941493 0.235757 0.582084 1 40 1.000000 
0 -18.180408 -2.003214 39.021694 0.259709 0.090552 0.961432 0.246540 0.583984 1 40 1.000000 
noIcon.pic
0 -6.718338 0.702972 56.190826 0.312060 -0.104365 -0.944313 0.232439 0.752016 1 37 1.000000 
0 -5.442987 4.516384 56.190826 0.312060 -0.104365 -0.944313 0.192634 0.749406 1 37 1.000000 
0 -0.586066 2.776358 57.988163 0.312060 -0.104365 -0.944313 0.151036 0.883245 1 37 1.000000 
noIcon.pic
0 -6.718338 0.702972 56.190826 0.312060 -0.104365 -0.944313 0.232439 0.752016 1 37 1.000000 
0 -0.586066 2.776358 57.988163 0.312060 -0.104365 -0.944313 0.151036 0.883245 1 37 1.000000 
0 -1.861416 -1.037054 57.988163 0.312060 -0.104365 -0.944313 0.258599 0.896247 1 37 1.000000 
noIcon.pic
0 -6.010306 2.437191 60.533993 -0.400345 -0.447148 0.799864 0.222157 0.944465 1 14 1.000000 
0 -3.604704 0.333770 60.356560 -0.394760 -0.589248 0.704947 0.322530 0.958567 1 14 1.000000 
0 0.000000 1.685446 61.493149 -0.000000 -0.280608 0.959822 -0.041127 0.989903 1 14 1.000000 
noIcon.pic
0 -15.312822 -1.563216 38.692726 0.596358 -0.776599 -0.203103 0.243751 0.596732 1 39 1.000000 
0 -14.937128 -0.308427 38.134647 0.861718 -0.117742 -0.493538 0.236507 0.593112 1 39 1.000000 
0 -9.731797 1.657807 46.695450 0.861718 -0.117742 -0.493538 0.218269 0.745577 1 39 1.000000 
noIcon.pic
0 -15.312822 -1.563216 38.692726 0.596358 -0.776599 -0.203103 0.243751 0.596732 1 39 1.000000 
0 -9.731797 1.657807 46.695450 0.861718 -0.117742 -0.493538 0.218269 0.745577 1 39 1.000000 
0 -10.250341 0.098614 47.354027 0.596358 -0.776599 -0.203103 0.234464 0.749336 1 39 1.000000 
noIcon.pic
0 -6.453197 2.426945 57.893520 -0.974596 -0.079195 0.209502 0.250147 0.900667 1 14 1.000000 
0 -4.013779 -0.561023 57.893520 -0.587037 -0.751108 0.302032 0.375373 0.903107 1 14 1.000000 
0 -3.604704 0.333770 60.356560 -0.394760 -0.589248 0.704947 0.322530 0.958567 1 14 1.000000 
noIcon.pic
0 -6.453197 2.426945 57.893520 -0.974596 -0.079195 0.209502 0.250147 0.900667 1 14 1.000000 
0 -3.604704 0.333770 60.356560 -0.394760 -0.589248 0.704947 0.322530 0.958567 1 14 1.000000 
0 -6.010306 2.437191 60.533993 -0.400345 -0.447148 0.799864 0.222157 0.944465 1 14 1.000000 
noIcon.pic
0 -6.941211 4.291457 21.314224 -0.727744 0.683862 0.052169 0.206977 0.127473 1 8 1.000000 
0 -7.617723 1.448444 21.087030 -0.999962 -0.002505 0.008336 0.259556 0.131201 1 8 1.000000 
0 -7.502801 0.194099 36.769497 -0.999962 -0.002505 0.008336 0.255522 0.514021 1 8 1.000000 
noIcon.pic
0 -6.941211 4.291457 21.314224 -0.727744 0.683862 0.052169 0.206977 0.127473 1 8 1.000000 
0 -7.502801 0.194099 36.769497 -0.999962 -0.002505 0.008336 0.255522 0.514021 1 8 1.000000 
0 -6.722048 3.344412 36.704277 -0.727744 0.683862 0.052169 0.164412 0.514143 1 8 1.000000 
noIcon.pic
0 -6.793908 0.934082 48.710049 -0.998994 -0.032876 0.030486 0.253768 0.858650 1 14 1.000000 
0 -4.493700 -3.430477 47.955360 -0.658454 -0.736067 0.156982 0.367392 0.846537 1 14 1.000000 
0 -4.182702 -2.411508 53.090233 -0.647310 -0.732026 0.212432 0.372563 0.883196 1 14 1.000000 
noIcon.pic
0 -6.793908 0.934082 48.710049 -0.998994 -0.032876 0.030486 0.253768 0.858650 1 14 1.000000 
0 -4.182702 -2.411508 53.090233 -0.647310 -0.732026 0.212432 0.372563 0.883196 1 14 1.000000 
0 -6.584416 1.942967 53.445175 -0.996007 -0.050209 0.073814 0.251542 0.884485 1 14 1.000000 
noIcon.pic
0 -6.941211 -1.349930 20.863405 0.000000 0.079659 -0.996822 0.322140 0.135638 1 8 1.000000 
0 -7.617723 1.448444 21.087030 -0.000000 0.079659 -0.996822 0.259556 0.131201 1 8 1.000000 
0 -4.684876 1.448444 21.087030 -0.000000 0.079659 -0.996822 0.274742 0.086608 1 8 1.000000 
noIcon.pic
0 -2.200867 -2.664217 70.885071 -0.633708 -0.610894 0.474577 0.418050 0.966239 1 17 1.000000 
0 0.000000 -3.795151 70.885071 0.000000 -0.844234 0.535975 0.597573 0.964110 1 17 1.000000 
0 0.000000 -2.426250 72.240387 0.000000 -0.343030 0.939324 0.588343 0.980563 1 17 1.000000 
noIcon.pic
0 -2.200867 -2.664217 70.885071 -0.633708 -0.610894 0.474577 0.418050 0.966239 1 17 1.000000 
0 0.000000 -2.426250 72.240387 0.000000 -0.343030 0.939324 0.588343 0.980563 1 17 1.000000 
0 -1.670779 -1.295364 72.240387 -0.297256 -0.268001 0.916414 0.440917 0.982270 1 17 1.000000 
noIcon.pic
0 -6.718338 0.702972 56.190826 -0.896781 0.299918 -0.325319 0.232439 0.752016 1 37 1.000000 
0 -7.469340 0.954135 58.492607 -0.896781 0.299918 -0.325319 0.232766 0.747844 1 37 1.000000 
0 -6.456164 2.735260 57.341717 -0.896781 0.299918 -0.325319 0.213205 0.750101 1 37 1.000000 
noIcon.pic
0 -15.312822 1.013446 37.992775 -0.487403 -0.228714 -0.842691 0.229276 0.589499 1 39 1.000000 
0 -14.937128 -0.308427 38.134647 -0.487235 -0.228928 -0.842730 0.236507 0.593112 1 39 1.000000 
0 -16.478615 -0.082963 38.964630 -0.487235 -0.228923 -0.842732 0.233296 0.595263 1 39 1.000000 
noIcon.pic
0 -10.169268 -0.056007 47.846016 -0.496055 -0.119060 -0.860090 0.229263 0.751471 1 38 1.000000 
0 -11.471807 -0.575531 48.668343 -0.496371 -0.118767 -0.859948 0.232153 0.749602 1 38 1.000000 
0 -11.471635 2.026496 48.308880 -0.496370 -0.119242 -0.859883 0.213205 0.750101 1 38 1.000000 
noIcon.pic
0 -0.586066 2.776358 57.988163 0.896781 -0.299918 0.325319 0.151036 0.883245 1 37 1.000000 
0 -1.337068 3.027522 60.289944 0.896781 -0.299918 0.325319 0.161761 0.888121 1 37 1.000000 
0 -1.599242 0.995234 59.139053 0.896781 -0.299918 0.325319 0.202765 0.896826 1 37 1.000000 
noIcon.pic
0 0.000000 -3.795151 70.885071 0.000000 -0.844234 0.535975 0.597573 0.964110 1 17 1.000000 
0 -2.200867 -2.664217 70.885071 -0.633708 -0.610894 0.474577 0.418050 0.966239 1 17 1.000000 
0 -2.524233 -3.856018 67.136475 -0.731131 -0.680667 -0.046264 0.419674 0.962321 1 17 1.000000 
noIcon.pic
0 0.000000 -3.795151 70.885071 0.000000 -0.844234 0.535975 0.597573 0.964110 1 17 1.000000 
0 -2.524233 -3.856018 67.136475 -0.731131 -0.680667 -0.046264 0.419674 0.962321 1 17 1.000000 
0 0.000000 -4.752464 66.889694 0.000000 -0.999052 -0.043525 0.595720 0.960046 1 17 1.000000 
noIcon.pic
0 -2.200867 -2.664217 70.885071 -0.633708 -0.610894 0.474577 0.418050 0.966239 1 17 1.000000 
0 -3.464850 -0.009162 70.885284 -0.898284 -0.040575 0.437538 0.284159 0.974905 1 17 1.000000 
0 -3.982421 0.049171 68.021164 -0.999804 0.007332 -0.018378 0.284159 0.972607 1 17 1.000000 
noIcon.pic
0 -2.200867 -2.664217 70.885071 -0.633708 -0.610894 0.474577 0.418050 0.966239 1 17 1.000000 
0 -3.982421 0.049171 68.021164 -0.999804 0.007332 -0.018378 0.284159 0.972607 1 17 1.000000 
0 -2.524233 -3.856018 67.136475 -0.731131 -0.680667 -0.046264 0.419674 0.962321 1 17 1.000000 
noIcon.pic
0 -3.464850 -0.009162 70.885284 -0.898284 -0.040575 0.437538 0.284159 0.974905 1 17 1.000000 
0 -2.200867 3.265237 70.885521 -0.619269 0.615527 0.487476 0.108227 0.973302 1 17 1.000000 
0 -2.720886 3.570144 68.735695 -0.686681 0.725213 0.050351 0.108227 0.971047 1 17 1.000000 
noIcon.pic
0 -3.464850 -0.009162 70.885284 -0.898284 -0.040575 0.437538 0.284159 0.974905 1 17 1.000000 
0 -2.720886 3.570144 68.735695 -0.686681 0.725213 0.050351 0.108227 0.971047 1 17 1.000000 
0 -3.982421 0.049171 68.021164 -0.999804 0.007332 -0.018378 0.284159 0.972607 1 17 1.000000 
noIcon.pic
0 -2.200867 3.265237 70.885521 -0.619269 0.615527 0.487476 0.108227 0.973302 1 17 1.000000 
0 0.000000 4.032325 70.885620 0.000000 0.864919 0.501912 -0.010393 0.968408 1 17 1.000000 
0 0.000000 4.395229 68.903137 0.000000 0.996492 0.083688 -0.010393 0.965611 1 17 1.000000 
noIcon.pic
0 -2.200867 3.265237 70.885521 -0.619269 0.615527 0.487476 0.108227 0.973302 1 17 1.000000 
0 0.000000 4.395229 68.903137 0.000000 0.996492 0.083688 -0.010393 0.965611 1 17 1.000000 
0 -2.720886 3.570144 68.735695 -0.686681 0.725213 0.050351 0.108227 0.971047 1 17 1.000000 
noIcon.pic
0 -2.877514 -0.767653 19.928059 0.056367 -0.009236 0.998367 0.369364 0.061033 1 9 1.000000 
0 -4.729905 1.992529 20.058178 0.056367 -0.009236 0.998367 0.253098 0.080020 1 9 1.000000 
0 -4.724613 -1.468847 20.025858 0.056367 -0.009236 0.998367 0.337391 0.090473 1 9 1.000000 
noIcon.pic
0 -3.622962 0.233234 4.148851 0.710267 -0.699598 -0.077995 0.273604 0.025147 1 9 1.000000 
0 -2.877514 -0.767653 19.928059 0.710267 -0.699598 -0.077995 0.369364 0.061033 1 9 1.000000 
0 -4.724613 -1.468847 20.025858 0.002601 -0.997567 -0.069661 0.337391 0.090473 1 9 1.000000 
noIcon.pic
0 -3.622962 0.233234 4.148851 0.710267 -0.699598 -0.077995 0.273604 0.025147 1 9 1.000000 
0 -4.724613 -1.468847 20.025858 0.002601 -0.997567 -0.069661 0.337391 0.090473 1 9 1.000000 
0 -5.203012 -0.376188 4.412862 0.002601 -0.997567 -0.069661 0.269264 0.040477 1 9 1.000000 
noIcon.pic
0 -6.861585 0.233234 4.331700 -0.054191 -0.275312 -0.959826 0.263526 0.060750 1 9 1.000000 
0 -5.257683 2.632166 3.553048 -0.054191 -0.275312 -0.959826 0.192046 0.045589 1 9 1.000000 
0 -5.203012 -0.376188 4.412862 -0.054191 -0.275312 -0.959826 0.269264 0.040477 1 9 1.000000 
noIcon.pic
0 -6.940905 5.146876 2.926775 -0.054191 -0.275312 -0.959826 0.162395 0.071480 1 9 1.000000 
0 -5.257683 2.632166 3.553048 -0.054191 -0.275312 -0.959826 0.192046 0.045589 1 9 1.000000 
0 -7.754672 2.624901 3.696109 -0.054191 -0.275312 -0.959826 0.210531 0.066373 1 9 1.000000 
noIcon.pic
0 -6.861585 0.233234 4.331700 -0.706979 -0.706403 -0.034281 0.263526 0.060750 1 9 1.000000 
0 -6.639337 -0.767653 20.140448 -0.706979 -0.706403 -0.034281 0.306382 0.119025 1 9 1.000000 
0 -7.630424 1.984169 20.221861 -0.999882 -0.013678 0.006940 0.253049 0.119757 1 9 1.000000 
noIcon.pic
0 -6.861585 0.233234 4.331700 -0.706979 -0.706403 -0.034281 0.263526 0.060750 1 9 1.000000 
0 -7.630424 1.984169 20.221861 -0.999882 -0.013678 0.006940 0.253049 0.119757 1 9 1.000000 
0 -7.754672 2.624901 3.696109 -0.999882 -0.013678 0.006940 0.210531 0.066373 1 9 1.000000 
noIcon.pic
0 -6.639337 -0.767653 20.140448 0.056367 -0.009236 0.998367 0.306382 0.119025 1 9 1.000000 
0 -4.729905 1.992529 20.058178 0.056367 -0.009236 0.998367 0.253098 0.080020 1 9 1.000000 
0 -7.630424 1.984169 20.221861 0.056367 -0.009236 0.998367 0.253049 0.119757 1 9 1.000000 
noIcon.pic
0 -2.874571 4.885922 19.980194 0.056367 -0.009236 0.998367 0.137070 0.060381 1 9 1.000000 
0 -4.729905 1.992529 20.058178 0.056367 -0.009236 0.998367 0.253098 0.080020 1 9 1.000000 
0 -1.897751 1.984169 19.898201 0.056367 -0.009236 0.998367 0.247043 0.060689 1 9 1.000000 
noIcon.pic
0 -3.702282 5.146876 2.743926 0.722540 0.690907 -0.024163 0.090885 0.043869 1 9 1.000000 
0 -2.874571 4.885922 19.980194 0.722540 0.690907 -0.024163 0.137070 0.060381 1 9 1.000000 
0 -1.897751 1.984169 19.898201 0.998386 -0.008160 -0.056201 0.247043 0.060689 1 9 1.000000 
noIcon.pic
0 -3.702282 5.146876 2.743926 0.722540 0.690907 -0.024163 0.090885 0.043869 1 9 1.000000 
0 -1.897751 1.984169 19.898201 0.998386 -0.008160 -0.056201 0.247043 0.060689 1 9 1.000000 
0 -2.819307 2.624901 3.417464 0.998386 -0.008160 -0.056201 0.196223 0.033076 1 9 1.000000 
noIcon.pic
0 -3.622962 0.233234 4.148851 -0.054191 -0.275312 -0.959826 0.273604 0.025147 1 9 1.000000 
0 -5.257683 2.632166 3.553048 -0.054191 -0.275312 -0.959826 0.192046 0.045589 1 9 1.000000 
0 -2.819307 2.624901 3.417464 -0.054191 -0.275312 -0.959826 0.196223 0.033076 1 9 1.000000 
noIcon.pic
0 -3.702282 5.146876 2.743926 -0.054191 -0.275312 -0.959826 0.090885 0.043869 1 9 1.000000 
0 -5.257683 2.632166 3.553048 -0.054191 -0.275312 -0.959826 0.192046 0.045589 1 9 1.000000 
0 -5.302242 5.770828 2.655287 -0.054191 -0.275312 -0.959826 0.125493 0.057232 1 9 1.000000 
noIcon.pic
0 -6.940905 5.146876 2.926775 -0.718975 0.694665 0.022719 0.162395 0.071480 1 9 1.000000 
0 -6.636393 4.885922 20.192583 -0.718975 0.694665 0.022719 0.197366 0.120521 1 9 1.000000 
0 -4.720931 5.603835 20.091080 0.006184 0.999938 0.009244 0.163801 0.087042 1 9 1.000000 
noIcon.pic
0 -6.940905 5.146876 2.926775 -0.718975 0.694665 0.022719 0.162395 0.071480 1 9 1.000000 
0 -4.720931 5.603835 20.091080 0.006184 0.999938 0.009244 0.163801 0.087042 1 9 1.000000 
0 -5.302242 5.770828 2.655287 0.006184 0.999938 0.009244 0.125493 0.057232 1 9 1.000000 
noIcon.pic
0 -6.636393 4.885922 20.192583 0.056367 -0.009236 0.998367 0.197366 0.120521 1 9 1.000000 
0 -4.729905 1.992529 20.058178 0.056367 -0.009236 0.998367 0.253098 0.080020 1 9 1.000000 
0 -4.720931 5.603835 20.091080 0.056367 -0.009236 0.998367 0.163801 0.087042 1 9 1.000000 
noIcon.pic
0 -1.695097 3.506468 34.676369 0.375138 -0.073841 0.924023 0.069145 0.369138 1 8 1.000000 
0 -4.118045 0.303214 35.404064 0.375138 -0.073841 0.924023 0.256091 0.448988 1 8 1.000000 
0 -0.914344 0.406493 34.111668 0.375138 -0.073841 0.924023 0.273031 0.373840 1 8 1.000000 
noIcon.pic
0 -2.585422 4.291457 21.314224 0.728372 0.685135 -0.008009 0.149722 0.057238 1 8 1.000000 
0 -1.695097 3.506468 34.676369 0.728372 0.685135 -0.008009 0.069145 0.369138 1 8 1.000000 
0 -0.914344 0.406493 34.111668 0.997278 0.004024 -0.073625 0.273031 0.373840 1 8 1.000000 
noIcon.pic
0 -2.585422 4.291457 21.314224 0.728372 0.685135 -0.008009 0.149722 0.057238 1 8 1.000000 
0 -0.914344 0.406493 34.111668 0.997278 0.004024 -0.073625 0.273031 0.373840 1 8 1.000000 
0 -1.908910 1.448444 21.087030 0.997278 0.004024 -0.073625 0.258393 0.065413 1 8 1.000000 
noIcon.pic
0 -2.585422 -1.349930 20.863405 -0.000000 0.079659 -0.996822 0.399546 0.076032 1 8 1.000000 
0 -4.684876 1.448444 21.087030 -0.000000 0.079659 -0.996822 0.274742 0.086608 1 8 1.000000 
0 -1.908910 1.448444 21.087030 -0.000000 0.079659 -0.996822 0.258393 0.065413 1 8 1.000000 
noIcon.pic
0 -6.941211 4.291457 21.314224 -0.000000 0.079659 -0.996822 0.206977 0.127473 1 8 1.000000 
0 -4.684876 1.448444 21.087030 -0.000000 0.079659 -0.996822 0.274742 0.086608 1 8 1.000000 
0 -7.617723 1.448444 21.087030 -0.000000 0.079659 -0.996822 0.259556 0.131201 1 8 1.000000 
noIcon.pic
0 -6.941211 -1.349930 20.863405 -0.726475 -0.684812 -0.057145 0.322140 0.135638 1 8 1.000000 
0 -6.722048 -2.856807 36.208721 -0.726475 -0.684812 -0.057145 0.341085 0.513906 1 8 1.000000 
0 -7.502801 0.194099 36.769497 -0.999962 -0.002505 0.008336 0.255522 0.514021 1 8 1.000000 
noIcon.pic
0 -6.941211 -1.349930 20.863405 -0.726475 -0.684812 -0.057145 0.322140 0.135638 1 8 1.000000 
0 -7.502801 0.194099 36.769497 -0.999962 -0.002505 0.008336 0.255522 0.514021 1 8 1.000000 
0 -7.617723 1.448444 21.087030 -0.999962 -0.002505 0.008336 0.259556 0.131201 1 8 1.000000 
noIcon.pic
0 -6.722048 -2.856807 36.208721 0.375138 -0.073841 0.924023 0.341085 0.513906 1 8 1.000000 
0 -4.118045 0.303214 35.404064 0.375138 -0.073841 0.924023 0.256091 0.448988 1 8 1.000000 
0 -7.502801 0.194099 36.769497 0.375138 -0.073841 0.924023 0.255522 0.514021 1 8 1.000000 
noIcon.pic
0 -1.695097 -2.694751 34.180809 0.375138 -0.073841 0.924023 0.435810 0.377594 1 8 1.000000 
0 -4.118045 0.303214 35.404064 0.375138 -0.073841 0.924023 0.256091 0.448988 1 8 1.000000 
0 -4.118045 -3.546000 35.096462 0.375138 -0.073841 0.924023 0.388376 0.445854 1 8 1.000000 
noIcon.pic
0 -2.585422 -1.349930 20.863405 0.727122 -0.676524 -0.116656 0.399546 0.076032 1 8 1.000000 
0 -1.695097 -2.694751 34.180809 0.727122 -0.676524 -0.116656 0.435810 0.377594 1 8 1.000000 
0 -4.118045 -3.546000 35.096462 0.005090 -0.994381 -0.105740 0.388376 0.445854 1 8 1.000000 
noIcon.pic
0 -2.585422 -1.349930 20.863405 0.727122 -0.676524 -0.116656 0.399546 0.076032 1 8 1.000000 
0 -4.118045 -3.546000 35.096462 0.005090 -0.994381 -0.105740 0.388376 0.445854 1 8 1.000000 
0 -4.684876 -2.053272 20.807198 0.005090 -0.994381 -0.105740 0.364974 0.102654 1 8 1.000000 
noIcon.pic
0 -6.941211 -1.349930 20.863405 0.000000 0.079659 -0.996822 0.322140 0.135638 1 8 1.000000 
0 -4.684876 1.448444 21.087030 -0.000000 0.079659 -0.996822 0.274742 0.086608 1 8 1.000000 
0 -4.684876 -2.053272 20.807198 -0.000000 0.079659 -0.996822 0.364974 0.102654 1 8 1.000000 
noIcon.pic
0 -2.585422 4.291457 21.314224 0.000000 0.079659 -0.996822 0.149722 0.057238 1 8 1.000000 
0 -4.684876 1.448444 21.087030 -0.000000 0.079659 -0.996822 0.274742 0.086608 1 8 1.000000 
0 -4.684876 4.994798 21.370430 -0.000000 0.079659 -0.996822 0.178055 0.091995 1 8 1.000000 
noIcon.pic
0 -6.941211 4.291457 21.314224 -0.727744 0.683862 0.052169 0.206977 0.127473 1 8 1.000000 
0 -6.722048 3.344412 36.704277 -0.727744 0.683862 0.052169 0.164412 0.514143 1 8 1.000000 
0 -4.118045 4.201498 35.715588 0.005059 0.998562 0.053368 0.118940 0.444930 1 8 1.000000 
noIcon.pic
0 -6.941211 4.291457 21.314224 -0.727744 0.683862 0.052169 0.206977 0.127473 1 8 1.000000 
0 -4.118045 4.201498 35.715588 0.005059 0.998562 0.053368 0.118940 0.444930 1 8 1.000000 
0 -4.684876 4.994798 21.370430 0.005059 0.998562 0.053368 0.178055 0.091995 1 8 1.000000 
noIcon.pic
0 -6.722048 3.344412 36.704277 0.375138 -0.073841 0.924023 0.164412 0.514143 1 8 1.000000 
0 -4.118045 0.303214 35.404064 0.375138 -0.073841 0.924023 0.256091 0.448988 1 8 1.000000 
0 -4.118045 4.201498 35.715588 0.375138 -0.073841 0.924023 0.118940 0.444930 1 8 1.000000 
noIcon.pic
0 0.000000 -2.419284 57.893520 -0.000000 -0.909966 0.414682 0.505665 0.905566 1 14 1.000000 
0 -4.013779 -0.561023 57.893520 -0.587037 -0.751108 0.302032 0.375373 0.903107 1 14 1.000000 
0 -4.182702 -2.411508 53.090233 -0.647310 -0.732026 0.212432 0.372563 0.883196 1 14 1.000000 
noIcon.pic
0 0.000000 -2.419284 57.893520 -0.000000 -0.909966 0.414682 0.505665 0.905566 1 14 1.000000 
0 -4.182702 -2.411508 53.090233 -0.647310 -0.732026 0.212432 0.372563 0.883196 1 14 1.000000 
0 0.000000 -4.495808 52.920338 0.000000 -0.961878 0.273480 0.505776 0.887125 1 14 1.000000 
noIcon.pic
0 -4.013779 -0.561023 57.893520 -0.587037 -0.751108 0.302032 0.375373 0.903107 1 14 1.000000 
0 -6.453197 2.426945 57.893520 -0.974596 -0.079195 0.209502 0.250147 0.900667 1 14 1.000000 
0 -6.584416 1.942967 53.445175 -0.996007 -0.050209 0.073814 0.251542 0.884485 1 14 1.000000 
noIcon.pic
0 -4.013779 -0.561023 57.893520 -0.587037 -0.751108 0.302032 0.375373 0.903107 1 14 1.000000 
0 -6.584416 1.942967 53.445175 -0.996007 -0.050209 0.073814 0.251542 0.884485 1 14 1.000000 
0 -4.182702 -2.411508 53.090233 -0.647310 -0.732026 0.212432 0.372563 0.883196 1 14 1.000000 
noIcon.pic
0 -6.453197 2.426945 57.893520 -0.974596 -0.079195 0.209502 0.250147 0.900667 1 14 1.000000 
0 -4.294206 6.328268 57.893520 -0.600323 0.762761 0.240433 0.117126 0.894587 1 14 1.000000 
0 -4.472317 6.942173 53.852669 -0.634245 0.761667 -0.132651 0.128898 0.886444 1 14 1.000000 
noIcon.pic
0 -6.453197 2.426945 57.893520 -0.974596 -0.079195 0.209502 0.250147 0.900667 1 14 1.000000 
0 -4.472317 6.942173 53.852669 -0.634245 0.761667 -0.132651 0.128898 0.886444 1 14 1.000000 
0 -6.584416 1.942967 53.445175 -0.996007 -0.050209 0.073814 0.251542 0.884485 1 14 1.000000 
noIcon.pic
0 -4.294206 6.328268 57.893520 -0.600323 0.762761 0.240433 0.117126 0.894587 1 14 1.000000 
0 0.000000 7.627956 58.458416 0.000000 0.952301 0.305160 -0.004637 0.886245 1 14 1.000000 
0 0.000000 7.954350 53.935173 0.000000 0.974902 -0.222635 -0.005588 0.889470 1 14 1.000000 
noIcon.pic
0 -4.294206 6.328268 57.893520 -0.600323 0.762761 0.240433 0.117126 0.894587 1 14 1.000000 
0 0.000000 7.954350 53.935173 0.000000 0.974902 -0.222635 -0.005588 0.889470 1 14 1.000000 
0 -4.472317 6.942173 53.852669 -0.634245 0.761667 -0.132651 0.128898 0.886444 1 14 1.000000 
noIcon.pic
0 -17.644407 -1.222189 39.948120 -0.487070 -0.229131 -0.842770 0.237073 0.600489 1 39 1.000000 
0 -16.478615 -0.082963 38.964630 -0.487235 -0.228923 -0.842732 0.233296 0.595263 1 39 1.000000 
0 -16.477831 -1.807803 39.433517 -0.487235 -0.229285 -0.842633 0.240356 0.598642 1 39 1.000000 
noIcon.pic
0 -15.312822 -1.563216 38.692726 0.596358 -0.776599 -0.203103 0.243751 0.596732 1 39 1.000000 
0 -10.250341 0.098614 47.354027 0.596358 -0.776599 -0.203103 0.234464 0.749336 1 39 1.000000 
0 -11.684803 -0.300813 48.260216 -0.030716 -0.981747 0.187694 0.228625 0.744686 1 39 1.000000 
noIcon.pic
0 -15.312822 -1.563216 38.692726 0.596358 -0.776599 -0.203103 0.243751 0.596732 1 39 1.000000 
0 -11.684803 -0.300813 48.260216 -0.030716 -0.981747 0.187694 0.228625 0.744686 1 39 1.000000 
0 -16.477831 -1.807803 39.433517 -0.030716 -0.981747 0.187694 0.240356 0.598642 1 39 1.000000 
noIcon.pic
0 -10.250341 0.098614 47.354027 0.485892 0.195977 0.851764 0.234464 0.749336 1 39 1.000000 
0 -11.682100 1.903630 47.755478 0.487234 0.196832 0.850800 0.214539 0.741706 1 39 1.000000 
0 -11.684803 -0.300813 48.260216 0.487232 0.194338 0.851374 0.228625 0.744686 1 39 1.000000 
noIcon.pic
0 -13.113859 3.653961 48.169609 0.487742 0.197791 0.850286 0.196410 0.732195 1 39 1.000000 
0 -11.682100 1.903630 47.755478 0.487234 0.196832 0.850800 0.214539 0.741706 1 39 1.000000 
0 -11.681383 4.051198 47.253971 0.487233 0.198432 0.850429 0.200843 0.737792 1 39 1.000000 
noIcon.pic
0 -17.644407 1.354474 39.248169 -0.636671 0.761167 0.123587 0.223185 0.593322 1 39 1.000000 
0 -13.113859 3.653961 48.169609 -0.636671 0.761167 0.123587 0.196410 0.732195 1 39 1.000000 
0 -11.681383 4.051198 47.253971 -0.010606 0.965164 -0.261429 0.200843 0.737792 1 39 1.000000 
noIcon.pic
0 -17.644407 1.354474 39.248169 -0.636671 0.761167 0.123587 0.223185 0.593322 1 39 1.000000 
0 -11.681383 4.051198 47.253971 -0.010606 0.965164 -0.261429 0.200843 0.737792 1 39 1.000000 
0 -16.476652 1.599062 38.507385 -0.010606 0.965164 -0.261429 0.226315 0.591357 1 39 1.000000 
noIcon.pic
0 -15.312822 1.013446 37.992775 -0.487403 -0.228714 -0.842691 0.229276 0.589499 1 39 1.000000 
0 -16.478615 -0.082963 38.964630 -0.487235 -0.228923 -0.842732 0.233296 0.595263 1 39 1.000000 
0 -16.476652 1.599062 38.507385 -0.487235 -0.228550 -0.842833 0.226315 0.591357 1 39 1.000000 
noIcon.pic
0 -17.644407 1.354474 39.248169 -0.487067 -0.228764 -0.842872 0.223185 0.593322 1 39 1.000000 
0 -16.478615 -0.082963 38.964630 -0.487235 -0.228923 -0.842732 0.233296 0.595263 1 39 1.000000 
0 -18.020102 0.142502 39.794613 -0.487235 -0.228928 -0.842730 0.230178 0.596931 1 39 1.000000 
noIcon.pic
0 -17.644407 -1.222189 39.948120 -0.653240 -0.614633 0.442158 0.237073 0.600489 1 39 1.000000 
0 -13.113859 0.459542 48.910404 -0.653240 -0.614633 0.442158 0.223326 0.740465 1 39 1.000000 
0 -13.632403 2.149453 48.815502 -0.901999 0.109676 0.417576 0.208319 0.735854 1 39 1.000000 
noIcon.pic
0 -17.644407 -1.222189 39.948120 -0.653240 -0.614633 0.442158 0.237073 0.600489 1 39 1.000000 
0 -13.632403 2.149453 48.815502 -0.901999 0.109676 0.417576 0.208319 0.735854 1 39 1.000000 
0 -18.020102 0.142502 39.794613 -0.901999 0.109676 0.417576 0.230178 0.596931 1 39 1.000000 
noIcon.pic
0 -13.113859 0.459542 48.910404 0.488574 0.195640 0.850306 0.223326 0.740465 1 39 1.000000 
0 -11.682100 1.903630 47.755478 0.487234 0.196832 0.850800 0.214539 0.741706 1 39 1.000000 
0 -13.632403 2.149453 48.815502 0.487235 0.197279 0.850696 0.208319 0.735854 1 39 1.000000 
noIcon.pic
0 -10.250341 3.293033 46.613232 0.486726 0.197920 0.850838 0.204473 0.742375 1 39 1.000000 
0 -11.682100 1.903630 47.755478 0.487234 0.196832 0.850800 0.214539 0.741706 1 39 1.000000 
0 -9.731797 1.657807 46.695450 0.487235 0.197279 0.850696 0.218269 0.745577 1 39 1.000000 
noIcon.pic
0 -15.312822 1.013446 37.992775 0.607654 0.600873 -0.519334 0.229276 0.589499 1 39 1.000000 
0 -10.250341 3.293033 46.613232 0.607654 0.600873 -0.519334 0.204473 0.742375 1 39 1.000000 
0 -9.731797 1.657807 46.695450 0.861718 -0.117742 -0.493538 0.218269 0.745577 1 39 1.000000 
noIcon.pic
0 -15.312822 1.013446 37.992775 0.607654 0.600873 -0.519334 0.229276 0.589499 1 39 1.000000 
0 -9.731797 1.657807 46.695450 0.861718 -0.117742 -0.493538 0.218269 0.745577 1 39 1.000000 
0 -14.937128 -0.308427 38.134647 0.861718 -0.117742 -0.493538 0.236507 0.593112 1 39 1.000000 
noIcon.pic
0 -15.312822 -1.563216 38.692726 -0.487399 -0.229083 -0.842593 0.243751 0.596732 1 39 1.000000 
0 -16.478615 -0.082963 38.964630 -0.487235 -0.228923 -0.842732 0.233296 0.595263 1 39 1.000000 
0 -14.937128 -0.308427 38.134647 -0.487235 -0.228928 -0.842730 0.236507 0.593112 1 39 1.000000 
noIcon.pic
0 -12.760589 0.147616 49.313622 -0.496684 -0.119010 -0.859733 0.235223 0.747616 1 38 1.000000 
0 -11.471635 2.026496 48.308880 -0.496370 -0.119242 -0.859883 0.213205 0.750101 1 38 1.000000 
0 -11.471807 -0.575531 48.668343 -0.496371 -0.118767 -0.859948 0.232153 0.749602 1 38 1.000000 
noIcon.pic
0 -10.169268 -0.056007 47.846016 0.100857 -0.992340 -0.071339 0.229263 0.751471 1 38 1.000000 
0 -6.382712 -0.381459 53.163544 0.100857 -0.992340 -0.071339 0.248706 0.894864 1 38 1.000000 
0 -7.470910 -0.381459 56.187939 -0.042463 -0.999095 -0.002368 0.256165 0.895471 1 38 1.000000 
noIcon.pic
0 -10.169268 -0.056007 47.846016 0.100857 -0.992340 -0.071339 0.229263 0.751471 1 38 1.000000 
0 -7.470910 -0.381459 56.187939 -0.042463 -0.999095 -0.002368 0.256165 0.895471 1 38 1.000000 
0 -11.471807 -0.575531 48.668343 -0.042463 -0.999095 -0.002368 0.232153 0.749602 1 38 1.000000 
noIcon.pic
0 -6.382712 -0.381459 53.163544 0.997497 -0.048355 0.051600 0.248706 0.894864 1 38 1.000000 
0 -7.467533 2.329984 56.188656 0.940951 -0.000007 0.338543 0.202765 0.896826 1 38 1.000000 
0 -7.470910 -0.381459 56.187939 0.940945 -0.001261 0.338558 0.256165 0.895471 1 38 1.000000 
noIcon.pic
0 -8.627746 5.036973 59.403099 0.940772 0.000617 0.339040 0.194376 0.895149 1 38 1.000000 
0 -7.467533 2.329984 56.188656 0.940951 -0.000007 0.338543 0.202765 0.896826 1 38 1.000000 
0 -7.470633 5.036973 56.187401 0.940945 0.001235 0.338557 0.167903 0.887939 1 38 1.000000 
noIcon.pic
0 -12.760589 4.123905 48.761932 -0.187655 0.982150 0.012918 0.209969 0.747180 1 38 1.000000 
0 -8.627746 5.036973 59.403099 -0.187655 0.982150 0.012918 0.194376 0.895149 1 38 1.000000 
0 -7.470633 5.036973 56.187401 -0.057577 0.996058 -0.067478 0.167903 0.887939 1 38 1.000000 
noIcon.pic
0 -12.760589 4.123905 48.761932 -0.187655 0.982150 0.012918 0.209969 0.747180 1 38 1.000000 
0 -7.470633 5.036973 56.187401 -0.057577 0.996058 -0.067478 0.167903 0.887939 1 38 1.000000 
0 -11.472207 4.644194 47.945110 -0.057577 0.996058 -0.067478 0.199335 0.747400 1 38 1.000000 
noIcon.pic
0 -10.169268 3.920283 47.294327 -0.496196 -0.119463 -0.859952 0.188319 0.747628 1 38 1.000000 
0 -11.471635 2.026496 48.308880 -0.496370 -0.119242 -0.859883 0.213205 0.750101 1 38 1.000000 
0 -11.472207 4.644194 47.945110 -0.496370 -0.119595 -0.859834 0.199335 0.747400 1 38 1.000000 
noIcon.pic
0 -12.760589 4.123905 48.761932 -0.496542 -0.119436 -0.859756 0.209969 0.747180 1 38 1.000000 
0 -11.471635 2.026496 48.308880 -0.496370 -0.119242 -0.859883 0.213205 0.750101 1 38 1.000000 
0 -13.165715 2.162283 49.267960 -0.496368 -0.119303 -0.859875 0.222622 0.747399 1 38 1.000000 
noIcon.pic
0 -12.760589 0.147616 49.313622 -0.917001 -0.074808 0.391808 0.235223 0.747616 1 38 1.000000 
0 -8.627746 -0.381459 59.403099 -0.917001 -0.074808 0.391808 0.264095 0.896115 1 38 1.000000 
0 -8.627746 2.330746 59.403099 -0.922106 0.022992 0.386254 0.228652 0.895624 1 38 1.000000 
noIcon.pic
0 -12.760589 0.147616 49.313622 -0.917001 -0.074808 0.391808 0.235223 0.747616 1 38 1.000000 
0 -8.627746 2.330746 59.403099 -0.922106 0.022992 0.386254 0.228652 0.895624 1 38 1.000000 
0 -13.165715 2.162283 49.267960 -0.922106 0.022992 0.386254 0.222622 0.747399 1 38 1.000000 
noIcon.pic
0 -8.627746 -0.381459 59.403099 0.940776 -0.000631 0.339029 0.264095 0.896115 1 38 1.000000 
0 -7.467533 2.329984 56.188656 0.940951 -0.000007 0.338543 0.202765 0.896826 1 38 1.000000 
0 -8.627746 2.330746 59.403099 0.940606 -0.000000 0.339500 0.228652 0.895624 1 38 1.000000 
noIcon.pic
0 -6.382712 5.036973 53.163544 0.998217 0.025050 0.054182 0.140588 0.880499 1 38 1.000000 
0 -7.467533 2.329984 56.188656 0.940951 -0.000007 0.338543 0.202765 0.896826 1 38 1.000000 
0 -6.382712 2.330746 53.163544 0.993957 -0.017623 -0.108347 0.191140 0.887215 1 38 1.000000 
noIcon.pic
0 -10.169268 3.920283 47.294327 0.846595 0.067246 -0.527973 0.188319 0.747628 1 38 1.000000 
0 -6.382712 5.036973 53.163544 0.998217 0.025050 0.054182 0.140588 0.880499 1 38 1.000000 
0 -6.382712 2.330746 53.163544 0.993957 -0.017623 -0.108347 0.191140 0.887215 1 38 1.000000 
noIcon.pic
0 -10.169268 3.920283 47.294327 0.846595 0.067246 -0.527973 0.188319 0.747628 1 38 1.000000 
0 -6.382712 2.330746 53.163544 0.993957 -0.017623 -0.108347 0.191140 0.887215 1 38 1.000000 
0 -9.764142 1.895598 47.341381 0.844628 -0.031747 -0.534411 0.209541 0.749620 1 38 1.000000 
noIcon.pic
0 -10.169268 -0.056007 47.846016 -0.496055 -0.119060 -0.860090 0.229263 0.751471 1 38 1.000000 
0 -11.471635 2.026496 48.308880 -0.496370 -0.119242 -0.859883 0.213205 0.750101 1 38 1.000000 
0 -9.764142 1.895598 47.341381 -0.496368 -0.119303 -0.859875 0.209541 0.749620 1 38 1.000000 
noIcon.pic
0 -6.047840 5.242038 -0.015347 -0.000002 -0.000011 -1.000000 0.222214 0.579698 1 10 1.000000 
0 -2.667663 4.597793 -0.015347 -0.000002 -0.000011 -1.000000 0.244925 0.580820 1 10 1.000000 
0 -3.529700 -0.049737 -0.015295 -0.000002 -0.000011 -1.000000 0.245191 0.545637 1 10 1.000000 
noIcon.pic
0 -6.047840 5.242038 -0.015347 -0.000002 -0.000011 -1.000000 0.222214 0.579698 1 10 1.000000 
0 -3.529700 -0.049737 -0.015295 -0.000002 -0.000011 -1.000000 0.245191 0.545637 1 10 1.000000 
0 -7.743904 0.741699 -0.015295 -0.000002 -0.000011 -1.000000 0.225348 0.542726 1 10 1.000000 
noIcon.pic
0 -4.719940 -6.029272 -0.015225 -0.000002 -0.000011 -1.000000 0.245579 0.494298 1 10 1.000000 
0 -8.934822 -5.237709 -0.015225 -0.000002 -0.000011 -1.000000 0.229449 0.494334 1 10 1.000000 
0 -7.743904 0.741699 -0.015295 -0.000002 -0.000011 -1.000000 0.225348 0.542726 1 10 1.000000 
noIcon.pic
0 -4.719940 -6.029272 -0.015225 -0.000002 -0.000011 -1.000000 0.245579 0.494298 1 10 1.000000 
0 -7.743904 0.741699 -0.015295 -0.000002 -0.000011 -1.000000 0.225348 0.542726 1 10 1.000000 
0 -3.529700 -0.049737 -0.015295 -0.000002 -0.000011 -1.000000 0.245191 0.545637 1 10 1.000000 
noIcon.pic
0 -2.667370 4.597738 3.403144 0.020087 0.105699 0.994195 0.246540 0.583984 1 10 1.000000 
0 -6.047547 5.241983 3.403950 0.020087 0.105699 0.994195 0.219493 0.581692 1 10 1.000000 
0 -7.804055 0.404335 3.952756 -0.027533 -0.147465 0.988684 0.222749 0.544871 1 10 1.000000 
noIcon.pic
0 -2.667370 4.597738 3.403144 0.020087 0.105699 0.994195 0.246540 0.583984 1 10 1.000000 
0 -7.804055 0.404335 3.952756 -0.027533 -0.147465 0.988684 0.222749 0.544871 1 10 1.000000 
0 -3.587280 -0.387584 3.952756 -0.027533 -0.147465 0.988684 0.246762 0.541970 1 10 1.000000 
noIcon.pic
0 -8.934822 -5.237709 -0.015225 -0.175208 -0.932975 0.314420 0.229449 0.494334 1 10 1.000000 
0 -4.719940 -6.029272 -0.015225 -0.175208 -0.932975 0.314420 0.245579 0.494298 1 10 1.000000 
0 -4.608748 -5.470132 1.705784 -0.136155 -0.725232 0.674908 0.246979 0.500721 1 10 1.000000 
noIcon.pic
0 -8.934822 -5.237709 -0.015225 -0.175208 -0.932975 0.314420 0.229449 0.494334 1 10 1.000000 
0 -4.608748 -5.470132 1.705784 -0.136155 -0.725232 0.674908 0.246979 0.500721 1 10 1.000000 
0 -8.823592 -4.678369 1.706564 -0.136155 -0.725232 0.674908 0.226826 0.498776 1 10 1.000000 
noIcon.pic
0 -6.047840 5.242038 -0.015347 0.187225 0.982317 -0.000000 0.222214 0.579698 1 10 1.000000 
0 -6.047547 5.241983 3.403950 0.187225 0.982317 -0.000000 0.219493 0.581692 1 10 1.000000 
0 -2.667370 4.597738 3.403144 0.187225 0.982317 -0.000000 0.246540 0.583984 1 10 1.000000 
noIcon.pic
0 -6.047840 5.242038 -0.015347 0.187225 0.982317 -0.000000 0.222214 0.579698 1 10 1.000000 
0 -2.667370 4.597738 3.403144 0.187225 0.982317 -0.000000 0.246540 0.583984 1 10 1.000000 
0 -2.667663 4.597793 -0.015347 0.187225 0.982317 -0.000000 0.244925 0.580820 1 10 1.000000 
noIcon.pic
0 -2.667663 4.597793 -0.015347 0.983310 -0.181939 -0.000697 0.244925 0.580820 1 10 1.000000 
0 -2.667370 4.597738 3.403144 0.983310 -0.181939 -0.000697 0.246540 0.583984 1 10 1.000000 
0 -3.587280 -0.387584 3.952756 0.982007 -0.188843 -0.001162 0.246762 0.541970 1 10 1.000000 
noIcon.pic
0 -2.667663 4.597793 -0.015347 0.983310 -0.181939 -0.000697 0.244925 0.580820 1 10 1.000000 
0 -3.587280 -0.387584 3.952756 0.982007 -0.188843 -0.001162 0.246762 0.541970 1 10 1.000000 
0 -3.529700 -0.049737 -0.015295 0.982007 -0.188843 -0.001162 0.245191 0.545637 1 10 1.000000 
noIcon.pic
0 -8.823592 -4.678369 1.706564 -0.136155 -0.725232 0.674908 0.226826 0.498776 1 10 1.000000 
0 -4.608748 -5.470132 1.705784 -0.136155 -0.725232 0.674908 0.246979 0.500721 1 10 1.000000 
0 -3.587280 -0.387584 3.952756 -0.027533 -0.147465 0.988684 0.246762 0.541970 1 10 1.000000 
noIcon.pic
0 -8.823592 -4.678369 1.706564 -0.136155 -0.725232 0.674908 0.226826 0.498776 1 10 1.000000 
0 -3.587280 -0.387584 3.952756 -0.027533 -0.147465 0.988684 0.246762 0.541970 1 10 1.000000 
0 -7.804055 0.404335 3.952756 -0.027533 -0.147465 0.988684 0.222749 0.544871 1 10 1.000000 
noIcon.pic
0 -8.934822 -5.237709 -0.015225 -0.980659 0.195720 0.001168 0.229449 0.494334 1 10 1.000000 
0 -8.823592 -4.678369 1.706564 -0.980659 0.195720 0.001168 0.226826 0.498776 1 10 1.000000 
0 -7.804055 0.404335 3.952756 -0.962198 0.272309 0.004729 0.222749 0.544871 1 10 1.000000 
noIcon.pic
0 -8.934822 -5.237709 -0.015225 -0.980659 0.195720 0.001168 0.229449 0.494334 1 10 1.000000 
0 -7.804055 0.404335 3.952756 -0.962198 0.272309 0.004729 0.222749 0.544871 1 10 1.000000 
0 -7.743904 0.741699 -0.015295 -0.962198 0.272309 0.004729 0.225348 0.542726 1 10 1.000000 
noIcon.pic
0 -6.047547 5.241983 3.403950 -0.937753 0.347205 0.008260 0.219493 0.581692 1 10 1.000000 
0 -6.047840 5.242038 -0.015347 -0.937753 0.347205 0.008260 0.222214 0.579698 1 10 1.000000 
0 -7.743904 0.741699 -0.015295 -0.962198 0.272309 0.004729 0.225348 0.542726 1 10 1.000000 
noIcon.pic
0 -6.047547 5.241983 3.403950 -0.937753 0.347205 0.008260 0.219493 0.581692 1 10 1.000000 
0 -7.743904 0.741699 -0.015295 -0.962198 0.272309 0.004729 0.225348 0.542726 1 10 1.000000 
0 -7.804055 0.404335 3.952756 -0.962198 0.272309 0.004729 0.222749 0.544871 1 10 1.000000 
noIcon.pic
0 -4.608748 -5.470132 1.705784 0.980655 -0.195738 -0.001627 0.246979 0.500721 1 10 1.000000 
0 -4.719940 -6.029272 -0.015225 0.980655 -0.195738 -0.001627 0.245579 0.494298 1 10 1.000000 
0 -3.529700 -0.049737 -0.015295 0.982007 -0.188843 -0.001162 0.245191 0.545637 1 10 1.000000 
noIcon.pic
0 -4.608748 -5.470132 1.705784 0.980655 -0.195738 -0.001627 0.246979 0.500721 1 10 1.000000 
0 -3.529700 -0.049737 -0.015295 0.982007 -0.188843 -0.001162 0.245191 0.545637 1 10 1.000000 
0 -3.587280 -0.387584 3.952756 0.982007 -0.188843 -0.001162 0.246762 0.541970 1 10 1.000000 
noIcon.pic
0 4.118045 0.303214 35.404064 -0.375138 -0.073841 0.924023 0.256091 0.448988 1 4 1.000000 
0 4.118045 -3.546000 35.096462 -0.375138 -0.073841 0.924023 0.388376 0.445854 1 4 1.000000 
0 6.722048 -2.856807 36.208721 -0.375138 -0.073841 0.924023 0.341085 0.513906 1 4 1.000000 
noIcon.pic
0 6.722048 -2.856807 36.208721 0.726475 -0.684812 -0.057145 0.341085 0.513906 1 4 1.000000 
0 4.118045 -3.546000 35.096462 -0.005090 -0.994381 -0.105740 0.388376 0.445854 1 4 1.000000 
0 4.684876 -2.053272 20.807198 -0.005090 -0.994381 -0.105740 0.364974 0.102654 1 4 1.000000 
noIcon.pic
0 6.722048 -2.856807 36.208721 0.726475 -0.684812 -0.057145 0.341085 0.513906 1 4 1.000000 
0 4.684876 -2.053272 20.807198 -0.005090 -0.994381 -0.105740 0.364974 0.102654 1 4 1.000000 
0 6.941211 -1.349930 20.863405 0.726475 -0.684812 -0.057145 0.322140 0.135638 1 4 1.000000 
noIcon.pic
0 4.684876 1.448444 21.087030 0.000000 0.079659 -0.996822 0.274742 0.086608 1 4 1.000000 
0 4.684876 -2.053272 20.807198 0.000000 0.079659 -0.996822 0.364974 0.102654 1 4 1.000000 
0 2.585422 -1.349930 20.863405 0.000000 0.079659 -0.996822 0.399546 0.076032 1 4 1.000000 
noIcon.pic
0 7.467533 2.329984 56.188656 -0.940951 -0.000007 0.338543 0.202765 0.896826 1 19 1.000000 
0 6.382712 2.330746 53.163544 -0.993957 -0.017623 -0.108347 0.191140 0.887215 1 19 1.000000 
0 6.382712 -0.381459 53.163544 -0.997497 -0.048355 0.051600 0.248706 0.894864 1 19 1.000000 
noIcon.pic
0 3.529700 -0.049737 -0.015295 -0.982007 -0.188843 -0.001162 0.245191 0.545637 1 6 1.000000 
0 3.587280 -0.387584 3.952756 -0.982007 -0.188843 -0.001162 0.246762 0.541970 1 6 1.000000 
0 2.667370 4.597738 3.403144 -0.983310 -0.181939 -0.000697 0.246540 0.583984 1 6 1.000000 
noIcon.pic
0 3.529700 -0.049737 -0.015295 -0.982007 -0.188843 -0.001162 0.245191 0.545637 1 6 1.000000 
0 2.667370 4.597738 3.403144 -0.983310 -0.181939 -0.000697 0.246540 0.583984 1 6 1.000000 
0 2.667663 4.597793 -0.015347 -0.983310 -0.181939 -0.000697 0.244925 0.580820 1 6 1.000000 
noIcon.pic
0 1.337068 3.027522 60.289944 0.312060 0.104365 0.944313 0.161761 0.888121 1 18 1.000000 
0 2.612418 -0.785890 60.289944 0.312060 0.104365 0.944313 0.257314 0.895566 1 18 1.000000 
0 7.469340 0.954135 58.492607 0.312060 0.104365 0.944313 0.232766 0.747844 1 18 1.000000 
noIcon.pic
0 1.337068 3.027522 60.289944 0.312060 0.104365 0.944313 0.161761 0.888121 1 18 1.000000 
0 7.469340 0.954135 58.492607 0.312060 0.104365 0.944313 0.232766 0.747844 1 18 1.000000 
0 6.193990 4.767548 58.492607 0.312060 0.104365 0.944313 0.197117 0.746480 1 18 1.000000 
noIcon.pic
0 11.682100 1.903630 47.755478 -0.487234 0.196832 0.850800 0.214539 0.741706 1 20 1.000000 
0 13.632403 2.149453 48.815502 -0.487235 0.197279 0.850696 0.208319 0.735854 1 20 1.000000 
0 13.113859 3.653961 48.169609 -0.487742 0.197791 0.850286 0.196410 0.732195 1 20 1.000000 
noIcon.pic
0 15.320684 -2.130038 38.102619 -0.971065 -0.036835 -0.235956 0.244925 0.580820 1 21 1.000000 
0 15.320684 1.454818 37.607941 -0.971065 -0.036835 -0.235956 0.222214 0.579698 1 21 1.000000 
0 16.723591 1.346846 31.786245 -0.971065 -0.036835 -0.235956 0.229449 0.494334 1 21 1.000000 
noIcon.pic
0 15.320684 -2.130038 38.102619 -0.971065 -0.036835 -0.235956 0.244925 0.580820 1 21 1.000000 
0 16.723591 1.346846 31.786245 -0.971065 -0.036835 -0.235956 0.229449 0.494334 1 21 1.000000 
0 16.723591 -3.156744 32.554253 -0.971065 -0.036835 -0.235956 0.245579 0.494298 1 21 1.000000 
noIcon.pic
0 0.000000 0.339693 52.265823 0.000000 0.245072 0.969505 -0.052419 0.987010 1 13 1.000000 
0 4.631546 -3.654910 53.256466 -0.011389 0.228228 0.973541 0.375558 0.886762 1 13 1.000000 
0 7.039791 0.162784 52.469143 -0.022297 0.230715 0.972766 0.256783 0.882495 1 13 1.000000 
noIcon.pic
0 0.000000 -0.159635 41.679729 -0.000000 0.246983 -0.969020 0.577366 0.970634 1 13 1.000000 
0 4.305425 4.097380 43.267979 0.044046 0.309806 -0.949779 0.138275 0.789440 1 13 1.000000 
0 6.778778 -0.098462 41.948658 0.036196 0.246537 -0.968457 0.261991 0.736776 1 13 1.000000 
noIcon.pic
0 6.456164 2.735260 57.341717 0.896781 0.299918 -0.325319 0.213205 0.750101 1 18 1.000000 
0 6.193990 4.767548 58.492607 0.896781 0.299918 -0.325319 0.197117 0.746480 1 18 1.000000 
0 7.469340 0.954135 58.492607 0.896781 0.299918 -0.325319 0.232766 0.747844 1 18 1.000000 
noIcon.pic
0 5.244880 4.224150 34.564789 0.668738 0.738971 0.081922 0.141889 0.301056 1 3 1.000000 
0 0.000000 5.472635 34.564789 0.000000 0.999862 0.016629 -0.015080 0.289531 1 3 1.000000 
0 0.000000 5.590272 42.849884 0.000000 0.999862 0.016629 -0.014842 0.829286 1 3 1.000000 
noIcon.pic
0 5.244880 4.224150 34.564789 0.668738 0.738971 0.081922 0.141889 0.301056 1 3 1.000000 
0 0.000000 5.590272 42.849884 0.000000 0.999862 0.016629 -0.014842 0.829286 1 3 1.000000 
0 4.252344 4.117292 42.743980 0.668738 0.738971 0.081922 0.144803 0.809039 1 3 1.000000 
noIcon.pic
0 0.000000 -0.968364 42.352261 0.000000 -0.064645 0.997908 0.550846 0.952030 1 3 1.000000 
0 4.252344 4.117292 42.743980 -0.000686 -0.076226 0.997090 0.144803 0.809039 1 3 1.000000 
0 0.000000 5.590272 42.849884 0.000000 -0.075655 0.997134 0.985158 0.829286 1 3 1.000000 
noIcon.pic
0 16.478615 -0.082963 38.964630 0.487235 -0.228923 -0.842732 0.233296 0.595263 1 20 1.000000 
0 16.477831 -1.807803 39.433517 0.487235 -0.229285 -0.842633 0.240356 0.598642 1 20 1.000000 
0 15.312822 -1.563216 38.692726 0.487399 -0.229083 -0.842593 0.243751 0.596732 1 20 1.000000 
noIcon.pic
0 16.655962 -0.177496 38.437943 -0.310181 0.131829 0.941493 0.235757 0.582084 1 21 1.000000 
0 18.180408 1.581642 38.527016 -0.259650 0.176940 0.949355 0.219493 0.581692 1 21 1.000000 
0 15.320684 1.454818 37.607941 -0.359227 0.172506 0.917168 0.222214 0.579698 1 21 1.000000 
noIcon.pic
0 1.599242 0.995234 59.139053 -0.896781 -0.299918 0.325319 0.202765 0.896826 1 18 1.000000 
0 1.861416 -1.037054 57.988163 -0.896781 -0.299918 0.325319 0.258599 0.896247 1 18 1.000000 
0 2.612418 -0.785890 60.289944 -0.896781 -0.299918 0.325319 0.257314 0.895566 1 18 1.000000 
noIcon.pic
0 16.478615 -0.082963 38.964630 0.487235 -0.228923 -0.842732 0.233296 0.595263 1 20 1.000000 
0 16.476652 1.599062 38.507385 0.487235 -0.228550 -0.842833 0.226315 0.591357 1 20 1.000000 
0 17.644407 1.354474 39.248169 0.487067 -0.228764 -0.842872 0.223185 0.593322 1 20 1.000000 
noIcon.pic
0 0.000000 1.685446 61.493149 -0.000000 -0.280608 0.959822 -0.041127 0.989903 1 14 1.000000 
0 6.010306 2.437191 60.533993 0.400345 -0.447148 0.799864 0.222157 0.944465 1 14 1.000000 
0 3.604704 5.010542 61.594769 0.203086 -0.249103 0.946944 0.104756 0.936353 1 14 1.000000 
noIcon.pic
0 6.456164 2.735260 57.341717 0.896781 0.299918 -0.325319 0.213205 0.750101 1 18 1.000000 
0 5.442987 4.516384 56.190826 0.896781 0.299918 -0.325319 0.192634 0.749406 1 18 1.000000 
0 6.193990 4.767548 58.492607 0.896781 0.299918 -0.325319 0.197117 0.746480 1 18 1.000000 
noIcon.pic
0 4.118045 0.303214 35.404064 -0.375138 -0.073841 0.924023 0.256091 0.448988 1 4 1.000000 
0 4.118045 4.201498 35.715588 -0.375138 -0.073841 0.924023 0.118940 0.444930 1 4 1.000000 
0 1.695097 3.506468 34.676369 -0.375138 -0.073841 0.924023 0.069145 0.369138 1 4 1.000000 
noIcon.pic
0 4.631546 -3.654910 53.256466 0.622635 -0.782466 0.008529 0.375558 0.886762 1 13 1.000000 
0 0.000000 -4.989814 53.587513 0.000000 -0.999545 0.030153 0.505564 0.894477 1 13 1.000000 
0 0.000000 -5.725743 40.590252 0.000000 -0.999545 0.030153 0.505520 0.651838 1 13 1.000000 
noIcon.pic
0 4.631546 -3.654910 53.256466 0.622635 -0.782466 0.008529 0.375558 0.886762 1 13 1.000000 
0 0.000000 -5.725743 40.590252 0.000000 -0.999545 0.030153 0.505520 0.651838 1 13 1.000000 
0 4.305425 -3.793571 41.203587 0.622635 -0.782466 0.008529 0.385132 0.686789 1 13 1.000000 
noIcon.pic
0 7.467533 2.329984 56.188656 -0.940951 -0.000007 0.338543 0.202765 0.896826 1 19 1.000000 
0 7.470633 5.036973 56.187401 -0.940945 0.001235 0.338557 0.167903 0.887939 1 19 1.000000 
0 6.382712 5.036973 53.163544 -0.998217 0.025050 0.054182 0.140588 0.880499 1 19 1.000000 
noIcon.pic
0 15.320684 -2.130038 38.102619 -0.359270 0.086104 0.929253 0.244925 0.580820 1 21 1.000000 
0 16.655962 -0.177496 38.437943 -0.310181 0.131829 0.941493 0.235757 0.582084 1 21 1.000000 
0 15.320684 1.454818 37.607941 -0.359227 0.172506 0.917168 0.222214 0.579698 1 21 1.000000 
noIcon.pic
0 3.587280 -0.387584 3.952756 -0.982007 -0.188843 -0.001162 0.246762 0.541970 1 6 1.000000 
0 3.529700 -0.049737 -0.015295 -0.982007 -0.188843 -0.001162 0.245191 0.545637 1 6 1.000000 
0 4.719940 -6.029272 -0.015225 -0.980655 -0.195738 -0.001627 0.245579 0.494298 1 6 1.000000 
noIcon.pic
0 3.587280 -0.387584 3.952756 -0.982007 -0.188843 -0.001162 0.246762 0.541970 1 6 1.000000 
0 4.719940 -6.029272 -0.015225 -0.980655 -0.195738 -0.001627 0.245579 0.494298 1 6 1.000000 
0 4.608748 -5.470132 1.705784 -0.980655 -0.195738 -0.001627 0.246979 0.500721 1 6 1.000000 
noIcon.pic
0 3.604704 5.010542 61.594769 0.546985 0.741809 0.387977 0.104756 0.936353 1 14 1.000000 
0 6.010306 2.437191 60.533993 0.809659 0.529240 0.253689 0.222157 0.944465 1 14 1.000000 
0 6.453197 2.426945 57.893520 0.974596 -0.079195 0.209502 0.250147 0.900667 1 14 1.000000 
noIcon.pic
0 3.604704 5.010542 61.594769 0.546985 0.741809 0.387977 0.104756 0.936353 1 14 1.000000 
0 6.453197 2.426945 57.893520 0.974596 -0.079195 0.209502 0.250147 0.900667 1 14 1.000000 
0 4.294206 6.328268 57.893520 0.600323 0.762761 0.240433 0.117126 0.894587 1 14 1.000000 
noIcon.pic
0 4.472317 6.942173 53.852669 0.634245 0.761667 -0.132651 0.128898 0.886444 1 14 1.000000 
0 6.584416 1.942967 53.445175 0.996007 -0.050209 0.073814 0.251542 0.884485 1 14 1.000000 
0 6.793908 0.934082 48.710049 0.998994 -0.032876 0.030486 0.253768 0.858650 1 14 1.000000 
noIcon.pic
0 4.472317 6.942173 53.852669 0.634245 0.761667 -0.132651 0.128898 0.886444 1 14 1.000000 
0 6.793908 0.934082 48.710049 0.998994 -0.032876 0.030486 0.253768 0.858650 1 14 1.000000 
0 4.612149 5.732543 51.670696 0.350434 0.674738 -0.649558 0.138140 0.880050 1 14 1.000000 
noIcon.pic
0 7.467533 2.329984 56.188656 -0.940951 -0.000007 0.338543 0.202765 0.896826 1 19 1.000000 
0 8.627746 2.330746 59.403099 -0.940606 -0.000000 0.339500 0.228652 0.895624 1 19 1.000000 
0 8.627746 5.036973 59.403099 -0.940772 0.000617 0.339040 0.194376 0.895149 1 19 1.000000 
noIcon.pic
0 6.382712 5.036973 53.163544 -0.073858 0.986482 -0.146284 0.140588 0.880499 1 19 1.000000 
0 7.470633 5.036973 56.187401 0.057577 0.996058 -0.067478 0.167903 0.887939 1 19 1.000000 
0 11.472207 4.644194 47.945110 0.057577 0.996058 -0.067478 0.199335 0.747400 1 19 1.000000 
noIcon.pic
0 6.382712 5.036973 53.163544 -0.073858 0.986482 -0.146284 0.140588 0.880499 1 19 1.000000 
0 11.472207 4.644194 47.945110 0.057577 0.996058 -0.067478 0.199335 0.747400 1 19 1.000000 
0 10.169268 3.920283 47.294327 -0.073858 0.986482 -0.146284 0.188319 0.747628 1 19 1.000000 
noIcon.pic
0 11.471635 2.026496 48.308880 0.496370 -0.119242 -0.859883 0.213205 0.750101 1 19 1.000000 
0 11.472207 4.644194 47.945110 0.496370 -0.119595 -0.859834 0.199335 0.747400 1 19 1.000000 
0 12.760589 4.123905 48.761932 0.496542 -0.119436 -0.859756 0.209969 0.747180 1 19 1.000000 
noIcon.pic
0 0.000000 1.052266 48.085861 -0.000000 0.346206 -0.938159 -0.048304 0.983184 1 14 1.000000 
0 4.612149 5.732543 51.670696 0.350434 0.674738 -0.649558 0.138140 0.880050 1 14 1.000000 
0 6.793908 0.934082 48.710049 0.091810 0.345685 -0.933848 0.253768 0.858650 1 14 1.000000 
noIcon.pic
0 5.257683 2.632166 3.553048 0.054191 -0.275312 -0.959826 0.192046 0.045589 1 5 1.000000 
0 7.754672 2.624901 3.696109 0.054191 -0.275312 -0.959826 0.210531 0.066373 1 5 1.000000 
0 6.861585 0.233234 4.331700 0.054191 -0.275312 -0.959826 0.263526 0.060750 1 5 1.000000 
noIcon.pic
0 13.113859 3.653961 48.169609 0.636671 0.761167 0.123587 0.196410 0.732195 1 20 1.000000 
0 13.632403 2.149453 48.815502 0.901999 0.109676 0.417576 0.208319 0.735854 1 20 1.000000 
0 18.020102 0.142502 39.794613 0.901999 0.109676 0.417576 0.230178 0.596931 1 20 1.000000 
noIcon.pic
0 13.113859 3.653961 48.169609 0.636671 0.761167 0.123587 0.196410 0.732195 1 20 1.000000 
0 18.020102 0.142502 39.794613 0.901999 0.109676 0.417576 0.230178 0.596931 1 20 1.000000 
0 17.644407 1.354474 39.248169 0.636671 0.761167 0.123587 0.223185 0.593322 1 20 1.000000 
noIcon.pic
0 7.039791 0.162784 52.469143 0.996792 -0.060848 -0.051982 0.256783 0.882495 1 13 1.000000 
0 4.631546 -3.654910 53.256466 0.622635 -0.782466 0.008529 0.375558 0.886762 1 13 1.000000 
0 4.305425 -3.793571 41.203587 0.622635 -0.782466 0.008529 0.385132 0.686789 1 13 1.000000 
noIcon.pic
0 7.039791 0.162784 52.469143 0.996792 -0.060848 -0.051982 0.256783 0.882495 1 13 1.000000 
0 4.305425 -3.793571 41.203587 0.622635 -0.782466 0.008529 0.385132 0.686789 1 13 1.000000 
0 6.778778 -0.098462 41.948658 0.996792 -0.060848 -0.051982 0.261991 0.736776 1 13 1.000000 
noIcon.pic
0 0.000000 0.339693 52.265823 0.000000 0.245072 0.969505 0.947581 0.987010 1 13 1.000000 
0 0.000000 -4.989814 53.587513 0.000000 0.240703 0.970599 0.505564 0.894477 1 13 1.000000 
0 4.631546 -3.654910 53.256466 -0.011389 0.228228 0.973541 0.375558 0.886762 1 13 1.000000 
noIcon.pic
0 11.471635 2.026496 48.308880 0.496370 -0.119242 -0.859883 0.213205 0.750101 1 19 1.000000 
0 13.165715 2.162283 49.267960 0.496368 -0.119303 -0.859875 0.222622 0.747399 1 19 1.000000 
0 12.760589 0.147616 49.313622 0.496684 -0.119010 -0.859733 0.235223 0.747616 1 19 1.000000 
noIcon.pic
0 0.000000 -0.159635 41.679729 -0.000000 0.246983 -0.969020 0.577366 0.970634 1 13 1.000000 
0 4.305425 -3.793571 41.203587 0.045504 0.182598 -0.982134 0.385132 0.686789 1 13 1.000000 
0 0.000000 -5.725743 40.590252 0.000000 0.192089 -0.981377 0.505520 0.651838 1 13 1.000000 
noIcon.pic
0 0.000000 0.903659 63.962898 0.000000 0.275104 -0.961415 0.558392 0.992825 1 17 1.000000 
0 0.000000 3.268327 64.636185 0.000000 0.622848 -0.782343 0.973590 0.984776 1 17 1.000000 
0 1.670779 2.819102 64.508186 0.300523 0.520148 -0.799457 0.122972 0.987846 1 17 1.000000 
noIcon.pic
0 1.695097 -2.694751 34.180809 -0.727122 -0.676524 -0.116656 0.435810 0.377594 1 4 1.000000 
0 0.914344 0.406493 34.111668 -0.997278 0.004024 -0.073625 0.273031 0.373840 1 4 1.000000 
0 1.908910 1.448444 21.087030 -0.997278 0.004024 -0.073625 0.258393 0.065413 1 4 1.000000 
noIcon.pic
0 1.695097 -2.694751 34.180809 -0.727122 -0.676524 -0.116656 0.435810 0.377594 1 4 1.000000 
0 1.908910 1.448444 21.087030 -0.997278 0.004024 -0.073625 0.258393 0.065413 1 4 1.000000 
0 2.585422 -1.349930 20.863405 -0.727122 -0.676524 -0.116656 0.399546 0.076032 1 4 1.000000 
noIcon.pic
0 2.159266 3.625894 66.359856 0.626512 0.718771 -0.301413 0.108227 0.968819 1 17 1.000000 
0 3.293801 0.476629 65.463295 0.929808 0.099654 -0.354298 0.284159 0.970547 1 17 1.000000 
0 2.334481 0.903661 63.962891 0.878344 0.142081 -0.456426 0.324041 0.985281 1 17 1.000000 
noIcon.pic
0 2.159266 3.625894 66.359856 0.626512 0.718771 -0.301413 0.108227 0.968819 1 17 1.000000 
0 2.334481 0.903661 63.962891 0.878344 0.142081 -0.456426 0.324041 0.985281 1 17 1.000000 
0 1.670779 2.819102 64.508186 0.300523 0.520148 -0.799457 0.122972 0.987846 1 17 1.000000 
noIcon.pic
0 4.118045 0.303214 35.404064 -0.375138 -0.073841 0.924023 0.256091 0.448988 1 4 1.000000 
0 7.502801 0.194099 36.769497 -0.375138 -0.073841 0.924023 0.255522 0.514021 1 4 1.000000 
0 6.722048 3.344412 36.704277 -0.375138 -0.073841 0.924023 0.164412 0.514143 1 4 1.000000 
noIcon.pic
0 0.000000 6.260891 50.552887 0.000000 0.985568 -0.169279 -0.005482 0.874174 1 13 1.000000 
0 4.726436 5.701000 51.013012 0.610913 0.780007 -0.135548 0.127341 0.877821 1 13 1.000000 
0 4.305425 4.097380 43.267979 0.610913 0.780007 -0.135548 0.138275 0.789440 1 13 1.000000 
noIcon.pic
0 0.000000 6.260891 50.552887 0.000000 0.985568 -0.169279 -0.005482 0.874174 1 13 1.000000 
0 4.305425 4.097380 43.267979 0.610913 0.780007 -0.135548 0.138275 0.789440 1 13 1.000000 
0 0.000000 5.401637 43.439262 0.000000 0.985568 -0.169279 -0.008772 0.823226 1 13 1.000000 
noIcon.pic
0 5.257683 2.632166 3.553048 0.054191 -0.275312 -0.959826 0.192046 0.045589 1 5 1.000000 
0 5.203012 -0.376188 4.412862 0.054191 -0.275312 -0.959826 0.269264 0.040477 1 5 1.000000 
0 3.622962 0.233234 4.148851 0.054191 -0.275312 -0.959826 0.273604 0.025147 1 5 1.000000 
noIcon.pic
0 2.159266 -2.873855 64.691315 0.724990 -0.530903 -0.438785 0.421166 0.958721 1 17 1.000000 
0 0.000000 -3.936915 64.381760 0.000000 -0.873084 -0.487570 0.594018 0.956313 1 17 1.000000 
0 0.000000 -2.962447 62.852943 0.000000 -0.798210 -0.602379 0.558245 0.962055 1 17 1.000000 
noIcon.pic
0 2.159266 -2.873855 64.691315 0.724990 -0.530903 -0.438785 0.421166 0.958721 1 17 1.000000 
0 0.000000 -2.962447 62.852943 0.000000 -0.798210 -0.602379 0.558245 0.962055 1 17 1.000000 
0 1.670779 -1.874756 63.162514 0.718004 -0.443865 -0.536148 0.462426 0.963544 1 17 1.000000 
noIcon.pic
0 0.000000 1.685446 61.493149 -0.000000 -0.280608 0.959822 -0.041127 0.989903 1 14 1.000000 
0 3.604704 5.010542 61.594769 0.203086 -0.249103 0.946944 0.104756 0.936353 1 14 1.000000 
0 0.000000 4.897064 62.428577 0.000000 -0.279644 0.960104 -0.005697 0.929071 1 14 1.000000 
noIcon.pic
0 0.000000 4.897064 62.428577 0.000000 0.876214 0.481922 -0.005697 0.929071 1 14 1.000000 
0 3.604704 5.010542 61.594769 0.546985 0.741809 0.387977 0.104756 0.936353 1 14 1.000000 
0 4.294206 6.328268 57.893520 0.600323 0.762761 0.240433 0.117126 0.894587 1 14 1.000000 
noIcon.pic
0 0.000000 4.897064 62.428577 0.000000 0.876214 0.481922 -0.005697 0.929071 1 14 1.000000 
0 4.294206 6.328268 57.893520 0.600323 0.762761 0.240433 0.117126 0.894587 1 14 1.000000 
0 0.000000 7.627956 58.458416 0.000000 0.952301 0.305160 -0.004637 0.886245 1 14 1.000000 
noIcon.pic
0 0.586066 2.776358 57.988163 -0.335116 0.942154 0.006533 0.151036 0.883245 1 18 1.000000 
0 1.337068 3.027522 60.289944 -0.335116 0.942154 0.006533 0.161761 0.888121 1 18 1.000000 
0 6.193990 4.767548 58.492607 -0.335116 0.942154 0.006533 0.197117 0.746480 1 18 1.000000 
noIcon.pic
0 0.586066 2.776358 57.988163 -0.335116 0.942154 0.006533 0.151036 0.883245 1 18 1.000000 
0 6.193990 4.767548 58.492607 -0.335116 0.942154 0.006533 0.197117 0.746480 1 18 1.000000 
0 5.442987 4.516384 56.190826 -0.335116 0.942154 0.006533 0.192634 0.749406 1 18 1.000000 
noIcon.pic
0 0.000000 7.954350 53.935173 0.000000 0.974902 -0.222635 -0.005588 0.889470 1 14 1.000000 
0 4.472317 6.942173 53.852669 0.634245 0.761667 -0.132651 0.128898 0.886444 1 14 1.000000 
0 4.612149 5.732543 51.670696 0.350434 0.674738 -0.649558 0.138140 0.880050 1 14 1.000000 
noIcon.pic
0 0.000000 7.954350 53.935173 0.000000 0.974902 -0.222635 -0.005588 0.889470 1 14 1.000000 
0 4.612149 5.732543 51.670696 0.350434 0.674738 -0.649558 0.138140 0.880050 1 14 1.000000 
0 0.000000 6.284795 51.519169 0.000000 0.715400 -0.698716 -0.006294 0.891863 1 14 1.000000 
noIcon.pic
0 0.000000 0.903659 63.962898 0.000000 0.275104 -0.961415 0.558392 0.992825 1 17 1.000000 
0 1.670779 2.819102 64.508186 0.300523 0.520148 -0.799457 0.122972 0.987846 1 17 1.000000 
0 2.334481 0.903661 63.962891 -0.000004 0.275309 -0.961356 0.324041 0.985281 1 17 1.000000 
noIcon.pic
0 0.000000 1.052266 48.085861 -0.000000 0.346206 -0.938159 -0.048304 0.983184 1 14 1.000000 
0 0.000000 6.284795 51.519169 0.000000 0.715400 -0.698716 -0.006294 0.891863 1 14 1.000000 
0 4.612149 5.732543 51.670696 0.350434 0.674738 -0.649558 0.138140 0.880050 1 14 1.000000 
noIcon.pic
0 8.627746 5.036973 59.403099 0.918338 0.120571 0.376984 0.194376 0.895149 1 19 1.000000 
0 8.627746 2.330746 59.403099 0.922106 0.022992 0.386254 0.228652 0.895624 1 19 1.000000 
0 13.165715 2.162283 49.267960 0.922106 0.022992 0.386254 0.222622 0.747399 1 19 1.000000 
noIcon.pic
0 8.627746 5.036973 59.403099 0.918338 0.120571 0.376984 0.194376 0.895149 1 19 1.000000 
0 13.165715 2.162283 49.267960 0.922106 0.022992 0.386254 0.222622 0.747399 1 19 1.000000 
0 12.760589 4.123905 48.761932 0.918338 0.120571 0.376984 0.209969 0.747180 1 19 1.000000 
noIcon.pic
0 0.000000 -0.167359 34.564789 0.000000 0.000000 -1.000000 0.591717 0.069887 1 3 1.000000 
0 5.244880 4.224150 34.564789 0.000000 0.000000 -1.000000 0.141889 0.301056 1 3 1.000000 
0 7.097232 -0.167359 34.564789 0.000000 0.000000 -1.000000 0.268476 0.323564 1 3 1.000000 
noIcon.pic
0 2.667663 4.597793 -0.015347 -0.187225 0.982317 -0.000000 0.244925 0.580820 1 6 1.000000 
0 2.667370 4.597738 3.403144 -0.187225 0.982317 -0.000000 0.246540 0.583984 1 6 1.000000 
0 6.047547 5.241983 3.403950 -0.187225 0.982317 -0.000000 0.219493 0.581692 1 6 1.000000 
noIcon.pic
0 2.667663 4.597793 -0.015347 -0.187225 0.982317 -0.000000 0.244925 0.580820 1 6 1.000000 
0 6.047547 5.241983 3.403950 -0.187225 0.982317 -0.000000 0.219493 0.581692 1 6 1.000000 
0 6.047840 5.242038 -0.015347 -0.187225 0.982317 -0.000000 0.222214 0.579698 1 6 1.000000 
noIcon.pic
0 0.000000 4.364033 66.570107 0.000000 0.965066 -0.262006 -0.010393 0.963107 1 17 1.000000 
0 2.159266 3.625894 66.359856 0.626512 0.718771 -0.301413 0.108227 0.968819 1 17 1.000000 
0 1.670779 2.819102 64.508186 0.300523 0.520148 -0.799457 0.122972 0.987846 1 17 1.000000 
noIcon.pic
0 0.000000 4.364033 66.570107 0.000000 0.965066 -0.262006 -0.010393 0.963107 1 17 1.000000 
0 1.670779 2.819102 64.508186 0.300523 0.520148 -0.799457 0.122972 0.987846 1 17 1.000000 
0 0.000000 3.268327 64.636185 0.000000 0.622848 -0.782343 -0.026410 0.984776 1 17 1.000000 
noIcon.pic
0 11.682100 1.903630 47.755478 -0.487234 0.196832 0.850800 0.214539 0.741706 1 20 1.000000 
0 11.684803 -0.300813 48.260216 -0.487232 0.194338 0.851374 0.228625 0.744686 1 20 1.000000 
0 13.113859 0.459542 48.910404 -0.488574 0.195640 0.850306 0.223326 0.740465 1 20 1.000000 
noIcon.pic
0 0.000000 -0.009162 72.240387 0.000000 -0.000000 1.000000 0.558392 0.994733 1 17 1.000000 
0 1.670779 1.982385 72.240387 0.268871 0.259048 0.927687 0.122972 0.990779 1 17 1.000000 
0 0.000000 2.449490 72.240387 0.000000 0.352491 0.935815 0.973590 0.988448 1 17 1.000000 
noIcon.pic
0 4.684876 1.448444 21.087030 0.000000 0.079659 -0.996822 0.274742 0.086608 1 4 1.000000 
0 4.684876 4.994798 21.370430 0.000000 0.079659 -0.996822 0.178055 0.091995 1 4 1.000000 
0 6.941211 4.291457 21.314224 0.000000 0.079659 -0.996822 0.206977 0.127473 1 4 1.000000 
noIcon.pic
0 0.000000 0.903659 63.962898 0.000000 0.275104 -0.961415 0.558392 0.992825 1 17 1.000000 
0 2.334481 0.903661 63.962891 -0.000004 0.275309 -0.961356 0.324041 0.985281 1 17 1.000000 
0 1.670779 -1.874756 63.162514 -0.000780 0.276383 -0.961047 0.462426 0.963544 1 17 1.000000 
noIcon.pic
0 2.334481 -0.009162 72.240387 0.415994 -0.020203 0.909143 0.324041 0.988932 1 17 1.000000 
0 1.670779 -1.295364 72.240387 0.297256 -0.268001 0.916414 0.440917 0.982270 1 17 1.000000 
0 2.200867 -2.664217 70.885071 0.633708 -0.610894 0.474577 0.418050 0.966239 1 17 1.000000 
noIcon.pic
0 2.334481 -0.009162 72.240387 0.415994 -0.020203 0.909143 0.324041 0.988932 1 17 1.000000 
0 2.200867 -2.664217 70.885071 0.633708 -0.610894 0.474577 0.418050 0.966239 1 17 1.000000 
0 3.464850 -0.009162 70.885284 0.898284 -0.040575 0.437538 0.284159 0.974905 1 17 1.000000 
noIcon.pic
0 3.293801 0.476629 65.463295 0.929808 0.099654 -0.354298 0.284159 0.970547 1 17 1.000000 
0 2.159266 -2.873855 64.691315 0.724990 -0.530903 -0.438785 0.421166 0.958721 1 17 1.000000 
0 1.670779 -1.874756 63.162514 0.718004 -0.443865 -0.536148 0.462426 0.963544 1 17 1.000000 
noIcon.pic
0 3.293801 0.476629 65.463295 0.929808 0.099654 -0.354298 0.284159 0.970547 1 17 1.000000 
0 1.670779 -1.874756 63.162514 0.718004 -0.443865 -0.536148 0.462426 0.963544 1 17 1.000000 
0 2.334481 0.903661 63.962891 0.878344 0.142081 -0.456426 0.324041 0.985281 1 17 1.000000 
noIcon.pic
0 0.000000 2.449490 72.240387 0.000000 0.352491 0.935815 -0.026410 0.988448 1 17 1.000000 
0 1.670779 1.982385 72.240387 0.268871 0.259048 0.927687 0.122972 0.990779 1 17 1.000000 
0 2.200867 3.265237 70.885521 0.619269 0.615527 0.487476 0.108227 0.973302 1 17 1.000000 
noIcon.pic
0 0.000000 2.449490 72.240387 0.000000 0.352491 0.935815 -0.026410 0.988448 1 17 1.000000 
0 2.200867 3.265237 70.885521 0.619269 0.615527 0.487476 0.108227 0.973302 1 17 1.000000 
0 0.000000 4.032325 70.885620 0.000000 0.864919 0.501912 -0.010393 0.968408 1 17 1.000000 
noIcon.pic
0 4.684876 1.448444 21.087030 0.000000 0.079659 -0.996822 0.274742 0.086608 1 4 1.000000 
0 1.908910 1.448444 21.087030 0.000000 0.079659 -0.996822 0.258393 0.065413 1 4 1.000000 
0 2.585422 4.291457 21.314224 -0.000000 0.079659 -0.996822 0.149722 0.057238 1 4 1.000000 
noIcon.pic
0 18.180408 1.581642 38.527016 0.991923 0.019564 0.125325 0.219493 0.581692 1 21 1.000000 
0 18.180408 -2.003214 39.021694 0.991923 0.019564 0.125325 0.246540 0.583984 1 21 1.000000 
0 19.029423 -3.157735 32.547073 0.991923 0.019564 0.125325 0.246979 0.500721 1 21 1.000000 
noIcon.pic
0 18.180408 1.581642 38.527016 0.991923 0.019564 0.125325 0.219493 0.581692 1 21 1.000000 
0 19.029423 -3.157735 32.547073 0.991923 0.019564 0.125325 0.246979 0.500721 1 21 1.000000 
0 19.029423 1.345855 31.779068 0.991923 0.019564 0.125325 0.226826 0.498776 1 21 1.000000 
noIcon.pic
0 16.478615 -0.082963 38.964630 0.487235 -0.228923 -0.842732 0.233296 0.595263 1 20 1.000000 
0 18.020102 0.142502 39.794613 0.487235 -0.228928 -0.842730 0.230178 0.596931 1 20 1.000000 
0 17.644407 -1.222189 39.948120 0.487070 -0.229131 -0.842770 0.237073 0.600489 1 20 1.000000 
noIcon.pic
0 7.097232 -0.167359 34.564789 0.993925 -0.025215 0.107131 0.268476 0.323564 1 3 1.000000 
0 5.244880 4.224150 34.564789 0.668738 0.738971 0.081922 0.141889 0.301056 1 3 1.000000 
0 4.252344 4.117292 42.743980 0.668738 0.738971 0.081922 0.144803 0.809039 1 3 1.000000 
noIcon.pic
0 7.097232 -0.167359 34.564789 0.993925 -0.025215 0.107131 0.268476 0.323564 1 3 1.000000 
0 4.252344 4.117292 42.743980 0.668738 0.738971 0.081922 0.144803 0.809039 1 3 1.000000 
0 6.183283 -0.968364 42.352261 0.993925 -0.025215 0.107131 0.280618 0.794344 1 3 1.000000 
noIcon.pic
0 0.000000 -0.968364 42.352261 0.000000 -0.064645 0.997908 0.550846 0.952030 1 3 1.000000 
0 6.183283 -0.968364 42.352261 0.000000 -0.065082 0.997880 0.280618 0.794344 1 3 1.000000 
0 4.252344 4.117292 42.743980 -0.000686 -0.076226 0.997090 0.144803 0.809039 1 3 1.000000 
noIcon.pic
0 4.726436 5.701000 51.013012 0.610913 0.780007 -0.135548 0.127341 0.877821 1 13 1.000000 
0 7.039791 0.162784 52.469143 0.996792 -0.060848 -0.051982 0.256783 0.882495 1 13 1.000000 
0 6.778778 -0.098462 41.948658 0.996792 -0.060848 -0.051982 0.261991 0.736776 1 13 1.000000 
noIcon.pic
0 4.726436 5.701000 51.013012 0.610913 0.780007 -0.135548 0.127341 0.877821 1 13 1.000000 
0 6.778778 -0.098462 41.948658 0.996792 -0.060848 -0.051982 0.261991 0.736776 1 13 1.000000 
0 4.305425 4.097380 43.267979 0.610913 0.780007 -0.135548 0.138275 0.789440 1 13 1.000000 
noIcon.pic
0 0.000000 -0.167359 34.564789 0.000000 0.000000 -1.000000 0.591717 0.069887 1 3 1.000000 
0 7.097232 -0.167359 34.564789 0.000000 0.000000 -1.000000 0.268476 0.323564 1 3 1.000000 
0 5.244880 -4.323323 34.564789 0.000000 0.000000 -1.000000 0.403823 0.350496 1 3 1.000000 
noIcon.pic
0 2.524233 -3.856018 67.136475 0.731131 -0.680667 -0.046264 0.419674 0.962321 1 17 1.000000 
0 0.000000 -4.752464 66.889694 0.000000 -0.999052 -0.043525 0.595720 0.960046 1 17 1.000000 
0 0.000000 -3.936915 64.381760 0.000000 -0.873084 -0.487570 0.594018 0.956313 1 17 1.000000 
noIcon.pic
0 2.524233 -3.856018 67.136475 0.731131 -0.680667 -0.046264 0.419674 0.962321 1 17 1.000000 
0 0.000000 -3.936915 64.381760 0.000000 -0.873084 -0.487570 0.594018 0.956313 1 17 1.000000 
0 2.159266 -2.873855 64.691315 0.724990 -0.530903 -0.438785 0.421166 0.958721 1 17 1.000000 
noIcon.pic
0 0.000000 4.395229 68.903137 0.000000 0.996492 0.083688 -0.010393 0.965611 1 17 1.000000 
0 2.720886 3.570144 68.735695 0.686681 0.725213 0.050351 0.108227 0.971047 1 17 1.000000 
0 2.159266 3.625894 66.359856 0.626512 0.718771 -0.301413 0.108227 0.968819 1 17 1.000000 
noIcon.pic
0 0.000000 4.395229 68.903137 0.000000 0.996492 0.083688 -0.010393 0.965611 1 17 1.000000 
0 2.159266 3.625894 66.359856 0.626512 0.718771 -0.301413 0.108227 0.968819 1 17 1.000000 
0 0.000000 4.364033 66.570107 0.000000 0.965066 -0.262006 -0.010393 0.963107 1 17 1.000000 
noIcon.pic
0 0.000000 -0.167359 34.564789 0.000000 0.000000 -1.000000 0.591717 0.069887 1 3 1.000000 
0 0.000000 5.472635 34.564789 0.000000 0.000000 -1.000000 0.984920 0.289531 1 3 1.000000 
0 5.244880 4.224150 34.564789 0.000000 0.000000 -1.000000 0.141889 0.301056 1 3 1.000000 
noIcon.pic
0 10.250341 3.293033 46.613232 -0.607654 0.600873 -0.519334 0.204473 0.742375 1 20 1.000000 
0 11.681383 4.051198 47.253971 0.010606 0.965164 -0.261429 0.200843 0.737792 1 20 1.000000 
0 16.476652 1.599062 38.507385 0.010606 0.965164 -0.261429 0.226315 0.591357 1 20 1.000000 
noIcon.pic
0 10.250341 3.293033 46.613232 -0.607654 0.600873 -0.519334 0.204473 0.742375 1 20 1.000000 
0 16.476652 1.599062 38.507385 0.010606 0.965164 -0.261429 0.226315 0.591357 1 20 1.000000 
0 15.312822 1.013446 37.992775 -0.607654 0.600873 -0.519334 0.229276 0.589499 1 20 1.000000 
noIcon.pic
0 15.320684 1.454818 37.607941 -0.018921 0.999349 -0.030720 0.222214 0.579698 1 21 1.000000 
0 18.180408 1.581642 38.527016 -0.018921 0.999349 -0.030720 0.219493 0.581692 1 21 1.000000 
0 19.029423 1.345855 31.779068 -0.018921 0.999349 -0.030720 0.226826 0.498776 1 21 1.000000 
noIcon.pic
0 15.320684 1.454818 37.607941 -0.018921 0.999349 -0.030720 0.222214 0.579698 1 21 1.000000 
0 19.029423 1.345855 31.779068 -0.018921 0.999349 -0.030720 0.226826 0.498776 1 21 1.000000 
0 16.723591 1.346846 31.786245 -0.018921 0.999349 -0.030720 0.229449 0.494334 1 21 1.000000 
noIcon.pic
0 2.612418 -0.785890 60.289944 0.335116 -0.942154 -0.006533 0.257314 0.895566 1 18 1.000000 
0 1.861416 -1.037054 57.988163 0.335116 -0.942154 -0.006533 0.258599 0.896247 1 18 1.000000 
0 6.718338 0.702972 56.190826 0.335116 -0.942154 -0.006533 0.232439 0.752016 1 18 1.000000 
noIcon.pic
0 2.612418 -0.785890 60.289944 0.335116 -0.942154 -0.006533 0.257314 0.895566 1 18 1.000000 
0 6.718338 0.702972 56.190826 0.335116 -0.942154 -0.006533 0.232439 0.752016 1 18 1.000000 
0 7.469340 0.954135 58.492607 0.335116 -0.942154 -0.006533 0.232766 0.747844 1 18 1.000000 
noIcon.pic
0 5.244880 -4.323323 34.564789 0.603213 -0.797237 -0.023395 0.403823 0.350496 1 3 1.000000 
0 7.097232 -0.167359 34.564789 0.993925 -0.025215 0.107131 0.268476 0.323564 1 3 1.000000 
0 6.183283 -0.968364 42.352261 0.993925 -0.025215 0.107131 0.280618 0.794344 1 3 1.000000 
noIcon.pic
0 5.244880 -4.323323 34.564789 0.603213 -0.797237 -0.023395 0.403823 0.350496 1 3 1.000000 
0 6.183283 -0.968364 42.352261 0.993925 -0.025215 0.107131 0.280618 0.794344 1 3 1.000000 
0 4.252344 -5.258646 42.123013 0.603213 -0.797237 -0.023395 0.395877 0.796638 1 3 1.000000 
noIcon.pic
0 0.000000 -0.009162 72.240387 0.000000 -0.000000 1.000000 0.558392 0.994733 1 17 1.000000 
0 1.670779 -1.295364 72.240387 0.297256 -0.268001 0.916414 0.440917 0.982270 1 17 1.000000 
0 2.334481 -0.009162 72.240387 0.415994 -0.020203 0.909143 0.324041 0.988932 1 17 1.000000 
noIcon.pic
0 0.000000 -0.968364 42.352261 0.000000 -0.064645 0.997908 0.550846 0.952030 1 3 1.000000 
0 4.252344 -5.258646 42.123013 0.000306 -0.053056 0.998591 0.395877 0.796638 1 3 1.000000 
0 6.183283 -0.968364 42.352261 0.000000 -0.065082 0.997880 0.280618 0.794344 1 3 1.000000 
noIcon.pic
0 0.000000 0.339693 52.265823 0.000000 0.245072 0.969505 -0.052419 0.987010 1 13 1.000000 
0 7.039791 0.162784 52.469143 -0.022297 0.230715 0.972766 0.256783 0.882495 1 13 1.000000 
0 4.726436 5.701000 51.013012 -0.041164 0.261622 0.964292 0.127341 0.877821 1 13 1.000000 
noIcon.pic
0 3.982421 0.049171 68.021164 0.999804 0.007332 -0.018378 0.284159 0.972607 1 17 1.000000 
0 2.524233 -3.856018 67.136475 0.731131 -0.680667 -0.046264 0.419674 0.962321 1 17 1.000000 
0 2.159266 -2.873855 64.691315 0.724990 -0.530903 -0.438785 0.421166 0.958721 1 17 1.000000 
noIcon.pic
0 3.982421 0.049171 68.021164 0.999804 0.007332 -0.018378 0.284159 0.972607 1 17 1.000000 
0 2.159266 -2.873855 64.691315 0.724990 -0.530903 -0.438785 0.421166 0.958721 1 17 1.000000 
0 3.293801 0.476629 65.463295 0.929808 0.099654 -0.354298 0.284159 0.970547 1 17 1.000000 
noIcon.pic
0 11.471635 2.026496 48.308880 0.496370 -0.119242 -0.859883 0.213205 0.750101 1 19 1.000000 
0 9.764142 1.895598 47.341381 0.496368 -0.119303 -0.859875 0.209541 0.749620 1 19 1.000000 
0 10.169268 3.920283 47.294327 0.496196 -0.119463 -0.859952 0.188319 0.747628 1 19 1.000000 
noIcon.pic
0 4.729905 1.992529 20.058178 -0.056367 -0.009236 0.998367 0.253098 0.080020 1 5 1.000000 
0 4.720931 5.603835 20.091080 -0.056367 -0.009236 0.998367 0.163801 0.087042 1 5 1.000000 
0 2.874571 4.885922 19.980194 -0.056367 -0.009236 0.998367 0.137070 0.060381 1 5 1.000000 
noIcon.pic
0 2.874571 4.885922 19.980194 -0.722540 0.690907 -0.024163 0.137070 0.060381 1 5 1.000000 
0 4.720931 5.603835 20.091080 -0.006184 0.999938 0.009244 0.163801 0.087042 1 5 1.000000 
0 5.302242 5.770828 2.655287 -0.006184 0.999938 0.009244 0.125493 0.057232 1 5 1.000000 
noIcon.pic
0 2.874571 4.885922 19.980194 -0.722540 0.690907 -0.024163 0.137070 0.060381 1 5 1.000000 
0 5.302242 5.770828 2.655287 -0.006184 0.999938 0.009244 0.125493 0.057232 1 5 1.000000 
0 3.702282 5.146876 2.743926 -0.722540 0.690907 -0.024163 0.090885 0.043869 1 5 1.000000 
noIcon.pic
0 6.382712 -0.381459 53.163544 -0.997497 -0.048355 0.051600 0.248706 0.894864 1 19 1.000000 
0 6.382712 2.330746 53.163544 -0.993957 -0.017623 -0.108347 0.191140 0.887215 1 19 1.000000 
0 9.764142 1.895598 47.341381 -0.844628 -0.031747 -0.534411 0.209541 0.749620 1 19 1.000000 
noIcon.pic
0 6.382712 -0.381459 53.163544 -0.997497 -0.048355 0.051600 0.248706 0.894864 1 19 1.000000 
0 9.764142 1.895598 47.341381 -0.844628 -0.031747 -0.534411 0.209541 0.749620 1 19 1.000000 
0 10.169268 -0.056007 47.846016 -0.834347 -0.130428 -0.535587 0.229263 0.751471 1 19 1.000000 
noIcon.pic
0 11.682100 1.903630 47.755478 -0.487234 0.196832 0.850800 0.214539 0.741706 1 20 1.000000 
0 11.681383 4.051198 47.253971 -0.487233 0.198432 0.850429 0.200843 0.737792 1 20 1.000000 
0 10.250341 3.293033 46.613232 -0.486726 0.197920 0.850838 0.204473 0.742375 1 20 1.000000 
noIcon.pic
0 0.000000 -5.915046 42.090942 0.000000 -0.994070 -0.108738 0.506017 0.791261 1 3 1.000000 
0 0.000000 -5.054919 34.564789 0.000000 -0.994070 -0.108738 0.509978 0.355177 1 3 1.000000 
0 5.244880 -4.323323 34.564789 0.603213 -0.797237 -0.023395 0.403823 0.350496 1 3 1.000000 
noIcon.pic
0 0.000000 -5.915046 42.090942 0.000000 -0.994070 -0.108738 0.506017 0.791261 1 3 1.000000 
0 5.244880 -4.323323 34.564789 0.603213 -0.797237 -0.023395 0.403823 0.350496 1 3 1.000000 
0 4.252344 -5.258646 42.123013 0.603213 -0.797237 -0.023395 0.395877 0.796638 1 3 1.000000 
noIcon.pic
0 5.257683 2.632166 3.553048 0.054191 -0.275312 -0.959826 0.192046 0.045589 1 5 1.000000 
0 5.302242 5.770828 2.655287 0.054191 -0.275312 -0.959826 0.125493 0.057232 1 5 1.000000 
0 6.940905 5.146876 2.926775 0.054191 -0.275312 -0.959826 0.162395 0.071480 1 5 1.000000 
noIcon.pic
0 4.729905 1.992529 20.058178 -0.056367 -0.009236 0.998367 0.253098 0.080020 1 5 1.000000 
0 4.724613 -1.468847 20.025858 -0.056367 -0.009236 0.998367 0.337391 0.090473 1 5 1.000000 
0 6.639337 -0.767653 20.140448 -0.056367 -0.009236 0.998367 0.306382 0.119025 1 5 1.000000 
noIcon.pic
0 4.118045 0.303214 35.404064 -0.375138 -0.073841 0.924023 0.256091 0.448988 1 4 1.000000 
0 0.914344 0.406493 34.111668 -0.375138 -0.073841 0.924023 0.273031 0.373840 1 4 1.000000 
0 1.695097 -2.694751 34.180809 -0.375138 -0.073841 0.924023 0.435810 0.377594 1 4 1.000000 
noIcon.pic
0 8.627746 -0.381459 59.403099 0.184706 -0.980530 0.066663 0.264095 0.896115 1 19 1.000000 
0 7.470910 -0.381459 56.187939 0.042463 -0.999095 -0.002368 0.256165 0.895471 1 19 1.000000 
0 11.471807 -0.575531 48.668343 0.042463 -0.999095 -0.002368 0.232153 0.749602 1 19 1.000000 
noIcon.pic
0 8.627746 -0.381459 59.403099 0.184706 -0.980530 0.066663 0.264095 0.896115 1 19 1.000000 
0 11.471807 -0.575531 48.668343 0.042463 -0.999095 -0.002368 0.232153 0.749602 1 19 1.000000 
0 12.760589 0.147616 49.313622 0.184706 -0.980530 0.066663 0.235223 0.747616 1 19 1.000000 
noIcon.pic
0 7.467533 2.329984 56.188656 -0.940951 -0.000007 0.338543 0.202765 0.896826 1 19 1.000000 
0 7.470910 -0.381459 56.187939 -0.940945 -0.001261 0.338558 0.256165 0.895471 1 19 1.000000 
0 8.627746 -0.381459 59.403099 -0.940776 -0.000631 0.339029 0.264095 0.896115 1 19 1.000000 
noIcon.pic
0 0.000000 -0.159635 41.679729 -0.000000 0.246983 -0.969020 0.577366 0.970634 1 13 1.000000 
0 0.000000 5.401637 43.439262 0.000000 0.301652 -0.953418 0.991228 0.823226 1 13 1.000000 
0 4.305425 4.097380 43.267979 0.044046 0.309806 -0.949779 0.138275 0.789440 1 13 1.000000 
noIcon.pic
0 0.000000 -0.009162 72.240387 0.000000 -0.000000 1.000000 0.558392 0.994733 1 17 1.000000 
0 2.334481 -0.009162 72.240387 0.415994 -0.020203 0.909143 0.324041 0.988932 1 17 1.000000 
0 1.670779 1.982385 72.240387 0.268871 0.259048 0.927687 0.122972 0.990779 1 17 1.000000 
noIcon.pic
0 6.636393 4.885922 20.192583 0.718975 0.694665 0.022719 0.197366 0.120521 1 5 1.000000 
0 7.630424 1.984169 20.221861 0.999882 -0.013678 0.006940 0.253049 0.119757 1 5 1.000000 
0 7.754672 2.624901 3.696109 0.999882 -0.013678 0.006940 0.210531 0.066373 1 5 1.000000 
noIcon.pic
0 6.636393 4.885922 20.192583 0.718975 0.694665 0.022719 0.197366 0.120521 1 5 1.000000 
0 7.754672 2.624901 3.696109 0.999882 -0.013678 0.006940 0.210531 0.066373 1 5 1.000000 
0 6.940905 5.146876 2.926775 0.718975 0.694665 0.022719 0.162395 0.071480 1 5 1.000000 
noIcon.pic
0 1.599242 0.995234 59.139053 -0.896781 -0.299918 0.325319 0.202765 0.896826 1 18 1.000000 
0 2.612418 -0.785890 60.289944 -0.896781 -0.299918 0.325319 0.257314 0.895566 1 18 1.000000 
0 1.337068 3.027522 60.289944 -0.896781 -0.299918 0.325319 0.161761 0.888121 1 18 1.000000 
noIcon.pic
0 18.180408 1.581642 38.527016 -0.259650 0.176940 0.949355 0.219493 0.581692 1 21 1.000000 
0 16.655962 -0.177496 38.437943 -0.310181 0.131829 0.941493 0.235757 0.582084 1 21 1.000000 
0 18.180408 -2.003214 39.021694 -0.259709 0.090552 0.961432 0.246540 0.583984 1 21 1.000000 
noIcon.pic
0 0.000000 -0.009162 72.240387 0.000000 -0.000000 1.000000 0.558392 0.994733 1 17 1.000000 
0 0.000000 -2.426250 72.240387 0.000000 -0.343030 0.939324 0.588343 0.980563 1 17 1.000000 
0 1.670779 -1.295364 72.240387 0.297256 -0.268001 0.916414 0.440917 0.982270 1 17 1.000000 
noIcon.pic
0 1.599242 0.995234 59.139053 -0.896781 -0.299918 0.325319 0.202765 0.896826 1 18 1.000000 
0 0.586066 2.776358 57.988163 -0.896781 -0.299918 0.325319 0.151036 0.883245 1 18 1.000000 
0 1.861416 -1.037054 57.988163 -0.896781 -0.299918 0.325319 0.258599 0.896247 1 18 1.000000 
noIcon.pic
0 6.639337 -0.767653 20.140448 0.706979 -0.706403 -0.034281 0.306382 0.119025 1 5 1.000000 
0 4.724613 -1.468847 20.025858 -0.002601 -0.997567 -0.069661 0.337391 0.090473 1 5 1.000000 
0 5.203012 -0.376188 4.412862 -0.002601 -0.997567 -0.069661 0.269264 0.040477 1 5 1.000000 
noIcon.pic
0 6.639337 -0.767653 20.140448 0.706979 -0.706403 -0.034281 0.306382 0.119025 1 5 1.000000 
0 5.203012 -0.376188 4.412862 -0.002601 -0.997567 -0.069661 0.269264 0.040477 1 5 1.000000 
0 6.861585 0.233234 4.331700 0.706979 -0.706403 -0.034281 0.263526 0.060750 1 5 1.000000 
noIcon.pic
0 4.729905 1.992529 20.058178 -0.056367 -0.009236 0.998367 0.253098 0.080020 1 5 1.000000 
0 1.897751 1.984169 19.898201 -0.056367 -0.009236 0.998367 0.247043 0.060689 1 5 1.000000 
0 2.877514 -0.767653 19.928059 -0.056367 -0.009236 0.998367 0.369364 0.061033 1 5 1.000000 
noIcon.pic
0 2.877514 -0.767653 19.928059 -0.710267 -0.699598 -0.077995 0.369364 0.061033 1 5 1.000000 
0 1.897751 1.984169 19.898201 -0.998386 -0.008160 -0.056201 0.247043 0.060689 1 5 1.000000 
0 2.819307 2.624901 3.417464 -0.998386 -0.008160 -0.056201 0.196223 0.033076 1 5 1.000000 
noIcon.pic
0 2.877514 -0.767653 19.928059 -0.710267 -0.699598 -0.077995 0.369364 0.061033 1 5 1.000000 
0 2.819307 2.624901 3.417464 -0.998386 -0.008160 -0.056201 0.196223 0.033076 1 5 1.000000 
0 3.622962 0.233234 4.148851 -0.710267 -0.699598 -0.077995 0.273604 0.025147 1 5 1.000000 
noIcon.pic
0 1.695097 3.506468 34.676369 -0.728372 0.685135 -0.008009 0.069145 0.369138 1 4 1.000000 
0 4.118045 4.201498 35.715588 -0.005059 0.998562 0.053368 0.118940 0.444930 1 4 1.000000 
0 4.684876 4.994798 21.370430 -0.005059 0.998562 0.053368 0.178055 0.091995 1 4 1.000000 
noIcon.pic
0 1.695097 3.506468 34.676369 -0.728372 0.685135 -0.008009 0.069145 0.369138 1 4 1.000000 
0 4.684876 4.994798 21.370430 -0.005059 0.998562 0.053368 0.178055 0.091995 1 4 1.000000 
0 2.585422 4.291457 21.314224 -0.728372 0.685135 -0.008009 0.149722 0.057238 1 4 1.000000 
noIcon.pic
0 0.000000 -5.054919 34.564789 0.000000 0.000000 -1.000000 0.509978 0.355177 1 3 1.000000 
0 0.000000 -0.167359 34.564789 0.000000 0.000000 -1.000000 0.591717 0.069887 1 3 1.000000 
0 5.244880 -4.323323 34.564789 0.000000 0.000000 -1.000000 0.403823 0.350496 1 3 1.000000 
noIcon.pic
0 1.670779 1.982385 72.240387 0.268871 0.259048 0.927687 0.122972 0.990779 1 17 1.000000 
0 2.334481 -0.009162 72.240387 0.415994 -0.020203 0.909143 0.324041 0.988932 1 17 1.000000 
0 3.464850 -0.009162 70.885284 0.898284 -0.040575 0.437538 0.284159 0.974905 1 17 1.000000 
noIcon.pic
0 1.670779 1.982385 72.240387 0.268871 0.259048 0.927687 0.122972 0.990779 1 17 1.000000 
0 3.464850 -0.009162 70.885284 0.898284 -0.040575 0.437538 0.284159 0.974905 1 17 1.000000 
0 2.200867 3.265237 70.885521 0.619269 0.615527 0.487476 0.108227 0.973302 1 17 1.000000 
noIcon.pic
0 5.257683 2.632166 3.553048 0.054191 -0.275312 -0.959826 0.192046 0.045589 1 5 1.000000 
0 2.819307 2.624901 3.417464 0.054191 -0.275312 -0.959826 0.196223 0.033076 1 5 1.000000 
0 3.702282 5.146876 2.743926 0.054191 -0.275312 -0.959826 0.090885 0.043869 1 5 1.000000 
noIcon.pic
0 11.682100 1.903630 47.755478 -0.487234 0.196832 0.850800 0.214539 0.741706 1 20 1.000000 
0 9.731797 1.657807 46.695450 -0.487235 0.197279 0.850696 0.218269 0.745577 1 20 1.000000 
0 10.250341 0.098614 47.354027 -0.485892 0.195977 0.851764 0.234464 0.749336 1 20 1.000000 
noIcon.pic
0 0.000000 -0.159635 41.679729 -0.000000 0.246983 -0.969020 0.577366 0.970634 1 13 1.000000 
0 6.778778 -0.098462 41.948658 0.036196 0.246537 -0.968457 0.261991 0.736776 1 13 1.000000 
0 4.305425 -3.793571 41.203587 0.045504 0.182598 -0.982134 0.385132 0.686789 1 13 1.000000 
noIcon.pic
0 0.000000 -0.968364 42.352261 0.000000 -0.064645 0.997908 0.550846 0.952030 1 3 1.000000 
0 0.000000 -5.915046 42.090942 0.000000 -0.052754 0.998608 0.506017 0.791261 1 3 1.000000 
0 4.252344 -5.258646 42.123013 0.000306 -0.053056 0.998591 0.395877 0.796638 1 3 1.000000 
noIcon.pic
0 0.000000 1.685446 61.493149 -0.000000 -0.280608 0.959822 0.958873 0.989903 1 14 1.000000 
0 0.000000 -0.867954 60.643909 0.000000 -0.646436 0.762968 0.514721 0.972125 1 14 1.000000 
0 3.604704 0.333770 60.356560 0.394760 -0.589248 0.704947 0.322530 0.958567 1 14 1.000000 
noIcon.pic
0 3.604704 0.333770 60.356560 0.394760 -0.589248 0.704947 0.322530 0.958567 1 14 1.000000 
0 0.000000 -0.867954 60.643909 0.000000 -0.646436 0.762968 0.514721 0.972125 1 14 1.000000 
0 0.000000 -2.419284 57.893520 -0.000000 -0.909966 0.414682 0.505665 0.905566 1 14 1.000000 
noIcon.pic
0 3.604704 0.333770 60.356560 0.394760 -0.589248 0.704947 0.322530 0.958567 1 14 1.000000 
0 0.000000 -2.419284 57.893520 -0.000000 -0.909966 0.414682 0.505665 0.905566 1 14 1.000000 
0 4.013779 -0.561023 57.893520 0.587037 -0.751108 0.302032 0.375373 0.903107 1 14 1.000000 
noIcon.pic
0 4.182702 -2.411508 53.090233 0.647310 -0.732026 0.212432 0.372563 0.883196 1 14 1.000000 
0 0.000000 -4.495808 52.920338 0.000000 -0.961878 0.273480 0.505776 0.887125 1 14 1.000000 
0 0.000000 -5.144486 47.311550 0.000000 -0.986270 0.165140 0.506000 0.850107 1 14 1.000000 
noIcon.pic
0 4.182702 -2.411508 53.090233 0.647310 -0.732026 0.212432 0.372563 0.883196 1 14 1.000000 
0 0.000000 -5.144486 47.311550 0.000000 -0.986270 0.165140 0.506000 0.850107 1 14 1.000000 
0 4.493700 -3.430477 47.955360 0.658454 -0.736067 0.156982 0.367392 0.846537 1 14 1.000000 
noIcon.pic
0 18.180408 -2.003214 39.021694 -0.007304 -0.984152 0.177178 0.246540 0.583984 1 21 1.000000 
0 15.320684 -2.130038 38.102619 -0.007304 -0.984152 0.177178 0.244925 0.580820 1 21 1.000000 
0 16.723591 -3.156744 32.554253 -0.007304 -0.984152 0.177178 0.245579 0.494298 1 21 1.000000 
noIcon.pic
0 18.180408 -2.003214 39.021694 -0.007304 -0.984152 0.177178 0.246540 0.583984 1 21 1.000000 
0 16.723591 -3.156744 32.554253 -0.007304 -0.984152 0.177178 0.245579 0.494298 1 21 1.000000 
0 19.029423 -3.157735 32.547073 -0.007304 -0.984152 0.177178 0.246979 0.500721 1 21 1.000000 
noIcon.pic
0 0.000000 1.052266 48.085861 -0.000000 0.346206 -0.938159 0.951696 0.983184 1 14 1.000000 
0 4.493700 -3.430477 47.955360 0.093679 0.122670 -0.988016 0.367392 0.846537 1 14 1.000000 
0 0.000000 -5.144486 47.311550 0.000000 0.123990 -0.992283 0.506000 0.850107 1 14 1.000000 
noIcon.pic
0 13.113859 0.459542 48.910404 0.653240 -0.614633 0.442158 0.223326 0.740465 1 20 1.000000 
0 11.684803 -0.300813 48.260216 0.030716 -0.981747 0.187694 0.228625 0.744686 1 20 1.000000 
0 16.477831 -1.807803 39.433517 0.030716 -0.981747 0.187694 0.240356 0.598642 1 20 1.000000 
noIcon.pic
0 13.113859 0.459542 48.910404 0.653240 -0.614633 0.442158 0.223326 0.740465 1 20 1.000000 
0 16.477831 -1.807803 39.433517 0.030716 -0.981747 0.187694 0.240356 0.598642 1 20 1.000000 
0 17.644407 -1.222189 39.948120 0.653240 -0.614633 0.442158 0.237073 0.600489 1 20 1.000000 
noIcon.pic
0 7.804055 0.404335 3.952756 0.962198 0.272309 0.004729 0.222749 0.544871 1 6 1.000000 
0 7.743904 0.741699 -0.015295 0.962198 0.272309 0.004729 0.225348 0.542726 1 6 1.000000 
0 6.047840 5.242038 -0.015347 0.937753 0.347205 0.008260 0.222214 0.579698 1 6 1.000000 
noIcon.pic
0 7.804055 0.404335 3.952756 0.962198 0.272309 0.004729 0.222749 0.544871 1 6 1.000000 
0 6.047840 5.242038 -0.015347 0.937753 0.347205 0.008260 0.222214 0.579698 1 6 1.000000 
0 6.047547 5.241983 3.403950 0.937753 0.347205 0.008260 0.219493 0.581692 1 6 1.000000 
noIcon.pic
0 0.000000 0.903659 63.962898 0.000000 0.275104 -0.961415 0.558392 0.992825 1 17 1.000000 
0 1.670779 -1.874756 63.162514 -0.000780 0.276383 -0.961047 0.462426 0.963544 1 17 1.000000 
0 0.000000 -2.962447 62.852943 0.000000 0.275952 -0.961172 0.558245 0.962055 1 17 1.000000 
noIcon.pic
0 0.000000 0.339693 52.265823 0.000000 0.245072 0.969505 -0.052419 0.987010 1 13 1.000000 
0 4.726436 5.701000 51.013012 -0.041164 0.261622 0.964292 0.127341 0.877821 1 13 1.000000 
0 0.000000 6.260891 50.552887 0.000000 0.277894 0.960612 -0.005482 0.874174 1 13 1.000000 
noIcon.pic
0 4.729905 1.992529 20.058178 -0.056367 -0.009236 0.998367 0.253098 0.080020 1 5 1.000000 
0 7.630424 1.984169 20.221861 -0.056367 -0.009236 0.998367 0.253049 0.119757 1 5 1.000000 
0 6.636393 4.885922 20.192583 -0.056367 -0.009236 0.998367 0.197366 0.120521 1 5 1.000000 
noIcon.pic
0 2.720886 3.570144 68.735695 0.686681 0.725213 0.050351 0.108227 0.971047 1 17 1.000000 
0 3.982421 0.049171 68.021164 0.999804 0.007332 -0.018378 0.284159 0.972607 1 17 1.000000 
0 3.293801 0.476629 65.463295 0.929808 0.099654 -0.354298 0.284159 0.970547 1 17 1.000000 
noIcon.pic
0 2.720886 3.570144 68.735695 0.686681 0.725213 0.050351 0.108227 0.971047 1 17 1.000000 
0 3.293801 0.476629 65.463295 0.929808 0.099654 -0.354298 0.284159 0.970547 1 17 1.000000 
0 2.159266 3.625894 66.359856 0.626512 0.718771 -0.301413 0.108227 0.968819 1 17 1.000000 
noIcon.pic
0 6.456164 2.735260 57.341717 0.896781 0.299918 -0.325319 0.213205 0.750101 1 18 1.000000 
0 6.718338 0.702972 56.190826 0.896781 0.299918 -0.325319 0.232439 0.752016 1 18 1.000000 
0 5.442987 4.516384 56.190826 0.896781 0.299918 -0.325319 0.192634 0.749406 1 18 1.000000 
noIcon.pic
0 0.000000 1.052266 48.085861 -0.000000 0.346206 -0.938159 -0.048304 0.983184 1 14 1.000000 
0 6.793908 0.934082 48.710049 0.091810 0.345685 -0.933848 0.253768 0.858650 1 14 1.000000 
0 4.493700 -3.430477 47.955360 0.093679 0.122670 -0.988016 0.367392 0.846537 1 14 1.000000 
noIcon.pic
0 18.180408 -2.003214 39.021694 -0.259709 0.090552 0.961432 0.246540 0.583984 1 21 1.000000 
0 16.655962 -0.177496 38.437943 -0.310181 0.131829 0.941493 0.235757 0.582084 1 21 1.000000 
0 15.320684 -2.130038 38.102619 -0.359270 0.086104 0.929253 0.244925 0.580820 1 21 1.000000 
noIcon.pic
0 1.861416 -1.037054 57.988163 -0.312060 -0.104365 -0.944313 0.258599 0.896247 1 18 1.000000 
0 0.586066 2.776358 57.988163 -0.312060 -0.104365 -0.944313 0.151036 0.883245 1 18 1.000000 
0 5.442987 4.516384 56.190826 -0.312060 -0.104365 -0.944313 0.192634 0.749406 1 18 1.000000 
noIcon.pic
0 1.861416 -1.037054 57.988163 -0.312060 -0.104365 -0.944313 0.258599 0.896247 1 18 1.000000 
0 5.442987 4.516384 56.190826 -0.312060 -0.104365 -0.944313 0.192634 0.749406 1 18 1.000000 
0 6.718338 0.702972 56.190826 -0.312060 -0.104365 -0.944313 0.232439 0.752016 1 18 1.000000 
noIcon.pic
0 0.000000 1.685446 61.493149 -0.000000 -0.280608 0.959822 -0.041127 0.989903 1 14 1.000000 
0 3.604704 0.333770 60.356560 0.394760 -0.589248 0.704947 0.322530 0.958567 1 14 1.000000 
0 6.010306 2.437191 60.533993 0.400345 -0.447148 0.799864 0.222157 0.944465 1 14 1.000000 
noIcon.pic
0 10.250341 0.098614 47.354027 -0.596358 -0.776599 -0.203103 0.234464 0.749336 1 20 1.000000 
0 9.731797 1.657807 46.695450 -0.861718 -0.117742 -0.493538 0.218269 0.745577 1 20 1.000000 
0 14.937128 -0.308427 38.134647 -0.861718 -0.117742 -0.493538 0.236507 0.593112 1 20 1.000000 
noIcon.pic
0 10.250341 0.098614 47.354027 -0.596358 -0.776599 -0.203103 0.234464 0.749336 1 20 1.000000 
0 14.937128 -0.308427 38.134647 -0.861718 -0.117742 -0.493538 0.236507 0.593112 1 20 1.000000 
0 15.312822 -1.563216 38.692726 -0.596358 -0.776599 -0.203103 0.243751 0.596732 1 20 1.000000 
noIcon.pic
0 6.010306 2.437191 60.533993 0.400345 -0.447148 0.799864 0.222157 0.944465 1 14 1.000000 
0 3.604704 0.333770 60.356560 0.394760 -0.589248 0.704947 0.322530 0.958567 1 14 1.000000 
0 4.013779 -0.561023 57.893520 0.587037 -0.751108 0.302032 0.375373 0.903107 1 14 1.000000 
noIcon.pic
0 6.010306 2.437191 60.533993 0.400345 -0.447148 0.799864 0.222157 0.944465 1 14 1.000000 
0 4.013779 -0.561023 57.893520 0.587037 -0.751108 0.302032 0.375373 0.903107 1 14 1.000000 
0 6.453197 2.426945 57.893520 0.974596 -0.079195 0.209502 0.250147 0.900667 1 14 1.000000 
noIcon.pic
0 6.722048 3.344412 36.704277 0.727744 0.683862 0.052169 0.164412 0.514143 1 4 1.000000 
0 7.502801 0.194099 36.769497 0.999962 -0.002505 0.008336 0.255522 0.514021 1 4 1.000000 
0 7.617723 1.448444 21.087030 0.999962 -0.002505 0.008336 0.259556 0.131201 1 4 1.000000 
noIcon.pic
0 6.722048 3.344412 36.704277 0.727744 0.683862 0.052169 0.164412 0.514143 1 4 1.000000 
0 7.617723 1.448444 21.087030 0.999962 -0.002505 0.008336 0.259556 0.131201 1 4 1.000000 
0 6.941211 4.291457 21.314224 0.727744 0.683862 0.052169 0.206977 0.127473 1 4 1.000000 
noIcon.pic
0 6.584416 1.942967 53.445175 0.996007 -0.050209 0.073814 0.251542 0.884485 1 14 1.000000 
0 4.182702 -2.411508 53.090233 0.647310 -0.732026 0.212432 0.372563 0.883196 1 14 1.000000 
0 4.493700 -3.430477 47.955360 0.658454 -0.736067 0.156982 0.367392 0.846537 1 14 1.000000 
noIcon.pic
0 6.584416 1.942967 53.445175 0.996007 -0.050209 0.073814 0.251542 0.884485 1 14 1.000000 
0 4.493700 -3.430477 47.955360 0.658454 -0.736067 0.156982 0.367392 0.846537 1 14 1.000000 
0 6.793908 0.934082 48.710049 0.998994 -0.032876 0.030486 0.253768 0.858650 1 14 1.000000 
noIcon.pic
0 4.684876 1.448444 21.087030 0.000000 0.079659 -0.996822 0.274742 0.086608 1 4 1.000000 
0 7.617723 1.448444 21.087030 0.000000 0.079659 -0.996822 0.259556 0.131201 1 4 1.000000 
0 6.941211 -1.349930 20.863405 -0.000000 0.079659 -0.996822 0.322140 0.135638 1 4 1.000000 
noIcon.pic
0 1.670779 -1.295364 72.240387 0.297256 -0.268001 0.916414 0.440917 0.982270 1 17 1.000000 
0 0.000000 -2.426250 72.240387 0.000000 -0.343030 0.939324 0.588343 0.980563 1 17 1.000000 
0 0.000000 -3.795151 70.885071 0.000000 -0.844234 0.535975 0.597573 0.964110 1 17 1.000000 
noIcon.pic
0 1.670779 -1.295364 72.240387 0.297256 -0.268001 0.916414 0.440917 0.982270 1 17 1.000000 
0 0.000000 -3.795151 70.885071 0.000000 -0.844234 0.535975 0.597573 0.964110 1 17 1.000000 
0 2.200867 -2.664217 70.885071 0.633708 -0.610894 0.474577 0.418050 0.966239 1 17 1.000000 
noIcon.pic
0 6.456164 2.735260 57.341717 0.896781 0.299918 -0.325319 0.213205 0.750101 1 18 1.000000 
0 7.469340 0.954135 58.492607 0.896781 0.299918 -0.325319 0.232766 0.747844 1 18 1.000000 
0 6.718338 0.702972 56.190826 0.896781 0.299918 -0.325319 0.232439 0.752016 1 18 1.000000 
noIcon.pic
0 16.478615 -0.082963 38.964630 0.487235 -0.228923 -0.842732 0.233296 0.595263 1 20 1.000000 
0 14.937128 -0.308427 38.134647 0.487235 -0.228928 -0.842730 0.236507 0.593112 1 20 1.000000 
0 15.312822 1.013446 37.992775 0.487403 -0.228714 -0.842691 0.229276 0.589499 1 20 1.000000 
noIcon.pic
0 11.471635 2.026496 48.308880 0.496370 -0.119242 -0.859883 0.213205 0.750101 1 19 1.000000 
0 11.471807 -0.575531 48.668343 0.496371 -0.118767 -0.859948 0.232153 0.749602 1 19 1.000000 
0 10.169268 -0.056007 47.846016 0.496055 -0.119060 -0.860090 0.229263 0.751471 1 19 1.000000 
noIcon.pic
0 1.599242 0.995234 59.139053 -0.896781 -0.299918 0.325319 0.202765 0.896826 1 18 1.000000 
0 1.337068 3.027522 60.289944 -0.896781 -0.299918 0.325319 0.161761 0.888121 1 18 1.000000 
0 0.586066 2.776358 57.988163 -0.896781 -0.299918 0.325319 0.151036 0.883245 1 18 1.000000 
noIcon.pic
0 0.000000 -4.752464 66.889694 0.000000 -0.999052 -0.043525 0.595720 0.960046 1 17 1.000000 
0 2.524233 -3.856018 67.136475 0.731131 -0.680667 -0.046264 0.419674 0.962321 1 17 1.000000 
0 2.200867 -2.664217 70.885071 0.633708 -0.610894 0.474577 0.418050 0.966239 1 17 1.000000 
noIcon.pic
0 0.000000 -4.752464 66.889694 0.000000 -0.999052 -0.043525 0.595720 0.960046 1 17 1.000000 
0 2.200867 -2.664217 70.885071 0.633708 -0.610894 0.474577 0.418050 0.966239 1 17 1.000000 
0 0.000000 -3.795151 70.885071 0.000000 -0.844234 0.535975 0.597573 0.964110 1 17 1.000000 
noIcon.pic
0 2.524233 -3.856018 67.136475 0.731131 -0.680667 -0.046264 0.419674 0.962321 1 17 1.000000 
0 3.982421 0.049171 68.021164 0.999804 0.007332 -0.018378 0.284159 0.972607 1 17 1.000000 
0 3.464850 -0.009162 70.885284 0.898284 -0.040575 0.437538 0.284159 0.974905 1 17 1.000000 
noIcon.pic
0 2.524233 -3.856018 67.136475 0.731131 -0.680667 -0.046264 0.419674 0.962321 1 17 1.000000 
0 3.464850 -0.009162 70.885284 0.898284 -0.040575 0.437538 0.284159 0.974905 1 17 1.000000 
0 2.200867 -2.664217 70.885071 0.633708 -0.610894 0.474577 0.418050 0.966239 1 17 1.000000 
noIcon.pic
0 3.982421 0.049171 68.021164 0.999804 0.007332 -0.018378 0.284159 0.972607 1 17 1.000000 
0 2.720886 3.570144 68.735695 0.686681 0.725213 0.050351 0.108227 0.971047 1 17 1.000000 
0 2.200867 3.265237 70.885521 0.619269 0.615527 0.487476 0.108227 0.973302 1 17 1.000000 
noIcon.pic
0 3.982421 0.049171 68.021164 0.999804 0.007332 -0.018378 0.284159 0.972607 1 17 1.000000 
0 2.200867 3.265237 70.885521 0.619269 0.615527 0.487476 0.108227 0.973302 1 17 1.000000 
0 3.464850 -0.009162 70.885284 0.898284 -0.040575 0.437538 0.284159 0.974905 1 17 1.000000 
noIcon.pic
0 2.720886 3.570144 68.735695 0.686681 0.725213 0.050351 0.108227 0.971047 1 17 1.000000 
0 0.000000 4.395229 68.903137 0.000000 0.996492 0.083688 -0.010393 0.965611 1 17 1.000000 
0 0.000000 4.032325 70.885620 0.000000 0.864919 0.501912 -0.010393 0.968408 1 17 1.000000 
noIcon.pic
0 2.720886 3.570144 68.735695 0.686681 0.725213 0.050351 0.108227 0.971047 1 17 1.000000 
0 0.000000 4.032325 70.885620 0.000000 0.864919 0.501912 -0.010393 0.968408 1 17 1.000000 
0 2.200867 3.265237 70.885521 0.619269 0.615527 0.487476 0.108227 0.973302 1 17 1.000000 
noIcon.pic
0 4.724613 -1.468847 20.025858 -0.056367 -0.009236 0.998367 0.337391 0.090473 1 5 1.000000 
0 4.729905 1.992529 20.058178 -0.056367 -0.009236 0.998367 0.253098 0.080020 1 5 1.000000 
0 2.877514 -0.767653 19.928059 -0.056367 -0.009236 0.998367 0.369364 0.061033 1 5 1.000000 
noIcon.pic
0 5.203012 -0.376188 4.412862 -0.002601 -0.997567 -0.069661 0.269264 0.040477 1 5 1.000000 
0 4.724613 -1.468847 20.025858 -0.002601 -0.997567 -0.069661 0.337391 0.090473 1 5 1.000000 
0 2.877514 -0.767653 19.928059 -0.710267 -0.699598 -0.077995 0.369364 0.061033 1 5 1.000000 
noIcon.pic
0 5.203012 -0.376188 4.412862 -0.002601 -0.997567 -0.069661 0.269264 0.040477 1 5 1.000000 
0 2.877514 -0.767653 19.928059 -0.710267 -0.699598 -0.077995 0.369364 0.061033 1 5 1.000000 
0 3.622962 0.233234 4.148851 -0.710267 -0.699598 -0.077995 0.273604 0.025147 1 5 1.000000 
noIcon.pic
0 5.203012 -0.376188 4.412862 0.054191 -0.275312 -0.959826 0.269264 0.040477 1 5 1.000000 
0 5.257683 2.632166 3.553048 0.054191 -0.275312 -0.959826 0.192046 0.045589 1 5 1.000000 
0 6.861585 0.233234 4.331700 0.054191 -0.275312 -0.959826 0.263526 0.060750 1 5 1.000000 
noIcon.pic
0 7.754672 2.624901 3.696109 0.054191 -0.275312 -0.959826 0.210531 0.066373 1 5 1.000000 
0 5.257683 2.632166 3.553048 0.054191 -0.275312 -0.959826 0.192046 0.045589 1 5 1.000000 
0 6.940905 5.146876 2.926775 0.054191 -0.275312 -0.959826 0.162395 0.071480 1 5 1.000000 
noIcon.pic
0 7.754672 2.624901 3.696109 0.999882 -0.013678 0.006940 0.210531 0.066373 1 5 1.000000 
0 7.630424 1.984169 20.221861 0.999882 -0.013678 0.006940 0.253049 0.119757 1 5 1.000000 
0 6.639337 -0.767653 20.140448 0.706979 -0.706403 -0.034281 0.306382 0.119025 1 5 1.000000 
noIcon.pic
0 7.754672 2.624901 3.696109 0.999882 -0.013678 0.006940 0.210531 0.066373 1 5 1.000000 
0 6.639337 -0.767653 20.140448 0.706979 -0.706403 -0.034281 0.306382 0.119025 1 5 1.000000 
0 6.861585 0.233234 4.331700 0.706979 -0.706403 -0.034281 0.263526 0.060750 1 5 1.000000 
noIcon.pic
0 7.630424 1.984169 20.221861 -0.056367 -0.009236 0.998367 0.253049 0.119757 1 5 1.000000 
0 4.729905 1.992529 20.058178 -0.056367 -0.009236 0.998367 0.253098 0.080020 1 5 1.000000 
0 6.639337 -0.767653 20.140448 -0.056367 -0.009236 0.998367 0.306382 0.119025 1 5 1.000000 
noIcon.pic
0 1.897751 1.984169 19.898201 -0.056367 -0.009236 0.998367 0.247043 0.060689 1 5 1.000000 
0 4.729905 1.992529 20.058178 -0.056367 -0.009236 0.998367 0.253098 0.080020 1 5 1.000000 
0 2.874571 4.885922 19.980194 -0.056367 -0.009236 0.998367 0.137070 0.060381 1 5 1.000000 
noIcon.pic
0 2.819307 2.624901 3.417464 -0.998386 -0.008160 -0.056201 0.196223 0.033076 1 5 1.000000 
0 1.897751 1.984169 19.898201 -0.998386 -0.008160 -0.056201 0.247043 0.060689 1 5 1.000000 
0 2.874571 4.885922 19.980194 -0.722540 0.690907 -0.024163 0.137070 0.060381 1 5 1.000000 
noIcon.pic
0 2.819307 2.624901 3.417464 -0.998386 -0.008160 -0.056201 0.196223 0.033076 1 5 1.000000 
0 2.874571 4.885922 19.980194 -0.722540 0.690907 -0.024163 0.137070 0.060381 1 5 1.000000 
0 3.702282 5.146876 2.743926 -0.722540 0.690907 -0.024163 0.090885 0.043869 1 5 1.000000 
noIcon.pic
0 2.819307 2.624901 3.417464 0.054191 -0.275312 -0.959826 0.196223 0.033076 1 5 1.000000 
0 5.257683 2.632166 3.553048 0.054191 -0.275312 -0.959826 0.192046 0.045589 1 5 1.000000 
0 3.622962 0.233234 4.148851 0.054191 -0.275312 -0.959826 0.273604 0.025147 1 5 1.000000 
noIcon.pic
0 5.302242 5.770828 2.655287 0.054191 -0.275312 -0.959826 0.125493 0.057232 1 5 1.000000 
0 5.257683 2.632166 3.553048 0.054191 -0.275312 -0.959826 0.192046 0.045589 1 5 1.000000 
0 3.702282 5.146876 2.743926 0.054191 -0.275312 -0.959826 0.090885 0.043869 1 5 1.000000 
noIcon.pic
0 5.302242 5.770828 2.655287 -0.006184 0.999938 0.009244 0.125493 0.057232 1 5 1.000000 
0 4.720931 5.603835 20.091080 -0.006184 0.999938 0.009244 0.163801 0.087042 1 5 1.000000 
0 6.636393 4.885922 20.192583 0.718975 0.694665 0.022719 0.197366 0.120521 1 5 1.000000 
noIcon.pic
0 5.302242 5.770828 2.655287 -0.006184 0.999938 0.009244 0.125493 0.057232 1 5 1.000000 
0 6.636393 4.885922 20.192583 0.718975 0.694665 0.022719 0.197366 0.120521 1 5 1.000000 
0 6.940905 5.146876 2.926775 0.718975 0.694665 0.022719 0.162395 0.071480 1 5 1.000000 
noIcon.pic
0 4.720931 5.603835 20.091080 -0.056367 -0.009236 0.998367 0.163801 0.087042 1 5 1.000000 
0 4.729905 1.992529 20.058178 -0.056367 -0.009236 0.998367 0.253098 0.080020 1 5 1.000000 
0 6.636393 4.885922 20.192583 -0.056367 -0.009236 0.998367 0.197366 0.120521 1 5 1.000000 
noIcon.pic
0 0.914344 0.406493 34.111668 -0.375138 -0.073841 0.924023 0.273031 0.373840 1 4 1.000000 
0 4.118045 0.303214 35.404064 -0.375138 -0.073841 0.924023 0.256091 0.448988 1 4 1.000000 
0 1.695097 3.506468 34.676369 -0.375138 -0.073841 0.924023 0.069145 0.369138 1 4 1.000000 
noIcon.pic
0 1.908910 1.448444 21.087030 -0.997278 0.004024 -0.073625 0.258393 0.065413 1 4 1.000000 
0 0.914344 0.406493 34.111668 -0.997278 0.004024 -0.073625 0.273031 0.373840 1 4 1.000000 
0 1.695097 3.506468 34.676369 -0.728372 0.685135 -0.008009 0.069145 0.369138 1 4 1.000000 
noIcon.pic
0 1.908910 1.448444 21.087030 -0.997278 0.004024 -0.073625 0.258393 0.065413 1 4 1.000000 
0 1.695097 3.506468 34.676369 -0.728372 0.685135 -0.008009 0.069145 0.369138 1 4 1.000000 
0 2.585422 4.291457 21.314224 -0.728372 0.685135 -0.008009 0.149722 0.057238 1 4 1.000000 
noIcon.pic
0 1.908910 1.448444 21.087030 0.000000 0.079659 -0.996822 0.258393 0.065413 1 4 1.000000 
0 4.684876 1.448444 21.087030 0.000000 0.079659 -0.996822 0.274742 0.086608 1 4 1.000000 
0 2.585422 -1.349930 20.863405 0.000000 0.079659 -0.996822 0.399546 0.076032 1 4 1.000000 
noIcon.pic
0 7.617723 1.448444 21.087030 0.000000 0.079659 -0.996822 0.259556 0.131201 1 4 1.000000 
0 4.684876 1.448444 21.087030 0.000000 0.079659 -0.996822 0.274742 0.086608 1 4 1.000000 
0 6.941211 4.291457 21.314224 0.000000 0.079659 -0.996822 0.206977 0.127473 1 4 1.000000 
noIcon.pic
0 7.617723 1.448444 21.087030 0.999962 -0.002505 0.008336 0.259556 0.131201 1 4 1.000000 
0 7.502801 0.194099 36.769497 0.999962 -0.002505 0.008336 0.255522 0.514021 1 4 1.000000 
0 6.722048 -2.856807 36.208721 0.726475 -0.684812 -0.057145 0.341085 0.513906 1 4 1.000000 
noIcon.pic
0 7.617723 1.448444 21.087030 0.999962 -0.002505 0.008336 0.259556 0.131201 1 4 1.000000 
0 6.722048 -2.856807 36.208721 0.726475 -0.684812 -0.057145 0.341085 0.513906 1 4 1.000000 
0 6.941211 -1.349930 20.863405 0.726475 -0.684812 -0.057145 0.322140 0.135638 1 4 1.000000 
noIcon.pic
0 7.502801 0.194099 36.769497 -0.375138 -0.073841 0.924023 0.255522 0.514021 1 4 1.000000 
0 4.118045 0.303214 35.404064 -0.375138 -0.073841 0.924023 0.256091 0.448988 1 4 1.000000 
0 6.722048 -2.856807 36.208721 -0.375138 -0.073841 0.924023 0.341085 0.513906 1 4 1.000000 
noIcon.pic
0 4.118045 -3.546000 35.096462 -0.375138 -0.073841 0.924023 0.388376 0.445854 1 4 1.000000 
0 4.118045 0.303214 35.404064 -0.375138 -0.073841 0.924023 0.256091 0.448988 1 4 1.000000 
0 1.695097 -2.694751 34.180809 -0.375138 -0.073841 0.924023 0.435810 0.377594 1 4 1.000000 
noIcon.pic
0 4.684876 -2.053272 20.807198 -0.005090 -0.994381 -0.105740 0.364974 0.102654 1 4 1.000000 
0 4.118045 -3.546000 35.096462 -0.005090 -0.994381 -0.105740 0.388376 0.445854 1 4 1.000000 
0 1.695097 -2.694751 34.180809 -0.727122 -0.676524 -0.116656 0.435810 0.377594 1 4 1.000000 
noIcon.pic
0 4.684876 -2.053272 20.807198 -0.005090 -0.994381 -0.105740 0.364974 0.102654 1 4 1.000000 
0 1.695097 -2.694751 34.180809 -0.727122 -0.676524 -0.116656 0.435810 0.377594 1 4 1.000000 
0 2.585422 -1.349930 20.863405 -0.727122 -0.676524 -0.116656 0.399546 0.076032 1 4 1.000000 
noIcon.pic
0 4.684876 -2.053272 20.807198 0.000000 0.079659 -0.996822 0.364974 0.102654 1 4 1.000000 
0 4.684876 1.448444 21.087030 0.000000 0.079659 -0.996822 0.274742 0.086608 1 4 1.000000 
0 6.941211 -1.349930 20.863405 -0.000000 0.079659 -0.996822 0.322140 0.135638 1 4 1.000000 
noIcon.pic
0 4.684876 4.994798 21.370430 0.000000 0.079659 -0.996822 0.178055 0.091995 1 4 1.000000 
0 4.684876 1.448444 21.087030 0.000000 0.079659 -0.996822 0.274742 0.086608 1 4 1.000000 
0 2.585422 4.291457 21.314224 -0.000000 0.079659 -0.996822 0.149722 0.057238 1 4 1.000000 
noIcon.pic
0 4.684876 4.994798 21.370430 -0.005059 0.998562 0.053368 0.178055 0.091995 1 4 1.000000 
0 4.118045 4.201498 35.715588 -0.005059 0.998562 0.053368 0.118940 0.444930 1 4 1.000000 
0 6.722048 3.344412 36.704277 0.727744 0.683862 0.052169 0.164412 0.514143 1 4 1.000000 
noIcon.pic
0 4.684876 4.994798 21.370430 -0.005059 0.998562 0.053368 0.178055 0.091995 1 4 1.000000 
0 6.722048 3.344412 36.704277 0.727744 0.683862 0.052169 0.164412 0.514143 1 4 1.000000 
0 6.941211 4.291457 21.314224 0.727744 0.683862 0.052169 0.206977 0.127473 1 4 1.000000 
noIcon.pic
0 4.118045 4.201498 35.715588 -0.375138 -0.073841 0.924023 0.118940 0.444930 1 4 1.000000 
0 4.118045 0.303214 35.404064 -0.375138 -0.073841 0.924023 0.256091 0.448988 1 4 1.000000 
0 6.722048 3.344412 36.704277 -0.375138 -0.073841 0.924023 0.164412 0.514143 1 4 1.000000 
noIcon.pic
0 0.000000 -4.495808 52.920338 0.000000 -0.961878 0.273480 0.505776 0.887125 1 14 1.000000 
0 4.182702 -2.411508 53.090233 0.647310 -0.732026 0.212432 0.372563 0.883196 1 14 1.000000 
0 4.013779 -0.561023 57.893520 0.587037 -0.751108 0.302032 0.375373 0.903107 1 14 1.000000 
noIcon.pic
0 0.000000 -4.495808 52.920338 0.000000 -0.961878 0.273480 0.505776 0.887125 1 14 1.000000 
0 4.013779 -0.561023 57.893520 0.587037 -0.751108 0.302032 0.375373 0.903107 1 14 1.000000 
0 0.000000 -2.419284 57.893520 -0.000000 -0.909966 0.414682 0.505665 0.905566 1 14 1.000000 
noIcon.pic
0 4.182702 -2.411508 53.090233 0.647310 -0.732026 0.212432 0.372563 0.883196 1 14 1.000000 
0 6.584416 1.942967 53.445175 0.996007 -0.050209 0.073814 0.251542 0.884485 1 14 1.000000 
0 6.453197 2.426945 57.893520 0.974596 -0.079195 0.209502 0.250147 0.900667 1 14 1.000000 
noIcon.pic
0 4.182702 -2.411508 53.090233 0.647310 -0.732026 0.212432 0.372563 0.883196 1 14 1.000000 
0 6.453197 2.426945 57.893520 0.974596 -0.079195 0.209502 0.250147 0.900667 1 14 1.000000 
0 4.013779 -0.561023 57.893520 0.587037 -0.751108 0.302032 0.375373 0.903107 1 14 1.000000 
noIcon.pic
0 6.584416 1.942967 53.445175 0.996007 -0.050209 0.073814 0.251542 0.884485 1 14 1.000000 
0 4.472317 6.942173 53.852669 0.634245 0.761667 -0.132651 0.128898 0.886444 1 14 1.000000 
0 4.294206 6.328268 57.893520 0.600323 0.762761 0.240433 0.117126 0.894587 1 14 1.000000 
noIcon.pic
0 6.584416 1.942967 53.445175 0.996007 -0.050209 0.073814 0.251542 0.884485 1 14 1.000000 
0 4.294206 6.328268 57.893520 0.600323 0.762761 0.240433 0.117126 0.894587 1 14 1.000000 
0 6.453197 2.426945 57.893520 0.974596 -0.079195 0.209502 0.250147 0.900667 1 14 1.000000 
noIcon.pic
0 4.472317 6.942173 53.852669 0.634245 0.761667 -0.132651 0.128898 0.886444 1 14 1.000000 
0 0.000000 7.954350 53.935173 0.000000 0.974902 -0.222635 -0.005588 0.889470 1 14 1.000000 
0 0.000000 7.627956 58.458416 0.000000 0.952301 0.305160 -0.004637 0.886245 1 14 1.000000 
noIcon.pic
0 4.472317 6.942173 53.852669 0.634245 0.761667 -0.132651 0.128898 0.886444 1 14 1.000000 
0 0.000000 7.627956 58.458416 0.000000 0.952301 0.305160 -0.004637 0.886245 1 14 1.000000 
0 4.294206 6.328268 57.893520 0.600323 0.762761 0.240433 0.117126 0.894587 1 14 1.000000 
noIcon.pic
0 16.477831 -1.807803 39.433517 0.487235 -0.229285 -0.842633 0.240356 0.598642 1 20 1.000000 
0 16.478615 -0.082963 38.964630 0.487235 -0.228923 -0.842732 0.233296 0.595263 1 20 1.000000 
0 17.644407 -1.222189 39.948120 0.487070 -0.229131 -0.842770 0.237073 0.600489 1 20 1.000000 
noIcon.pic
0 16.477831 -1.807803 39.433517 0.030716 -0.981747 0.187694 0.240356 0.598642 1 20 1.000000 
0 11.684803 -0.300813 48.260216 0.030716 -0.981747 0.187694 0.228625 0.744686 1 20 1.000000 
0 10.250341 0.098614 47.354027 -0.596358 -0.776599 -0.203103 0.234464 0.749336 1 20 1.000000 
noIcon.pic
0 16.477831 -1.807803 39.433517 0.030716 -0.981747 0.187694 0.240356 0.598642 1 20 1.000000 
0 10.250341 0.098614 47.354027 -0.596358 -0.776599 -0.203103 0.234464 0.749336 1 20 1.000000 
0 15.312822 -1.563216 38.692726 -0.596358 -0.776599 -0.203103 0.243751 0.596732 1 20 1.000000 
noIcon.pic
0 11.684803 -0.300813 48.260216 -0.487232 0.194338 0.851374 0.228625 0.744686 1 20 1.000000 
0 11.682100 1.903630 47.755478 -0.487234 0.196832 0.850800 0.214539 0.741706 1 20 1.000000 
0 10.250341 0.098614 47.354027 -0.485892 0.195977 0.851764 0.234464 0.749336 1 20 1.000000 
noIcon.pic
0 11.681383 4.051198 47.253971 -0.487233 0.198432 0.850429 0.200843 0.737792 1 20 1.000000 
0 11.682100 1.903630 47.755478 -0.487234 0.196832 0.850800 0.214539 0.741706 1 20 1.000000 
0 13.113859 3.653961 48.169609 -0.487742 0.197791 0.850286 0.196410 0.732195 1 20 1.000000 
noIcon.pic
0 16.476652 1.599062 38.507385 0.010606 0.965164 -0.261429 0.226315 0.591357 1 20 1.000000 
0 11.681383 4.051198 47.253971 0.010606 0.965164 -0.261429 0.200843 0.737792 1 20 1.000000 
0 13.113859 3.653961 48.169609 0.636671 0.761167 0.123587 0.196410 0.732195 1 20 1.000000 
noIcon.pic
0 16.476652 1.599062 38.507385 0.010606 0.965164 -0.261429 0.226315 0.591357 1 20 1.000000 
0 13.113859 3.653961 48.169609 0.636671 0.761167 0.123587 0.196410 0.732195 1 20 1.000000 
0 17.644407 1.354474 39.248169 0.636671 0.761167 0.123587 0.223185 0.593322 1 20 1.000000 
noIcon.pic
0 16.476652 1.599062 38.507385 0.487235 -0.228550 -0.842833 0.226315 0.591357 1 20 1.000000 
0 16.478615 -0.082963 38.964630 0.487235 -0.228923 -0.842732 0.233296 0.595263 1 20 1.000000 
0 15.312822 1.013446 37.992775 0.487403 -0.228714 -0.842691 0.229276 0.589499 1 20 1.000000 
noIcon.pic
0 18.020102 0.142502 39.794613 0.487235 -0.228928 -0.842730 0.230178 0.596931 1 20 1.000000 
0 16.478615 -0.082963 38.964630 0.487235 -0.228923 -0.842732 0.233296 0.595263 1 20 1.000000 
0 17.644407 1.354474 39.248169 0.487067 -0.228764 -0.842872 0.223185 0.593322 1 20 1.000000 
noIcon.pic
0 18.020102 0.142502 39.794613 0.901999 0.109676 0.417576 0.230178 0.596931 1 20 1.000000 
0 13.632403 2.149453 48.815502 0.901999 0.109676 0.417576 0.208319 0.735854 1 20 1.000000 
0 13.113859 0.459542 48.910404 0.653240 -0.614633 0.442158 0.223326 0.740465 1 20 1.000000 
noIcon.pic
0 18.020102 0.142502 39.794613 0.901999 0.109676 0.417576 0.230178 0.596931 1 20 1.000000 
0 13.113859 0.459542 48.910404 0.653240 -0.614633 0.442158 0.223326 0.740465 1 20 1.000000 
0 17.644407 -1.222189 39.948120 0.653240 -0.614633 0.442158 0.237073 0.600489 1 20 1.000000 
noIcon.pic
0 13.632403 2.149453 48.815502 -0.487235 0.197279 0.850696 0.208319 0.735854 1 20 1.000000 
0 11.682100 1.903630 47.755478 -0.487234 0.196832 0.850800 0.214539 0.741706 1 20 1.000000 
0 13.113859 0.459542 48.910404 -0.488574 0.195640 0.850306 0.223326 0.740465 1 20 1.000000 
noIcon.pic
0 9.731797 1.657807 46.695450 -0.487235 0.197279 0.850696 0.218269 0.745577 1 20 1.000000 
0 11.682100 1.903630 47.755478 -0.487234 0.196832 0.850800 0.214539 0.741706 1 20 1.000000 
0 10.250341 3.293033 46.613232 -0.486726 0.197920 0.850838 0.204473 0.742375 1 20 1.000000 
noIcon.pic
0 14.937128 -0.308427 38.134647 -0.861718 -0.117742 -0.493538 0.236507 0.593112 1 20 1.000000 
0 9.731797 1.657807 46.695450 -0.861718 -0.117742 -0.493538 0.218269 0.745577 1 20 1.000000 
0 10.250341 3.293033 46.613232 -0.607654 0.600873 -0.519334 0.204473 0.742375 1 20 1.000000 
noIcon.pic
0 14.937128 -0.308427 38.134647 -0.861718 -0.117742 -0.493538 0.236507 0.593112 1 20 1.000000 
0 10.250341 3.293033 46.613232 -0.607654 0.600873 -0.519334 0.204473 0.742375 1 20 1.000000 
0 15.312822 1.013446 37.992775 -0.607654 0.600873 -0.519334 0.229276 0.589499 1 20 1.000000 
noIcon.pic
0 14.937128 -0.308427 38.134647 0.487235 -0.228928 -0.842730 0.236507 0.593112 1 20 1.000000 
0 16.478615 -0.082963 38.964630 0.487235 -0.228923 -0.842732 0.233296 0.595263 1 20 1.000000 
0 15.312822 -1.563216 38.692726 0.487399 -0.229083 -0.842593 0.243751 0.596732 1 20 1.000000 
noIcon.pic
0 11.471807 -0.575531 48.668343 0.496371 -0.118767 -0.859948 0.232153 0.749602 1 19 1.000000 
0 11.471635 2.026496 48.308880 0.496370 -0.119242 -0.859883 0.213205 0.750101 1 19 1.000000 
0 12.760589 0.147616 49.313622 0.496684 -0.119010 -0.859733 0.235223 0.747616 1 19 1.000000 
noIcon.pic
0 11.471807 -0.575531 48.668343 0.042463 -0.999095 -0.002368 0.232153 0.749602 1 19 1.000000 
0 7.470910 -0.381459 56.187939 0.042463 -0.999095 -0.002368 0.256165 0.895471 1 19 1.000000 
0 6.382712 -0.381459 53.163544 -0.100857 -0.992340 -0.071339 0.248706 0.894864 1 19 1.000000 
noIcon.pic
0 11.471807 -0.575531 48.668343 0.042463 -0.999095 -0.002368 0.232153 0.749602 1 19 1.000000 
0 6.382712 -0.381459 53.163544 -0.100857 -0.992340 -0.071339 0.248706 0.894864 1 19 1.000000 
0 10.169268 -0.056007 47.846016 -0.100857 -0.992340 -0.071339 0.229263 0.751471 1 19 1.000000 
noIcon.pic
0 7.470910 -0.381459 56.187939 -0.940945 -0.001261 0.338558 0.256165 0.895471 1 19 1.000000 
0 7.467533 2.329984 56.188656 -0.940951 -0.000007 0.338543 0.202765 0.896826 1 19 1.000000 
0 6.382712 -0.381459 53.163544 -0.997497 -0.048355 0.051600 0.248706 0.894864 1 19 1.000000 
noIcon.pic
0 7.470633 5.036973 56.187401 -0.940945 0.001235 0.338557 0.167903 0.887939 1 19 1.000000 
0 7.467533 2.329984 56.188656 -0.940951 -0.000007 0.338543 0.202765 0.896826 1 19 1.000000 
0 8.627746 5.036973 59.403099 -0.940772 0.000617 0.339040 0.194376 0.895149 1 19 1.000000 
noIcon.pic
0 11.472207 4.644194 47.945110 0.057577 0.996058 -0.067478 0.199335 0.747400 1 19 1.000000 
0 7.470633 5.036973 56.187401 0.057577 0.996058 -0.067478 0.167903 0.887939 1 19 1.000000 
0 8.627746 5.036973 59.403099 0.187655 0.982150 0.012918 0.194376 0.895149 1 19 1.000000 
noIcon.pic
0 11.472207 4.644194 47.945110 0.057577 0.996058 -0.067478 0.199335 0.747400 1 19 1.000000 
0 8.627746 5.036973 59.403099 0.187655 0.982150 0.012918 0.194376 0.895149 1 19 1.000000 
0 12.760589 4.123905 48.761932 0.187655 0.982150 0.012918 0.209969 0.747180 1 19 1.000000 
noIcon.pic
0 11.472207 4.644194 47.945110 0.496370 -0.119595 -0.859834 0.199335 0.747400 1 19 1.000000 
0 11.471635 2.026496 48.308880 0.496370 -0.119242 -0.859883 0.213205 0.750101 1 19 1.000000 
0 10.169268 3.920283 47.294327 0.496196 -0.119463 -0.859952 0.188319 0.747628 1 19 1.000000 
noIcon.pic
0 13.165715 2.162283 49.267960 0.496368 -0.119303 -0.859875 0.222622 0.747399 1 19 1.000000 
0 11.471635 2.026496 48.308880 0.496370 -0.119242 -0.859883 0.213205 0.750101 1 19 1.000000 
0 12.760589 4.123905 48.761932 0.496542 -0.119436 -0.859756 0.209969 0.747180 1 19 1.000000 
noIcon.pic
0 13.165715 2.162283 49.267960 0.922106 0.022992 0.386254 0.222622 0.747399 1 19 1.000000 
0 8.627746 2.330746 59.403099 0.922106 0.022992 0.386254 0.228652 0.895624 1 19 1.000000 
0 8.627746 -0.381459 59.403099 0.917001 -0.074808 0.391808 0.264095 0.896115 1 19 1.000000 
noIcon.pic
0 13.165715 2.162283 49.267960 0.922106 0.022992 0.386254 0.222622 0.747399 1 19 1.000000 
0 8.627746 -0.381459 59.403099 0.917001 -0.074808 0.391808 0.264095 0.896115 1 19 1.000000 
0 12.760589 0.147616 49.313622 0.917001 -0.074808 0.391808 0.235223 0.747616 1 19 1.000000 
noIcon.pic
0 8.627746 2.330746 59.403099 -0.940606 -0.000000 0.339500 0.228652 0.895624 1 19 1.000000 
0 7.467533 2.329984 56.188656 -0.940951 -0.000007 0.338543 0.202765 0.896826 1 19 1.000000 
0 8.627746 -0.381459 59.403099 -0.940776 -0.000631 0.339029 0.264095 0.896115 1 19 1.000000 
noIcon.pic
0 6.382712 2.330746 53.163544 -0.993957 -0.017623 -0.108347 0.191140 0.887215 1 19 1.000000 
0 7.467533 2.329984 56.188656 -0.940951 -0.000007 0.338543 0.202765 0.896826 1 19 1.000000 
0 6.382712 5.036973 53.163544 -0.998217 0.025050 0.054182 0.140588 0.880499 1 19 1.000000 
noIcon.pic
0 9.764142 1.895598 47.341381 -0.844628 -0.031747 -0.534411 0.209541 0.749620 1 19 1.000000 
0 6.382712 2.330746 53.163544 -0.993957 -0.017623 -0.108347 0.191140 0.887215 1 19 1.000000 
0 6.382712 5.036973 53.163544 -0.998217 0.025050 0.054182 0.140588 0.880499 1 19 1.000000 
noIcon.pic
0 9.764142 1.895598 47.341381 -0.844628 -0.031747 -0.534411 0.209541 0.749620 1 19 1.000000 
0 6.382712 5.036973 53.163544 -0.998217 0.025050 0.054182 0.140588 0.880499 1 19 1.000000 
0 10.169268 3.920283 47.294327 -0.846595 0.067246 -0.527973 0.188319 0.747628 1 19 1.000000 
noIcon.pic
0 9.764142 1.895598 47.341381 0.496368 -0.119303 -0.859875 0.209541 0.749620 1 19 1.000000 
0 11.471635 2.026496 48.308880 0.496370 -0.119242 -0.859883 0.213205 0.750101 1 19 1.000000 
0 10.169268 -0.056007 47.846016 0.496055 -0.119060 -0.860090 0.229263 0.751471 1 19 1.000000 
noIcon.pic
0 7.743904 0.741699 -0.015295 0.000002 -0.000011 -1.000000 0.225348 0.542726 1 6 1.000000 
0 3.529700 -0.049737 -0.015295 0.000002 -0.000011 -1.000000 0.245191 0.545637 1 6 1.000000 
0 2.667663 4.597793 -0.015347 0.000002 -0.000011 -1.000000 0.244925 0.580820 1 6 1.000000 
noIcon.pic
0 7.743904 0.741699 -0.015295 0.000002 -0.000011 -1.000000 0.225348 0.542726 1 6 1.000000 
0 2.667663 4.597793 -0.015347 0.000002 -0.000011 -1.000000 0.244925 0.580820 1 6 1.000000 
0 6.047840 5.242038 -0.015347 0.000002 -0.000011 -1.000000 0.222214 0.579698 1 6 1.000000 
noIcon.pic
0 3.529700 -0.049737 -0.015295 0.000002 -0.000011 -1.000000 0.245191 0.545637 1 6 1.000000 
0 7.743904 0.741699 -0.015295 0.000002 -0.000011 -1.000000 0.225348 0.542726 1 6 1.000000 
0 8.934822 -5.237709 -0.015225 0.000002 -0.000011 -1.000000 0.229449 0.494334 1 6 1.000000 
noIcon.pic
0 3.529700 -0.049737 -0.015295 0.000002 -0.000011 -1.000000 0.245191 0.545637 1 6 1.000000 
0 8.934822 -5.237709 -0.015225 0.000002 -0.000011 -1.000000 0.229449 0.494334 1 6 1.000000 
0 4.719940 -6.029272 -0.015225 0.000002 -0.000011 -1.000000 0.245579 0.494298 1 6 1.000000 
noIcon.pic
0 3.587280 -0.387584 3.952756 0.027533 -0.147465 0.988684 0.246762 0.541970 1 6 1.000000 
0 7.804055 0.404335 3.952756 0.027533 -0.147465 0.988684 0.222749 0.544871 1 6 1.000000 
0 6.047547 5.241983 3.403950 -0.020087 0.105699 0.994195 0.219493 0.581692 1 6 1.000000 
noIcon.pic
0 3.587280 -0.387584 3.952756 0.027533 -0.147465 0.988684 0.246762 0.541970 1 6 1.000000 
0 6.047547 5.241983 3.403950 -0.020087 0.105699 0.994195 0.219493 0.581692 1 6 1.000000 
0 2.667370 4.597738 3.403144 -0.020087 0.105699 0.994195 0.246540 0.583984 1 6 1.000000 
noIcon.pic
0 8.823592 -4.678369 1.706564 0.136155 -0.725232 0.674908 0.226826 0.498776 1 6 1.000000 
0 4.608748 -5.470132 1.705784 0.136155 -0.725232 0.674908 0.246979 0.500721 1 6 1.000000 
0 4.719940 -6.029272 -0.015225 0.175208 -0.932975 0.314420 0.245579 0.494298 1 6 1.000000 
noIcon.pic
0 8.823592 -4.678369 1.706564 0.136155 -0.725232 0.674908 0.226826 0.498776 1 6 1.000000 
0 4.719940 -6.029272 -0.015225 0.175208 -0.932975 0.314420 0.245579 0.494298 1 6 1.000000 
0 8.934822 -5.237709 -0.015225 0.175208 -0.932975 0.314420 0.229449 0.494334 1 6 1.000000 
end
