// Created by Crowbar 0.56
version 1
nodes
  0 "pelvis" -1
  1 "lean_root" -1
  2 "cam_driver" -1
  3 "spine_0" 0
  4 "spine_1" 3
  5 "spine_2" 4
  6 "spine_3" 5
  7 "neck_0" 6
  8 "head_0" 7
  9 "jiggle_hood" 7
  10 "clavicle_L" 6
  11 "arm_upper_L" 10
  12 "arm_lower_L" 11
  13 "hand_L" 12
  14 "finger_middle_meta_L" 13
  15 "finger_middle_0_L" 14
  16 "finger_middle_1_L" 15
  17 "finger_middle_2_L" 16
  18 "finger_pinky_meta_L" 13
  19 "finger_pinky_0_L" 18
  20 "finger_pinky_1_L" 19
  21 "finger_pinky_2_L" 20
  22 "finger_index_meta_L" 13
  23 "finger_index_0_L" 22
  24 "finger_index_1_L" 23
  25 "finger_index_2_L" 24
  26 "finger_thumb_0_L" 13
  27 "finger_thumb_1_L" 26
  28 "finger_thumb_2_L" 27
  29 "finger_ring_meta_L" 13
  30 "finger_ring_0_L" 29
  31 "finger_ring_1_L" 30
  32 "finger_ring_2_L" 31
  33 "weapon_hand_L" 13
  34 "arm_lower_L_TWIST" 12
  35 "arm_lower_L_TWIST1" 12
  36 "arm_upper_L_TWIST" 11
  37 "arm_upper_L_TWIST1" 11
  38 "clavicle_R" 6
  39 "arm_upper_R" 38
  40 "arm_lower_R" 39
  41 "hand_R" 40
  42 "finger_middle_meta_R" 41
  43 "finger_middle_0_R" 42
  44 "finger_middle_1_R" 43
  45 "finger_middle_2_R" 44
  46 "finger_pinky_meta_R" 41
  47 "finger_pinky_0_R" 46
  48 "finger_pinky_1_R" 47
  49 "finger_pinky_2_R" 48
  50 "finger_index_meta_R" 41
  51 "finger_index_0_R" 50
  52 "finger_index_1_R" 51
  53 "finger_index_2_R" 52
  54 "finger_thumb_0_R" 41
  55 "finger_thumb_1_R" 54
  56 "finger_thumb_2_R" 55
  57 "finger_ring_meta_R" 41
  58 "finger_ring_0_R" 57
  59 "finger_ring_1_R" 58
  60 "finger_ring_2_R" 59
  61 "weapon_hand_R" 41
  62 "arm_lower_R_TWIST" 40
  63 "arm_lower_R_TWIST1" 40
  64 "arm_upper_R_TWIST" 39
  65 "arm_upper_R_TWIST1" 39
  66 "scapula_R" 38
  67 "jiggle_back_micropouches" 6
  68 "jiggle_front_micropouches" 5
  69 "jiggle_front_pouch_01" 5
  70 "jiggle_front_pouch_02" 5
  71 "leg_upper_L" 0
  72 "leg_lower_L" 71
  73 "ankle_L" 72
  74 "ball_L" 73
  75 "lfoot_lock" 74
  76 "leg_upper_L_TWIST" 71
  77 "leg_upper_L_TWIST1" 71
  78 "jiggle_climbinggear_01" 71
  79 "jiggle_climbinggear_02" 78
  80 "leg_upper_R" 0
  81 "leg_lower_R" 80
  82 "ankle_R" 81
  83 "ball_R" 82
  84 "rfoot_lock" 83
  85 "leg_upper_R_TWIST" 80
  86 "leg_upper_R_TWIST1" 80
  87 "jiggle_holster" 80
  88 "finger_pinky_L_END" 21
  89 "finger_thumb_L_END" 28
  90 "finger_ring_L_END" 32
  91 "finger_pinky_R_END" 49
  92 "finger_thumb_R_END" 56
  93 "finger_ring_R_END" 60
  94 "ValveBiped.weapon_bone" 41
  95 "lh_ik_driver" 13
  96 "primary_jiggle_jnt" 5
  97 "primary_smg_jiggle_jnt" 5
end
skeleton
  time 0
    0 0.000000 42.824833 -2.853551 1.570796 0.000000 1.570796
    1 0.000000 0.000000 0.000000 0.000000 0.000000 0.000000
    2 0.000000 0.000000 64.000000 0.000000 0.000000 0.000000
    3 0.934204 0.090506 0.000000 0.000000 0.000000 0.115469
    4 4.066376 0.000001 0.000000 0.000000 0.000000 -0.117289
    5 4.744072 0.000000 0.000000 0.000000 0.000000 -0.183317
    6 6.347771 0.000001 0.000000 0.000000 0.000000 0.244364
    7 6.515205 -0.000016 0.000000 0.000000 0.000000 0.244092
    8 5.762157 0.000002 0.000000 0.000000 0.000000 -0.303318
    9 1.022366 -3.844492 -0.010687 0.517352 1.514741 -1.470512
    10 4.311546 3.005295 1.270492 2.014360 -1.079695 -2.025331
    11 6.665433 0.000000 0.000004 0.204288 -0.663234 0.279905
    12 11.596664 0.000000 0.000000 0.000000 0.000000 0.444713
    13 11.486961 0.000000 0.000004 1.508139 -0.052952 0.048995
    14 0.807840 0.015438 -0.224508 0.103565 -0.098441 -0.078206
    15 3.265087 0.000000 0.000000 0.041931 -0.052018 0.432386
    16 2.075735 0.000000 0.000000 0.004352 0.027174 0.353438
    17 1.413418 0.000000 0.000000 0.000574 0.006189 0.215413
    18 0.562845 0.124912 0.989240 -0.013803 -0.343873 0.088648
    19 2.704884 -0.000004 0.000000 -0.073501 -0.121662 0.194214
    20 1.511129 0.000000 0.000000 0.002278 0.014366 0.350919
    21 0.872662 0.000002 0.000000 0.001434 -0.023162 0.046339
    22 0.802782 0.214901 -0.873659 0.211404 0.053247 -0.065452
    23 3.290380 -0.000004 -0.000001 0.102639 -0.023954 0.493034
    24 1.995686 0.000002 0.000000 0.001969 0.011011 0.330632
    25 1.269020 0.000000 0.000000 0.003420 -0.036626 0.013894
    26 1.423075 0.741585 -1.176400 1.569841 0.470007 0.577772
    27 1.698864 0.000000 -0.000002 -0.018131 -0.097498 0.436259
    28 1.566338 -0.000001 0.000000 0.001187 0.006260 0.300755
    29 0.711737 0.057610 0.410458 0.066852 -0.215308 -0.019739
    30 2.987719 0.000000 0.000001 -0.017702 -0.108415 0.407852
    31 1.910931 0.000002 0.000000 0.000094 0.000566 0.328027
    32 1.280708 0.000000 0.000000 0.000170 0.009073 0.134019
    33 2.790777 1.123611 0.295327 0.000000 0.000000 -3.141593
    34 3.828987 0.000000 0.000000 0.000000 0.000000 0.000000
    35 7.657978 -0.000001 0.000004 0.000000 0.000000 0.000000
    36 3.865551 0.000000 0.000000 0.000000 0.000000 0.000000
    37 7.731106 0.000004 -0.000004 0.000000 0.000000 0.000000
    38 4.311554 3.005294 -1.270490 2.014360 -1.079696 1.116263
    39 -6.665439 -0.000003 0.000000 2.937304 0.663237 -2.861688
    40 11.596653 -0.000001 -0.000004 -1.570798 0.000003 -0.444712
    41 11.486988 0.000000 0.000000 3.081531 -0.048927 3.088576
    42 -0.807777 -0.015434 0.224528 0.103565 -0.098441 -0.078206
    43 -3.265091 -0.000004 0.000000 0.041931 -0.052018 0.432386
    44 -2.075773 0.000038 -0.000016 0.004352 0.027174 0.353438
    45 -1.413406 0.000010 -0.000002 0.000574 0.006189 0.215413
    46 -0.562847 -0.124886 -0.989244 -0.013803 -0.343873 0.088648
    47 -2.704912 0.000000 0.000000 -0.073501 -0.121662 0.194214
    48 -1.511091 -0.000019 -0.000010 0.002279 0.014366 0.350919
    49 -0.872673 -0.000021 0.000007 0.001434 -0.023162 0.046339
    50 -0.802748 -0.214920 0.873668 0.211404 0.053247 -0.065452
    51 -3.290361 0.000015 0.000001 0.102639 -0.023954 0.493034
    52 -1.995720 0.000071 -0.000042 0.001969 0.011011 0.330632
    53 -1.268997 -0.000080 0.000055 0.003420 -0.036626 0.013894
    54 -1.423063 -0.741623 1.176404 1.569841 0.470007 0.577772
    55 -1.698803 0.000021 -0.000076 -0.018132 -0.097498 0.436259
    56 -1.566319 0.000017 0.000044 0.001187 0.006260 0.300755
    57 -0.711681 -0.057610 -0.410446 0.066852 -0.215308 -0.019739
    58 -2.987785 0.000034 -0.000009 -0.017702 -0.108415 0.407852
    59 -1.910934 -0.000069 0.000009 0.000094 0.000566 0.328027
    60 -1.280689 0.000076 -0.000006 0.000170 0.009073 0.134019
    61 -2.790766 -1.123657 -0.295324 0.000000 0.000000 -3.141593
    62 3.828993 0.000004 0.000000 1.570796 -0.000001 3.141592
    63 7.658005 0.000004 0.000000 1.570796 -0.000001 3.141592
    64 3.865551 -0.000001 -0.000004 3.141593 -0.000003 -3.141593
    65 7.731098 -0.000005 -0.000004 3.141593 -0.000003 -3.141593
    66 -5.998333 0.409463 1.968811 -2.558594 -1.280972 -1.306270
    67 -0.109306 -6.601205 0.795064 -1.789121 -1.417980 -0.134062
    68 -0.869808 5.186763 5.650943 0.138590 -0.954931 -1.577515
    69 -1.057919 3.888997 -8.370535 3.046411 -0.574096 1.729248
    70 -1.455963 6.942204 -4.286187 3.058026 -1.168014 1.698661
    71 -3.771385 0.913481 3.694230 -0.261951 -0.039640 3.127120
    72 17.902943 0.000000 0.000000 0.000000 0.000000 0.128555
    73 16.937239 0.000000 0.000000 3.136427 0.039455 -1.175481
    74 6.329626 0.000000 0.000000 0.000000 0.000000 0.500448
    75 0.000000 0.000000 0.000000 0.000000 0.000000 0.000000
    76 5.967648 0.000002 0.000000 0.000000 0.000000 0.000000
    77 11.935295 0.000002 0.000000 0.000000 0.000000 0.000000
    78 -3.544342 -4.397163 2.808476 -2.974709 -0.919726 -1.824335
    79 0.322567 -2.860958 0.039170 0.000000 0.000000 0.000000
    80 -3.771431 0.913481 -3.694230 1.832747 0.039640 3.127120
    81 17.902935 0.000000 0.000000 0.000000 0.128555 0.000000
    82 16.937189 0.000000 0.000000 -1.481715 1.173621 -3.039443
    83 -6.329633 -0.000002 0.000003 0.000000 0.000000 0.500448
    84 0.000000 0.000000 0.000000 0.000000 0.000000 0.000000
    85 5.967651 0.000000 0.000000 1.570796 0.000000 -3.141593
    86 11.935297 -0.000001 0.000000 1.570796 0.000000 -3.141593
    87 4.588383 -4.984219 0.884278 0.010283 -1.268259 1.721886
    88 0.619389 0.000002 0.000000 0.000000 0.000000 0.000000
    89 1.294838 0.000000 0.000000 0.000000 0.000000 0.000000
    90 1.041981 0.000002 0.000000 0.000000 0.000000 0.000000
    91 -0.619343 -0.000025 -0.000013 0.000000 0.000000 0.000000
    92 -1.294922 -0.000015 -0.000044 0.000000 0.000000 0.000000
    93 -1.041943 -0.000005 -0.000011 0.000000 0.000000 0.000000
    94 -7.000002 -2.000004 2.500001 1.919862 0.000000 -1.570796
    95 0.000002 0.000000 0.000000 0.000000 0.000000 0.000000
    96 3.199997 -8.200000 -4.300000 -0.575959 0.052360 -2.984513
    97 6.099998 8.600001 0.500000 0.000000 -0.610865 2.967060
end
triangles
  phy
    0 8.869392 39.144588 -2.282660 0.028904 -0.967310 -0.251945 0 0
    0 4.434709 41.642961 -8.328437 0.509546 -0.195750 -0.837881 0 0
    0 8.869415 41.642960 -2.282711 0.803826 -0.592118 -0.057099 0 0
  phy
    0 8.869392 39.144588 -2.282660 0.028904 -0.967310 -0.251945 0 0
    0 4.434709 36.982475 -8.328437 -0.134680 -0.049050 -0.989674 0 0
    0 4.434709 41.642961 -8.328437 0.509546 -0.195750 -0.837881 0 0
  phy
    0 3.135812 43.290691 -6.557686 0.872024 -0.006307 -0.489422 0 0
    0 6.271623 43.290691 -2.282711 0.870134 -0.450104 -0.200682 0 0
    0 4.434709 41.642961 -8.328437 0.509546 -0.195750 -0.837881 0 0
  phy
    0 6.271623 43.290691 -2.282711 0.870134 -0.450104 -0.200682 0 0
    0 8.869415 41.642960 -2.282711 0.803826 -0.592118 -0.057099 0 0
    0 4.434709 41.642961 -8.328437 0.509546 -0.195750 -0.837881 0 0
  phy
    0 3.135812 43.290691 -6.557686 0.872024 -0.006307 -0.489422 0 0
    0 -4.434705 41.642960 -8.328440 0.694699 0.147012 -0.704117 0 0
    0 -3.135811 43.290691 -6.557686 0.842655 0.356310 -0.403703 0 0
  phy
    0 3.135812 43.290691 -6.557686 0.872024 -0.006307 -0.489422 0 0
    0 4.434709 41.642961 -8.328437 0.509546 -0.195750 -0.837881 0 0
    0 -4.434705 41.642960 -8.328440 0.694699 0.147012 -0.704117 0 0
  phy
    0 4.434709 41.642961 -8.328437 0.509546 -0.195750 -0.837881 0 0
    0 4.434709 36.982475 -8.328437 -0.134680 -0.049050 -0.989674 0 0
    0 -4.434705 41.642960 -8.328440 0.694699 0.147012 -0.704117 0 0
  phy
    0 -4.434705 41.642960 -8.328440 0.694699 0.147012 -0.704117 0 0
    0 4.434709 36.982475 -8.328437 -0.134680 -0.049050 -0.989674 0 0
    0 -4.434705 36.982475 -8.328439 0.465849 -0.073949 -0.881769 0 0
  phy
    0 -4.434705 41.642960 -8.328440 0.694699 0.147012 -0.704117 0 0
    0 -4.434705 36.982475 -8.328439 0.465849 -0.073949 -0.881769 0 0
    0 -8.869427 39.144612 -2.282777 0.996909 -0.053826 0.057229 0 0
  phy
    0 -4.434705 41.642960 -8.328440 0.694699 0.147012 -0.704117 0 0
    0 -8.869427 39.144612 -2.282777 0.996909 -0.053826 0.057229 0 0
    0 -8.869415 41.642960 -2.282712 0.842313 0.420085 0.337695 0 0
  phy
    0 -3.135818 35.188314 -7.949907 -0.880002 0.184508 -0.437667 0 0
    0 -4.434705 36.982475 -8.328439 0.465849 -0.073949 -0.881769 0 0
    0 3.135809 35.188316 -7.949904 -0.956377 -0.176068 -0.233116 0 0
  phy
    0 3.135809 35.188316 -7.949904 -0.956377 -0.176068 -0.233116 0 0
    0 -4.434705 36.982475 -8.328439 0.465849 -0.073949 -0.881769 0 0
    0 4.434709 36.982475 -8.328437 -0.134680 -0.049050 -0.989674 0 0
  phy
    0 -4.434705 36.982475 -8.328439 0.465849 -0.073949 -0.881769 0 0
    0 -3.135818 35.188314 -7.949907 -0.880002 0.184508 -0.437667 0 0
    0 -8.869427 39.144612 -2.282777 0.996909 -0.053826 0.057229 0 0
  phy
    0 -3.135811 43.290691 -6.557686 0.842655 0.356310 -0.403703 0 0
    0 -0.000001 43.973206 -2.282710 0.998813 -0.042085 0.024534 0 0
    0 3.135812 43.290691 -6.557686 0.872024 -0.006307 -0.489422 0 0
  phy
    0 3.135812 43.290691 -6.557686 0.872024 -0.006307 -0.489422 0 0
    0 -0.000001 43.973206 -2.282710 0.998813 -0.042085 0.024534 0 0
    0 6.271623 43.290691 -2.282711 0.870134 -0.450104 -0.200682 0 0
  phy
    0 8.869392 39.144588 -2.282660 0.028904 -0.967310 -0.251945 0 0
    0 6.270470 36.619465 -2.282714 -0.862991 -0.505177 0.006613 0 0
    0 3.135809 35.188316 -7.949904 -0.956377 -0.176068 -0.233116 0 0
  phy
    0 6.270470 36.619465 -2.282714 -0.862991 -0.505177 0.006613 0 0
    0 8.869392 39.144588 -2.282660 0.028904 -0.967310 -0.251945 0 0
    0 2.663216 35.214877 3.384483 -0.863226 -0.461235 0.205190 0 0
  phy
    0 3.135809 35.188316 -7.949904 -0.956377 -0.176068 -0.233116 0 0
    0 6.270470 36.619465 -2.282714 -0.862991 -0.505177 0.006613 0 0
    0 2.663216 35.214877 3.384483 -0.863226 -0.461235 0.205190 0 0
  phy
    0 -3.135818 35.188314 -7.949907 -0.880002 0.184508 -0.437667 0 0
    0 -2.663218 35.214878 3.384483 -0.843771 -0.204768 0.496106 0 0
    0 -6.270468 36.619463 -2.282709 0.786690 -0.607644 -0.109029 0 0
  phy
    0 -2.663218 35.214878 3.384483 -0.843771 -0.204768 0.496106 0 0
    0 -3.135818 35.188314 -7.949907 -0.880002 0.184508 -0.437667 0 0
    0 -0.000001 34.279219 -2.282710 -0.998889 -0.044864 0.014442 0 0
  phy
    0 -3.135818 35.188314 -7.949907 -0.880002 0.184508 -0.437667 0 0
    0 3.135809 35.188316 -7.949904 -0.956377 -0.176068 -0.233116 0 0
    0 -0.000001 34.279219 -2.282710 -0.998889 -0.044864 0.014442 0 0
  phy
    0 -3.135818 35.188314 -7.949907 -0.880002 0.184508 -0.437667 0 0
    0 -6.270468 36.619463 -2.282709 0.786690 -0.607644 -0.109029 0 0
    0 -8.869427 39.144612 -2.282777 0.996909 -0.053826 0.057229 0 0
  phy
    0 -8.869415 41.642960 -2.282712 0.842313 0.420085 0.337695 0 0
    0 -6.271623 43.290691 -2.282711 0.872875 0.483435 -0.066189 0 0
    0 -4.434705 41.642960 -8.328440 0.694699 0.147012 -0.704117 0 0
  phy
    0 -6.271623 43.290691 -2.282711 0.872875 0.483435 -0.066189 0 0
    0 -3.135811 43.290691 -6.557686 0.842655 0.356310 -0.403703 0 0
    0 -4.434705 41.642960 -8.328440 0.694699 0.147012 -0.704117 0 0
  phy
    0 -6.271623 43.290691 -2.282711 0.872875 0.483435 -0.066189 0 0
    0 -0.000001 43.973206 -2.282710 0.998813 -0.042085 0.024534 0 0
    0 -3.135811 43.290691 -6.557686 0.842655 0.356310 -0.403703 0 0
  phy
    0 6.271623 43.290691 -2.282711 0.870134 -0.450104 -0.200682 0 0
    0 3.135811 43.290691 1.992266 0.776883 -0.276731 0.565573 0 0
    0 8.869415 41.642960 -2.282711 0.803826 -0.592118 -0.057099 0 0
  phy
    0 3.135811 43.290691 1.992266 0.776883 -0.276731 0.565573 0 0
    0 4.434706 41.642961 3.763017 0.500927 -0.593678 0.629777 0 0
    0 8.869415 41.642960 -2.282711 0.803826 -0.592118 -0.057099 0 0
  phy
    0 6.271623 43.290691 -2.282711 0.870134 -0.450104 -0.200682 0 0
    0 -0.000001 43.973206 -2.282710 0.998813 -0.042085 0.024534 0 0
    0 3.135811 43.290691 1.992266 0.776883 -0.276731 0.565573 0 0
  phy
    0 3.135809 35.188316 -7.949904 -0.956377 -0.176068 -0.233116 0 0
    0 4.434709 36.982475 -8.328437 -0.134680 -0.049050 -0.989674 0 0
    0 8.869392 39.144588 -2.282660 0.028904 -0.967310 -0.251945 0 0
  phy
    0 4.240160 37.138315 3.763017 -0.176045 -0.721483 0.669679 0 0
    0 2.663216 35.214877 3.384483 -0.863226 -0.461235 0.205190 0 0
    0 8.869392 39.144588 -2.282660 0.028904 -0.967310 -0.251945 0 0
  phy
    0 8.869415 41.642960 -2.282711 0.803826 -0.592118 -0.057099 0 0
    0 4.434706 41.642961 3.763017 0.500927 -0.593678 0.629777 0 0
    0 8.869392 39.144588 -2.282660 0.028904 -0.967310 -0.251945 0 0
  phy
    0 8.869392 39.144588 -2.282660 0.028904 -0.967310 -0.251945 0 0
    0 4.434706 41.642961 3.763017 0.500927 -0.593678 0.629777 0 0
    0 4.240160 37.138315 3.763017 -0.176045 -0.721483 0.669679 0 0
  phy
    0 2.663216 35.214877 3.384483 -0.863226 -0.461235 0.205190 0 0
    0 4.240160 37.138315 3.763017 -0.176045 -0.721483 0.669679 0 0
    0 -2.663218 35.214878 3.384483 -0.843771 -0.204768 0.496106 0 0
  phy
    0 4.240160 37.138315 3.763017 -0.176045 -0.721483 0.669679 0 0
    0 -4.240167 37.138313 3.763017 -0.322474 -0.118267 0.939161 0 0
    0 -2.663218 35.214878 3.384483 -0.843771 -0.204768 0.496106 0 0
  phy
    0 4.240160 37.138315 3.763017 -0.176045 -0.721483 0.669679 0 0
    0 -4.434710 41.642961 3.763017 -0.068543 0.068062 0.995324 0 0
    0 -4.240167 37.138313 3.763017 -0.322474 -0.118267 0.939161 0 0
  phy
    0 4.240160 37.138315 3.763017 -0.176045 -0.721483 0.669679 0 0
    0 4.434706 41.642961 3.763017 0.500927 -0.593678 0.629777 0 0
    0 -4.434710 41.642961 3.763017 -0.068543 0.068062 0.995324 0 0
  phy
    0 -2.663218 35.214878 3.384483 -0.843771 -0.204768 0.496106 0 0
    0 -4.240167 37.138313 3.763017 -0.322474 -0.118267 0.939161 0 0
    0 -8.869427 39.144612 -2.282777 0.996909 -0.053826 0.057229 0 0
  phy
    0 -4.240167 37.138313 3.763017 -0.322474 -0.118267 0.939161 0 0
    0 -4.434710 41.642961 3.763017 -0.068543 0.068062 0.995324 0 0
    0 -8.869427 39.144612 -2.282777 0.996909 -0.053826 0.057229 0 0
  phy
    0 -8.869415 41.642960 -2.282712 0.842313 0.420085 0.337695 0 0
    0 -3.135812 43.290691 1.992266 0.671608 -0.232178 0.703588 0 0
    0 -6.271623 43.290691 -2.282711 0.872875 0.483435 -0.066189 0 0
  phy
    0 -8.869415 41.642960 -2.282712 0.842313 0.420085 0.337695 0 0
    0 -4.434710 41.642961 3.763017 -0.068543 0.068062 0.995324 0 0
    0 -3.135812 43.290691 1.992266 0.671608 -0.232178 0.703588 0 0
  phy
    0 -4.434710 41.642961 3.763017 -0.068543 0.068062 0.995324 0 0
    0 3.135811 43.290691 1.992266 0.776883 -0.276731 0.565573 0 0
    0 -3.135812 43.290691 1.992266 0.671608 -0.232178 0.703588 0 0
  phy
    0 -4.434710 41.642961 3.763017 -0.068543 0.068062 0.995324 0 0
    0 4.434706 41.642961 3.763017 0.500927 -0.593678 0.629777 0 0
    0 3.135811 43.290691 1.992266 0.776883 -0.276731 0.565573 0 0
  phy
    0 3.135811 43.290691 1.992266 0.776883 -0.276731 0.565573 0 0
    0 -0.000001 43.973206 -2.282710 0.998813 -0.042085 0.024534 0 0
    0 -3.135812 43.290691 1.992266 0.671608 -0.232178 0.703588 0 0
  phy
    0 -3.135812 43.290691 1.992266 0.671608 -0.232178 0.703588 0 0
    0 -0.000001 43.973206 -2.282710 0.998813 -0.042085 0.024534 0 0
    0 -6.271623 43.290691 -2.282711 0.872875 0.483435 -0.066189 0 0
  phy
    0 2.663216 35.214877 3.384483 -0.863226 -0.461235 0.205190 0 0
    0 -2.663218 35.214878 3.384483 -0.843771 -0.204768 0.496106 0 0
    0 -0.000001 34.279219 -2.282710 -0.998889 -0.044864 0.014442 0 0
  phy
    0 -6.270468 36.619463 -2.282709 0.786690 -0.607644 -0.109029 0 0
    0 -2.663218 35.214878 3.384483 -0.843771 -0.204768 0.496106 0 0
    0 -8.869427 39.144612 -2.282777 0.996909 -0.053826 0.057229 0 0
  phy
    0 -4.434710 41.642961 3.763017 -0.068543 0.068062 0.995324 0 0
    0 -8.869415 41.642960 -2.282712 0.842313 0.420085 0.337695 0 0
    0 -8.869427 39.144612 -2.282777 0.996909 -0.053826 0.057229 0 0
  phy
    0 3.135809 35.188316 -7.949904 -0.956377 -0.176068 -0.233116 0 0
    0 2.663216 35.214877 3.384483 -0.863226 -0.461235 0.205190 0 0
    0 -0.000001 34.279219 -2.282710 -0.998889 -0.044864 0.014442 0 0
  phy
    80 -7.405025 20.132288 -3.927684 0.737614 0.404680 -0.540518 0 0
    80 -8.185674 20.330192 -0.997890 0.413436 0.392121 -0.821773 0 0
    80 -8.153481 22.946688 -4.969844 0.442024 0.810910 -0.383457 0 0
  phy
    80 -8.153481 22.946688 -4.969844 0.442024 0.810910 -0.383457 0 0
    80 -8.185674 20.330192 -0.997890 0.413436 0.392121 -0.821773 0 0
    80 -9.257485 23.226565 -0.826489 0.172507 0.390912 -0.904118 0 0
  phy
    80 -6.036371 20.338290 1.149833 0.719076 -0.606211 -0.339761 0 0
    80 -6.217911 23.238017 2.210848 0.356321 -0.677138 -0.643832 0 0
    80 -8.185674 20.330192 -0.997890 0.413436 0.392121 -0.821773 0 0
  phy
    80 -6.217911 23.238017 2.210848 0.356321 -0.677138 -0.643832 0 0
    80 -9.257485 23.226565 -0.826489 0.172507 0.390912 -0.904118 0 0
    80 -8.185674 20.330192 -0.997890 0.413436 0.392121 -0.821773 0 0
  phy
    80 -8.185674 20.330192 -0.997890 0.413436 0.392121 -0.821773 0 0
    80 -5.288789 19.483324 -1.744376 0.998157 0.027965 -0.053851 0 0
    80 -6.036371 20.338290 1.149833 0.719076 -0.606211 -0.339761 0 0
  phy
    80 -7.405025 20.132288 -3.927684 0.737614 0.404680 -0.540518 0 0
    80 -5.288789 19.483324 -1.744376 0.998157 0.027965 -0.053851 0 0
    80 -8.185674 20.330192 -0.997890 0.413436 0.392121 -0.821773 0 0
  phy
    80 -3.936102 39.055651 -6.813040 -0.885721 0.447154 0.124708 0 0
    80 -3.720988 35.103080 -8.251795 -0.039988 0.976568 0.211460 0 0
    80 -7.816315 39.309199 -5.736930 -0.653559 0.698983 -0.290316 0 0
  phy
    80 -7.816315 39.309199 -5.736930 -0.653559 0.698983 -0.290316 0 0
    80 -3.720988 35.103080 -8.251795 -0.039988 0.976568 0.211460 0 0
    80 -9.211090 35.466079 -6.727719 -0.368728 0.777633 -0.509241 0 0
  phy
    80 -3.936102 39.055651 -6.813040 -0.885721 0.447154 0.124708 0 0
    80 -1.131727 39.070070 -3.939659 -0.570563 -0.024628 0.820885 0 0
    80 -3.720988 35.103080 -8.251795 -0.039988 0.976568 0.211460 0 0
  phy
    80 -1.131727 39.070070 -3.939659 -0.570563 -0.024628 0.820885 0 0
    80 -3.936102 39.055651 -6.813040 -0.885721 0.447154 0.124708 0 0
    80 -4.910492 40.170768 -2.893741 -0.946660 0.223260 -0.232358 0 0
  phy
    80 -3.936102 39.055651 -6.813040 -0.885721 0.447154 0.124708 0 0
    80 -7.816315 39.309199 -5.736930 -0.653559 0.698983 -0.290316 0 0
    80 -4.910492 40.170768 -2.893741 -0.946660 0.223260 -0.232358 0 0
  phy
    80 -0.970329 22.689726 -3.038526 0.149905 0.437836 0.886469 0 0
    80 -2.325770 19.950589 -2.562034 0.731893 0.221520 0.644408 0 0
    80 -4.009902 22.678274 -6.075862 0.551880 0.825917 0.115276 0 0
  phy
    80 -4.009902 22.678274 -6.075862 0.551880 0.825917 0.115276 0 0
    80 -2.325770 19.950589 -2.562034 0.731893 0.221520 0.644408 0 0
    80 -4.475072 19.942488 -4.709756 0.995788 0.067049 -0.062539 0 0
  phy
    80 -7.405025 20.132288 -3.927684 0.737614 0.404680 -0.540518 0 0
    80 -8.153481 22.946688 -4.969844 0.442024 0.810910 -0.383457 0 0
    80 -4.009902 22.678274 -6.075862 0.551880 0.825917 0.115276 0 0
  phy
    80 -7.405025 20.132288 -3.927684 0.737614 0.404680 -0.540518 0 0
    80 -4.009902 22.678274 -6.075862 0.551880 0.825917 0.115276 0 0
    80 -4.475072 19.942488 -4.709756 0.995788 0.067049 -0.062539 0 0
  phy
    80 -4.009902 22.678274 -6.075862 0.551880 0.825917 0.115276 0 0
    80 -8.153481 22.946688 -4.969844 0.442024 0.810910 -0.383457 0 0
    80 -3.720988 35.103080 -8.251795 -0.039988 0.976568 0.211460 0 0
  phy
    80 -0.970329 22.689726 -3.038526 0.149905 0.437836 0.886469 0 0
    80 -4.009902 22.678274 -6.075862 0.551880 0.825917 0.115276 0 0
    80 -3.720988 35.103080 -8.251795 -0.039988 0.976568 0.211460 0 0
  phy
    80 -0.970329 22.689726 -3.038526 0.149905 0.437836 0.886469 0 0
    80 -3.106418 20.148487 0.367760 0.650061 -0.441105 0.618746 0 0
    80 -2.325770 19.950589 -2.562034 0.731893 0.221520 0.644408 0 0
  phy
    80 -0.970329 22.689726 -3.038526 0.149905 0.437836 0.886469 0 0
    80 -2.074334 22.969602 1.104829 0.140230 0.136771 0.980627 0 0
    80 -3.106418 20.148487 0.367760 0.650061 -0.441105 0.618746 0 0
  phy
    80 -3.106418 20.148487 0.367760 0.650061 -0.441105 0.618746 0 0
    80 -5.288789 19.483324 -1.744376 0.998157 0.027965 -0.053851 0 0
    80 -2.325770 19.950589 -2.562034 0.731893 0.221520 0.644408 0 0
  phy
    80 -2.325770 19.950589 -2.562034 0.731893 0.221520 0.644408 0 0
    80 -5.288789 19.483324 -1.744376 0.998157 0.027965 -0.053851 0 0
    80 -4.475072 19.942488 -4.709756 0.995788 0.067049 -0.062539 0 0
  phy
    80 -6.036371 20.338290 1.149833 0.719076 -0.606211 -0.339761 0 0
    80 -3.106418 20.148487 0.367760 0.650061 -0.441105 0.618746 0 0
    80 -6.217911 23.238017 2.210848 0.356321 -0.677138 -0.643832 0 0
  phy
    80 -3.106418 20.148487 0.367760 0.650061 -0.441105 0.618746 0 0
    80 -2.074334 22.969602 1.104829 0.140230 0.136771 0.980627 0 0
    80 -6.217911 23.238017 2.210848 0.356321 -0.677138 -0.643832 0 0
  phy
    80 -6.036371 20.338290 1.149833 0.719076 -0.606211 -0.339761 0 0
    80 -5.288789 19.483324 -1.744376 0.998157 0.027965 -0.053851 0 0
    80 -3.106418 20.148487 0.367760 0.650061 -0.441105 0.618746 0 0
  phy
    80 -4.475072 19.942488 -4.709756 0.995788 0.067049 -0.062539 0 0
    80 -5.288789 19.483324 -1.744376 0.998157 0.027965 -0.053851 0 0
    80 -7.405025 20.132288 -3.927684 0.737614 0.404680 -0.540518 0 0
  phy
    80 -1.131727 39.070070 -3.939659 -0.570563 -0.024628 0.820885 0 0
    80 -0.231245 35.124901 -4.198089 -0.041836 0.497933 0.866206 0 0
    80 -3.720988 35.103080 -8.251795 -0.039988 0.976568 0.211460 0 0
  phy
    80 -2.088345 39.333766 0.041887 -0.795737 -0.488742 0.357679 0 0
    80 -1.131727 39.070070 -3.939659 -0.570563 -0.024628 0.820885 0 0
    80 -4.910492 40.170768 -2.893741 -0.946660 0.223260 -0.232358 0 0
  phy
    80 -1.131727 39.070070 -3.939659 -0.570563 -0.024628 0.820885 0 0
    80 -1.248813 35.496349 1.443754 -0.363022 -0.075771 0.928695 0 0
    80 -0.231245 35.124901 -4.198089 -0.041836 0.497933 0.866206 0 0
  phy
    80 -2.088345 39.333766 0.041887 -0.795737 -0.488742 0.357679 0 0
    80 -1.248813 35.496349 1.443754 -0.363022 -0.075771 0.928695 0 0
    80 -1.131727 39.070070 -3.939659 -0.570563 -0.024628 0.820885 0 0
  phy
    80 -0.231245 35.124901 -4.198089 -0.041836 0.497933 0.866206 0 0
    80 -0.970329 22.689726 -3.038526 0.149905 0.437836 0.886469 0 0
    80 -3.720988 35.103080 -8.251795 -0.039988 0.976568 0.211460 0 0
  phy
    80 -0.231245 35.124901 -4.198089 -0.041836 0.497933 0.866206 0 0
    80 -1.248813 35.496349 1.443754 -0.363022 -0.075771 0.928695 0 0
    80 -0.970329 22.689726 -3.038526 0.149905 0.437836 0.886469 0 0
  phy
    80 -0.970329 22.689726 -3.038526 0.149905 0.437836 0.886469 0 0
    80 -1.248813 35.496349 1.443754 -0.363022 -0.075771 0.928695 0 0
    80 -2.074334 22.969602 1.104829 0.140230 0.136771 0.980627 0 0
  phy
    80 -8.153481 22.946688 -4.969844 0.442024 0.810910 -0.383457 0 0
    80 -9.257485 23.226565 -0.826489 0.172507 0.390912 -0.904118 0 0
    80 -9.211090 35.466079 -6.727719 -0.368728 0.777633 -0.509241 0 0
  phy
    80 -9.211090 35.466079 -6.727719 -0.368728 0.777633 -0.509241 0 0
    80 -9.257485 23.226565 -0.826489 0.172507 0.390912 -0.904118 0 0
    80 -10.700566 35.839548 -1.135743 -0.455733 -0.031734 -0.889550 0 0
  phy
    80 -6.217911 23.238017 2.210848 0.356321 -0.677138 -0.643832 0 0
    80 -6.597041 35.857197 2.964960 -0.699445 -0.680090 -0.219670 0 0
    80 -9.257485 23.226565 -0.826489 0.172507 0.390912 -0.904118 0 0
  phy
    80 -6.597041 35.857197 2.964960 -0.699445 -0.680090 -0.219670 0 0
    80 -10.700566 35.839548 -1.135743 -0.455733 -0.031734 -0.889550 0 0
    80 -9.257485 23.226565 -0.826489 0.172507 0.390912 -0.904118 0 0
  phy
    80 -2.074334 22.969602 1.104829 0.140230 0.136771 0.980627 0 0
    80 -6.597041 35.857197 2.964960 -0.699445 -0.680090 -0.219670 0 0
    80 -6.217911 23.238017 2.210848 0.356321 -0.677138 -0.643832 0 0
  phy
    80 -7.816315 39.309199 -5.736930 -0.653559 0.698983 -0.290316 0 0
    80 -9.211090 35.466079 -6.727719 -0.368728 0.777633 -0.509241 0 0
    80 -8.868695 39.576320 -1.781133 -0.492667 0.053930 -0.868545 0 0
  phy
    80 -8.868695 39.576320 -1.781133 -0.492667 0.053930 -0.868545 0 0
    80 -9.211090 35.466079 -6.727719 -0.368728 0.777633 -0.509241 0 0
    80 -10.700566 35.839548 -1.135743 -0.455733 -0.031734 -0.889550 0 0
  phy
    80 -5.968554 39.587310 1.117997 -0.576689 -0.610873 -0.542461 0 0
    80 -8.868695 39.576320 -1.781133 -0.492667 0.053930 -0.868545 0 0
    80 -6.597041 35.857197 2.964960 -0.699445 -0.680090 -0.219670 0 0
  phy
    80 -8.868695 39.576320 -1.781133 -0.492667 0.053930 -0.868545 0 0
    80 -10.700566 35.839548 -1.135743 -0.455733 -0.031734 -0.889550 0 0
    80 -6.597041 35.857197 2.964960 -0.699445 -0.680090 -0.219670 0 0
  phy
    80 -5.968554 39.587310 1.117997 -0.576689 -0.610873 -0.542461 0 0
    80 -6.597041 35.857197 2.964960 -0.699445 -0.680090 -0.219670 0 0
    80 -2.088345 39.333766 0.041887 -0.795737 -0.488742 0.357679 0 0
  phy
    80 -2.088345 39.333766 0.041887 -0.795737 -0.488742 0.357679 0 0
    80 -6.597041 35.857197 2.964960 -0.699445 -0.680090 -0.219670 0 0
    80 -1.248813 35.496349 1.443754 -0.363022 -0.075771 0.928695 0 0
  phy
    80 -5.968554 39.587310 1.117997 -0.576689 -0.610873 -0.542461 0 0
    80 -2.088345 39.333766 0.041887 -0.795737 -0.488742 0.357679 0 0
    80 -4.910492 40.170768 -2.893741 -0.946660 0.223260 -0.232358 0 0
  phy
    80 -1.248813 35.496349 1.443754 -0.363022 -0.075771 0.928695 0 0
    80 -6.597041 35.857197 2.964960 -0.699445 -0.680090 -0.219670 0 0
    80 -2.074334 22.969602 1.104829 0.140230 0.136771 0.980627 0 0
  phy
    80 -8.868695 39.576320 -1.781133 -0.492667 0.053930 -0.868545 0 0
    80 -5.968554 39.587310 1.117997 -0.576689 -0.610873 -0.542461 0 0
    80 -4.910492 40.170768 -2.893741 -0.946660 0.223260 -0.232358 0 0
  phy
    80 -3.720988 35.103080 -8.251795 -0.039988 0.976568 0.211460 0 0
    80 -8.153481 22.946688 -4.969844 0.442024 0.810910 -0.383457 0 0
    80 -9.211090 35.466079 -6.727719 -0.368728 0.777633 -0.509241 0 0
  phy
    80 -7.816315 39.309199 -5.736930 -0.653559 0.698983 -0.290316 0 0
    80 -8.868695 39.576320 -1.781133 -0.492667 0.053930 -0.868545 0 0
    80 -4.910492 40.170768 -2.893741 -0.946660 0.223260 -0.232358 0 0
  phy
    81 -4.563758 4.087852 -6.489379 0.767056 0.636118 0.083543 0 0
    81 -6.876130 4.034730 -5.879340 0.507094 0.780564 -0.365480 0 0
    81 -4.289376 6.653595 -7.168511 0.290801 0.945773 0.144737 0 0
  phy
    81 -4.289376 6.653595 -7.168511 0.290801 0.945773 0.144737 0 0
    81 -6.876130 4.034730 -5.879340 0.507094 0.780564 -0.365480 0 0
    81 -7.559566 6.578471 -6.305785 0.246393 0.800362 -0.546545 0 0
  phy
    81 -6.876130 4.034730 -5.879340 0.507094 0.780564 -0.365480 0 0
    81 -7.502157 3.785435 -3.584130 0.012067 0.218204 -0.975829 0 0
    81 -8.444900 6.225911 -3.059869 0.219200 0.044499 -0.974665 0 0
  phy
    81 -6.876130 4.034730 -5.879340 0.507094 0.780564 -0.365480 0 0
    81 -8.444900 6.225911 -3.059869 0.219200 0.044499 -0.974665 0 0
    81 -7.559566 6.578471 -6.305785 0.246393 0.800362 -0.546545 0 0
  phy
    81 -4.563758 4.087852 -6.489379 0.767056 0.636118 0.083543 0 0
    81 -5.193935 3.161275 -4.268869 0.949027 0.222906 -0.222845 0 0
    81 -6.876130 4.034730 -5.879340 0.507094 0.780564 -0.365480 0 0
  phy
    81 -6.876130 4.034730 -5.879340 0.507094 0.780564 -0.365480 0 0
    81 -5.193935 3.161275 -4.268869 0.949027 0.222906 -0.222845 0 0
    81 -7.502157 3.785435 -3.584130 0.012067 0.218204 -0.975829 0 0
  phy
    81 -2.877412 3.891684 -4.804211 0.611935 0.297256 0.732922 0 0
    81 -2.789857 6.023613 -1.539410 0.306157 -0.404981 0.861544 0 0
    81 -3.503438 3.642387 -2.509003 0.622247 -0.371798 0.688894 0 0
  phy
    81 -2.877412 3.891684 -4.804211 0.611935 0.297256 0.732922 0 0
    81 -1.904521 6.376170 -4.785325 0.187014 0.405008 0.894983 0 0
    81 -2.789857 6.023613 -1.539410 0.306157 -0.404981 0.861544 0 0
  phy
    81 -3.503438 3.642387 -2.509003 0.622247 -0.371798 0.688894 0 0
    81 -6.060047 5.948482 -0.676683 0.400910 -0.911534 0.091520 0 0
    81 -5.815811 3.589265 -1.898964 0.549554 -0.674698 -0.492719 0 0
  phy
    81 -3.503438 3.642387 -2.509003 0.622247 -0.371798 0.688894 0 0
    81 -2.789857 6.023613 -1.539410 0.306157 -0.404981 0.861544 0 0
    81 -6.060047 5.948482 -0.676683 0.400910 -0.911534 0.091520 0 0
  phy
    81 -5.815811 3.589265 -1.898964 0.549554 -0.674698 -0.492719 0 0
    81 -5.193935 3.161275 -4.268869 0.949027 0.222906 -0.222845 0 0
    81 -3.503438 3.642387 -2.509003 0.622247 -0.371798 0.688894 0 0
  phy
    81 -3.503438 3.642387 -2.509003 0.622247 -0.371798 0.688894 0 0
    81 -5.193935 3.161275 -4.268869 0.949027 0.222906 -0.222845 0 0
    81 -2.877412 3.891684 -4.804211 0.611935 0.297256 0.732922 0 0
  phy
    81 -7.862410 21.543554 -1.466725 -0.474200 -0.168489 -0.864145 0 0
    81 -6.164515 17.958851 1.350312 -0.079802 -0.987583 -0.135319 0 0
    81 -5.832666 21.307436 0.561601 -0.594615 -0.633233 -0.495429 0 0
  phy
    81 -7.862410 21.543554 -1.466725 -0.474200 -0.168489 -0.864145 0 0
    81 -9.035006 18.292775 -1.518174 -0.356288 -0.307958 -0.882168 0 0
    81 -6.164515 17.958851 1.350312 -0.079802 -0.987583 -0.135319 0 0
  phy
    81 -7.862410 21.543554 -1.466725 -0.474200 -0.168489 -0.864145 0 0
    81 -7.108904 21.843614 -4.229315 -0.189227 0.159033 -0.968969 0 0
    81 -9.035006 18.292775 -1.518174 -0.356288 -0.307958 -0.882168 0 0
  phy
    81 -9.035006 18.292775 -1.518174 -0.356288 -0.307958 -0.882168 0 0
    81 -7.108904 21.843614 -4.229315 -0.189227 0.159033 -0.968969 0 0
    81 -7.969388 18.717119 -5.425068 0.054306 0.247038 -0.967483 0 0
  phy
    81 -7.108904 21.843614 -4.229315 -0.189227 0.159033 -0.968969 0 0
    81 -7.862410 21.543554 -1.466725 -0.474200 -0.168489 -0.864145 0 0
    81 -5.074296 22.402162 -2.113350 -0.979856 0.130167 -0.151454 0 0
  phy
    81 -7.862410 21.543554 -1.466725 -0.474200 -0.168489 -0.864145 0 0
    81 -5.832666 21.307436 0.561601 -0.594615 -0.633233 -0.495429 0 0
    81 -5.074296 22.402162 -2.113350 -0.979856 0.130167 -0.151454 0 0
  phy
    81 -2.877412 3.891684 -4.804211 0.611935 0.297256 0.732922 0 0
    81 -4.563758 4.087852 -6.489379 0.767056 0.636118 0.083543 0 0
    81 -4.289376 6.653595 -7.168511 0.290801 0.945773 0.144737 0 0
  phy
    81 -2.877412 3.891684 -4.804211 0.611935 0.297256 0.732922 0 0
    81 -4.289376 6.653595 -7.168511 0.290801 0.945773 0.144737 0 0
    81 -1.904521 6.376170 -4.785325 0.187014 0.405008 0.894983 0 0
  phy
    81 -2.877412 3.891684 -4.804211 0.611935 0.297256 0.732922 0 0
    81 -5.193935 3.161275 -4.268869 0.949027 0.222906 -0.222845 0 0
    81 -4.563758 4.087852 -6.489379 0.767056 0.636118 0.083543 0 0
  phy
    81 -5.815811 3.589265 -1.898964 0.549554 -0.674698 -0.492719 0 0
    81 -6.060047 5.948482 -0.676683 0.400910 -0.911534 0.091520 0 0
    81 -7.502157 3.785435 -3.584130 0.012067 0.218204 -0.975829 0 0
  phy
    81 -6.060047 5.948482 -0.676683 0.400910 -0.911534 0.091520 0 0
    81 -8.444900 6.225911 -3.059869 0.219200 0.044499 -0.974665 0 0
    81 -7.502157 3.785435 -3.584130 0.012067 0.218204 -0.975829 0 0
  phy
    81 -7.502157 3.785435 -3.584130 0.012067 0.218204 -0.975829 0 0
    81 -5.193935 3.161275 -4.268869 0.949027 0.222906 -0.222845 0 0
    81 -5.815811 3.589265 -1.898964 0.549554 -0.674698 -0.492719 0 0
  phy
    81 -2.789857 6.023613 -1.539410 0.306157 -0.404981 0.861544 0 0
    81 -6.164515 17.958851 1.350312 -0.079802 -0.987583 -0.135319 0 0
    81 -6.060047 5.948482 -0.676683 0.400910 -0.911534 0.091520 0 0
  phy
    81 -2.789857 6.023613 -1.539410 0.306157 -0.404981 0.861544 0 0
    81 -2.228402 18.049281 0.311903 0.170538 -0.629871 0.757746 0 0
    81 -6.164515 17.958851 1.350312 -0.079802 -0.987583 -0.135319 0 0
  phy
    81 -2.789857 6.023613 -1.539410 0.306157 -0.404981 0.861544 0 0
    81 -1.904521 6.376170 -4.785325 0.187014 0.405008 0.894983 0 0
    81 -2.228402 18.049281 0.311903 0.170538 -0.629871 0.757746 0 0
  phy
    81 -1.904521 6.376170 -4.785325 0.187014 0.405008 0.894983 0 0
    81 -1.162784 18.473627 -3.594988 -0.035372 -0.169617 0.984875 0 0
    81 -2.228402 18.049281 0.311903 0.170538 -0.629871 0.757746 0 0
  phy
    81 -4.289376 6.653595 -7.168511 0.290801 0.945773 0.144737 0 0
    81 -7.559566 6.578471 -6.305785 0.246393 0.800362 -0.546545 0 0
    81 -4.033276 18.807545 -6.463476 0.144872 0.966331 0.212642 0 0
  phy
    81 -4.033276 18.807545 -6.463476 0.144872 0.966331 0.212642 0 0
    81 -7.559566 6.578471 -6.305785 0.246393 0.800362 -0.546545 0 0
    81 -7.969388 18.717119 -5.425068 0.054306 0.247038 -0.967483 0 0
  phy
    81 -7.969388 18.717119 -5.425068 0.054306 0.247038 -0.967483 0 0
    81 -7.559566 6.578471 -6.305785 0.246393 0.800362 -0.546545 0 0
    81 -8.444900 6.225911 -3.059869 0.219200 0.044499 -0.974665 0 0
  phy
    81 -7.969388 18.717119 -5.425068 0.054306 0.247038 -0.967483 0 0
    81 -8.444900 6.225911 -3.059869 0.219200 0.044499 -0.974665 0 0
    81 -9.035006 18.292775 -1.518174 -0.356288 -0.307958 -0.882168 0 0
  phy
    81 -7.969388 18.717119 -5.425068 0.054306 0.247038 -0.967483 0 0
    81 -7.108904 21.843614 -4.229315 -0.189227 0.159033 -0.968969 0 0
    81 -4.033276 18.807545 -6.463476 0.144872 0.966331 0.212642 0 0
  phy
    81 -4.033276 18.807545 -6.463476 0.144872 0.966331 0.212642 0 0
    81 -7.108904 21.843614 -4.229315 -0.189227 0.159033 -0.968969 0 0
    81 -4.325653 21.907556 -4.963580 -0.739596 0.672813 -0.017897 0 0
  phy
    81 -4.325653 21.907556 -4.963580 -0.739596 0.672813 -0.017897 0 0
    81 -7.108904 21.843614 -4.229315 -0.189227 0.159033 -0.968969 0 0
    81 -5.074296 22.402162 -2.113350 -0.979856 0.130167 -0.151454 0 0
  phy
    81 -6.164515 17.958851 1.350312 -0.079802 -0.987583 -0.135319 0 0
    81 -3.049415 21.371380 -0.172664 -0.302736 -0.740405 0.600126 0 0
    81 -5.832666 21.307436 0.561601 -0.594615 -0.633233 -0.495429 0 0
  phy
    81 -6.164515 17.958851 1.350312 -0.079802 -0.987583 -0.135319 0 0
    81 -2.228402 18.049281 0.311903 0.170538 -0.629871 0.757746 0 0
    81 -3.049415 21.371380 -0.172664 -0.302736 -0.740405 0.600126 0 0
  phy
    81 -2.228402 18.049281 0.311903 0.170538 -0.629871 0.757746 0 0
    81 -2.295909 21.671440 -2.935255 -0.500211 -0.269160 0.823008 0 0
    81 -3.049415 21.371380 -0.172664 -0.302736 -0.740405 0.600126 0 0
  phy
    81 -2.228402 18.049281 0.311903 0.170538 -0.629871 0.757746 0 0
    81 -1.162784 18.473627 -3.594988 -0.035372 -0.169617 0.984875 0 0
    81 -2.295909 21.671440 -2.935255 -0.500211 -0.269160 0.823008 0 0
  phy
    81 -1.904521 6.376170 -4.785325 0.187014 0.405008 0.894983 0 0
    81 -4.289376 6.653595 -7.168511 0.290801 0.945773 0.144737 0 0
    81 -4.033276 18.807545 -6.463476 0.144872 0.966331 0.212642 0 0
  phy
    81 -1.904521 6.376170 -4.785325 0.187014 0.405008 0.894983 0 0
    81 -4.033276 18.807545 -6.463476 0.144872 0.966331 0.212642 0 0
    81 -1.162784 18.473627 -3.594988 -0.035372 -0.169617 0.984875 0 0
  phy
    81 -6.164515 17.958851 1.350312 -0.079802 -0.987583 -0.135319 0 0
    81 -8.444900 6.225911 -3.059869 0.219200 0.044499 -0.974665 0 0
    81 -6.060047 5.948482 -0.676683 0.400910 -0.911534 0.091520 0 0
  phy
    81 -6.164515 17.958851 1.350312 -0.079802 -0.987583 -0.135319 0 0
    81 -9.035006 18.292775 -1.518174 -0.356288 -0.307958 -0.882168 0 0
    81 -8.444900 6.225911 -3.059869 0.219200 0.044499 -0.974665 0 0
  phy
    81 -4.033276 18.807545 -6.463476 0.144872 0.966331 0.212642 0 0
    81 -4.325653 21.907556 -4.963580 -0.739596 0.672813 -0.017897 0 0
    81 -2.295909 21.671440 -2.935255 -0.500211 -0.269160 0.823008 0 0
  phy
    81 -4.033276 18.807545 -6.463476 0.144872 0.966331 0.212642 0 0
    81 -2.295909 21.671440 -2.935255 -0.500211 -0.269160 0.823008 0 0
    81 -1.162784 18.473627 -3.594988 -0.035372 -0.169617 0.984875 0 0
  phy
    81 -2.295909 21.671440 -2.935255 -0.500211 -0.269160 0.823008 0 0
    81 -4.325653 21.907556 -4.963580 -0.739596 0.672813 -0.017897 0 0
    81 -5.074296 22.402162 -2.113350 -0.979856 0.130167 -0.151454 0 0
  phy
    81 -3.049415 21.371380 -0.172664 -0.302736 -0.740405 0.600126 0 0
    81 -2.295909 21.671440 -2.935255 -0.500211 -0.269160 0.823008 0 0
    81 -5.074296 22.402162 -2.113350 -0.979856 0.130167 -0.151454 0 0
  phy
    81 -5.832666 21.307436 0.561601 -0.594615 -0.633233 -0.495429 0 0
    81 -3.049415 21.371380 -0.172664 -0.302736 -0.740405 0.600126 0 0
    81 -5.074296 22.402162 -2.113350 -0.979856 0.130167 -0.151454 0 0
  phy
    71 4.009904 22.678276 -6.075866 0.176841 0.300026 0.937396 0 0
    71 7.405027 20.132289 -3.927683 0.389345 0.347266 0.853122 0 0
    71 4.475073 19.942491 -4.709758 0.113977 -0.665899 0.737284 0 0
  phy
    71 4.009904 22.678276 -6.075866 0.176841 0.300026 0.937396 0 0
    71 8.153481 22.946690 -4.969844 -0.119348 0.903396 0.411865 0 0
    71 7.405027 20.132289 -3.927683 0.389345 0.347266 0.853122 0 0
  phy
    71 4.475073 19.942491 -4.709758 0.113977 -0.665899 0.737284 0 0
    71 2.325770 19.950590 -2.562035 0.666597 0.317968 0.674199 0 0
    71 4.009904 22.678276 -6.075866 0.176841 0.300026 0.937396 0 0
  phy
    71 2.325770 19.950590 -2.562035 0.666597 0.317968 0.674199 0 0
    71 0.970331 22.689730 -3.038526 0.200816 0.878562 0.433361 0 0
    71 4.009904 22.678276 -6.075866 0.176841 0.300026 0.937396 0 0
  phy
    71 4.475073 19.942491 -4.709758 0.113977 -0.665899 0.737284 0 0
    71 5.288788 19.483326 -1.744390 0.994458 -0.058670 -0.087243 0 0
    71 2.325770 19.950590 -2.562035 0.666597 0.317968 0.674199 0 0
  phy
    71 7.405027 20.132289 -3.927683 0.389345 0.347266 0.853122 0 0
    71 5.288788 19.483326 -1.744390 0.994458 -0.058670 -0.087243 0 0
    71 4.475073 19.942491 -4.709758 0.113977 -0.665899 0.737284 0 0
  phy
    71 7.405027 20.132289 -3.927683 0.389345 0.347266 0.853122 0 0
    71 8.153481 22.946690 -4.969844 -0.119348 0.903396 0.411865 0 0
    71 8.185676 20.330193 -0.997889 0.153512 0.743938 -0.650377 0 0
  phy
    71 8.153481 22.946690 -4.969844 -0.119348 0.903396 0.411865 0 0
    71 9.257487 23.226566 -0.826491 -0.087597 0.549228 -0.831069 0 0
    71 8.185676 20.330193 -0.997889 0.153512 0.743938 -0.650377 0 0
  phy
    71 8.185676 20.330193 -0.997889 0.153512 0.743938 -0.650377 0 0
    71 9.257487 23.226566 -0.826491 -0.087597 0.549228 -0.831069 0 0
    71 6.036373 20.338292 1.149833 0.304994 0.404502 -0.862181 0 0
  phy
    71 6.036373 20.338292 1.149833 0.304994 0.404502 -0.862181 0 0
    71 9.257487 23.226566 -0.826491 -0.087597 0.549228 -0.831069 0 0
    71 6.217911 23.238016 2.210848 0.321060 0.485920 -0.812897 0 0
  phy
    71 6.036373 20.338292 1.149833 0.304994 0.404502 -0.862181 0 0
    71 5.288788 19.483326 -1.744390 0.994458 -0.058670 -0.087243 0 0
    71 8.185676 20.330193 -0.997889 0.153512 0.743938 -0.650377 0 0
  phy
    71 8.185676 20.330193 -0.997889 0.153512 0.743938 -0.650377 0 0
    71 5.288788 19.483326 -1.744390 0.994458 -0.058670 -0.087243 0 0
    71 7.405027 20.132289 -3.927683 0.389345 0.347266 0.853122 0 0
  phy
    71 0.970331 22.689730 -3.038526 0.200816 0.878562 0.433361 0 0
    71 2.325770 19.950590 -2.562035 0.666597 0.317968 0.674199 0 0
    71 3.106420 20.148494 0.367760 0.518093 0.819983 -0.243324 0 0
  phy
    71 0.970331 22.689730 -3.038526 0.200816 0.878562 0.433361 0 0
    71 3.106420 20.148494 0.367760 0.518093 0.819983 -0.243324 0 0
    71 2.074335 22.969603 1.104830 -0.067510 0.926647 -0.369822 0 0
  phy
    71 2.325770 19.950590 -2.562035 0.666597 0.317968 0.674199 0 0
    71 5.288788 19.483326 -1.744390 0.994458 -0.058670 -0.087243 0 0
    71 3.106420 20.148494 0.367760 0.518093 0.819983 -0.243324 0 0
  phy
    71 8.153481 22.946690 -4.969844 -0.119348 0.903396 0.411865 0 0
    71 9.211091 35.466078 -6.727722 -0.656405 0.598244 0.459605 0 0
    71 9.257487 23.226566 -0.826491 -0.087597 0.549228 -0.831069 0 0
  phy
    71 9.211091 35.466078 -6.727722 -0.656405 0.598244 0.459605 0 0
    71 10.700569 35.839551 -1.135744 -0.421155 -0.083966 -0.903094 0 0
    71 9.257487 23.226566 -0.826491 -0.087597 0.549228 -0.831069 0 0
  phy
    71 9.257487 23.226566 -0.826491 -0.087597 0.549228 -0.831069 0 0
    71 10.700569 35.839551 -1.135744 -0.421155 -0.083966 -0.903094 0 0
    71 6.596980 35.855073 2.964832 -0.369522 0.326695 -0.869899 0 0
  phy
    71 9.257487 23.226566 -0.826491 -0.087597 0.549228 -0.831069 0 0
    71 6.596980 35.855073 2.964832 -0.369522 0.326695 -0.869899 0 0
    71 6.217911 23.238016 2.210848 0.321060 0.485920 -0.812897 0 0
  phy
    71 2.074335 22.969603 1.104830 -0.067510 0.926647 -0.369822 0 0
    71 3.106420 20.148494 0.367760 0.518093 0.819983 -0.243324 0 0
    71 6.036373 20.338292 1.149833 0.304994 0.404502 -0.862181 0 0
  phy
    71 2.074335 22.969603 1.104830 -0.067510 0.926647 -0.369822 0 0
    71 6.036373 20.338292 1.149833 0.304994 0.404502 -0.862181 0 0
    71 6.217911 23.238016 2.210848 0.321060 0.485920 -0.812897 0 0
  phy
    71 3.106420 20.148494 0.367760 0.518093 0.819983 -0.243324 0 0
    71 5.288788 19.483326 -1.744390 0.994458 -0.058670 -0.087243 0 0
    71 6.036373 20.338292 1.149833 0.304994 0.404502 -0.862181 0 0
  phy
    71 1.131711 39.070071 -3.939653 -0.537330 0.569323 0.622211 0 0
    71 3.719778 35.103038 -8.250576 -0.279661 0.372811 0.884761 0 0
    71 0.231246 35.124900 -4.198091 -0.160616 0.857814 0.488219 0 0
  phy
    71 3.936104 39.055652 -6.813042 -0.641023 -0.625272 0.445112 0 0
    71 3.719778 35.103038 -8.250576 -0.279661 0.372811 0.884761 0 0
    71 1.131711 39.070071 -3.939653 -0.537330 0.569323 0.622211 0 0
  phy
    71 3.936104 39.055652 -6.813042 -0.641023 -0.625272 0.445112 0 0
    71 1.131711 39.070071 -3.939653 -0.537330 0.569323 0.622211 0 0
    71 4.910493 40.170768 -2.893743 -0.981129 -0.186705 0.050263 0 0
  phy
    71 1.131711 39.070071 -3.939653 -0.537330 0.569323 0.622211 0 0
    71 2.088346 39.333766 0.041886 -0.851833 0.447039 -0.273014 0 0
    71 4.910493 40.170768 -2.893743 -0.981129 -0.186705 0.050263 0 0
  phy
    71 1.131711 39.070071 -3.939653 -0.537330 0.569323 0.622211 0 0
    71 0.231246 35.124900 -4.198091 -0.160616 0.857814 0.488219 0 0
    71 1.248815 35.496353 1.443752 -0.233690 0.965163 -0.117682 0 0
  phy
    71 2.088346 39.333766 0.041886 -0.851833 0.447039 -0.273014 0 0
    71 1.131711 39.070071 -3.939653 -0.537330 0.569323 0.622211 0 0
    71 1.248815 35.496353 1.443752 -0.233690 0.965163 -0.117682 0 0
  phy
    71 4.009904 22.678276 -6.075866 0.176841 0.300026 0.937396 0 0
    71 3.719778 35.103038 -8.250576 -0.279661 0.372811 0.884761 0 0
    71 8.153481 22.946690 -4.969844 -0.119348 0.903396 0.411865 0 0
  phy
    71 0.970331 22.689730 -3.038526 0.200816 0.878562 0.433361 0 0
    71 3.719778 35.103038 -8.250576 -0.279661 0.372811 0.884761 0 0
    71 4.009904 22.678276 -6.075866 0.176841 0.300026 0.937396 0 0
  phy
    71 2.074335 22.969603 1.104830 -0.067510 0.926647 -0.369822 0 0
    71 6.217911 23.238016 2.210848 0.321060 0.485920 -0.812897 0 0
    71 6.596980 35.855073 2.964832 -0.369522 0.326695 -0.869899 0 0
  phy
    71 1.248815 35.496353 1.443752 -0.233690 0.965163 -0.117682 0 0
    71 2.074335 22.969603 1.104830 -0.067510 0.926647 -0.369822 0 0
    71 6.596980 35.855073 2.964832 -0.369522 0.326695 -0.869899 0 0
  phy
    71 0.970331 22.689730 -3.038526 0.200816 0.878562 0.433361 0 0
    71 2.074335 22.969603 1.104830 -0.067510 0.926647 -0.369822 0 0
    71 1.248815 35.496353 1.443752 -0.233690 0.965163 -0.117682 0 0
  phy
    71 0.231246 35.124900 -4.198091 -0.160616 0.857814 0.488219 0 0
    71 0.970331 22.689730 -3.038526 0.200816 0.878562 0.433361 0 0
    71 1.248815 35.496353 1.443752 -0.233690 0.965163 -0.117682 0 0
  phy
    71 0.231246 35.124900 -4.198091 -0.160616 0.857814 0.488219 0 0
    71 3.719778 35.103038 -8.250576 -0.279661 0.372811 0.884761 0 0
    71 0.970331 22.689730 -3.038526 0.200816 0.878562 0.433361 0 0
  phy
    71 3.936104 39.055652 -6.813042 -0.641023 -0.625272 0.445112 0 0
    71 9.211091 35.466078 -6.727722 -0.656405 0.598244 0.459605 0 0
    71 3.719778 35.103038 -8.250576 -0.279661 0.372811 0.884761 0 0
  phy
    71 7.816316 39.309200 -5.736932 -0.957385 -0.203194 0.205245 0 0
    71 9.211091 35.466078 -6.727722 -0.656405 0.598244 0.459605 0 0
    71 3.936104 39.055652 -6.813042 -0.641023 -0.625272 0.445112 0 0
  phy
    71 7.816316 39.309200 -5.736932 -0.957385 -0.203194 0.205245 0 0
    71 3.936104 39.055652 -6.813042 -0.641023 -0.625272 0.445112 0 0
    71 4.910493 40.170768 -2.893743 -0.981129 -0.186705 0.050263 0 0
  phy
    71 7.816316 39.309200 -5.736932 -0.957385 -0.203194 0.205245 0 0
    71 8.868697 39.576320 -1.781132 -0.868216 -0.089398 -0.488067 0 0
    71 9.211091 35.466078 -6.727722 -0.656405 0.598244 0.459605 0 0
  phy
    71 8.868697 39.576320 -1.781132 -0.868216 -0.089398 -0.488067 0 0
    71 10.700569 35.839551 -1.135744 -0.421155 -0.083966 -0.903094 0 0
    71 9.211091 35.466078 -6.727722 -0.656405 0.598244 0.459605 0 0
  phy
    71 5.968556 39.587310 1.117998 -0.734730 0.099358 -0.671044 0 0
    71 10.700569 35.839551 -1.135744 -0.421155 -0.083966 -0.903094 0 0
    71 8.868697 39.576320 -1.781132 -0.868216 -0.089398 -0.488067 0 0
  phy
    71 10.700569 35.839551 -1.135744 -0.421155 -0.083966 -0.903094 0 0
    71 5.968556 39.587310 1.117998 -0.734730 0.099358 -0.671044 0 0
    71 6.596980 35.855073 2.964832 -0.369522 0.326695 -0.869899 0 0
  phy
    71 5.968556 39.587310 1.117998 -0.734730 0.099358 -0.671044 0 0
    71 2.088346 39.333766 0.041886 -0.851833 0.447039 -0.273014 0 0
    71 6.596980 35.855073 2.964832 -0.369522 0.326695 -0.869899 0 0
  phy
    71 2.088346 39.333766 0.041886 -0.851833 0.447039 -0.273014 0 0
    71 1.248815 35.496353 1.443752 -0.233690 0.965163 -0.117682 0 0
    71 6.596980 35.855073 2.964832 -0.369522 0.326695 -0.869899 0 0
  phy
    71 2.088346 39.333766 0.041886 -0.851833 0.447039 -0.273014 0 0
    71 5.968556 39.587310 1.117998 -0.734730 0.099358 -0.671044 0 0
    71 4.910493 40.170768 -2.893743 -0.981129 -0.186705 0.050263 0 0
  phy
    71 5.968556 39.587310 1.117998 -0.734730 0.099358 -0.671044 0 0
    71 8.868697 39.576320 -1.781132 -0.868216 -0.089398 -0.488067 0 0
    71 4.910493 40.170768 -2.893743 -0.981129 -0.186705 0.050263 0 0
  phy
    71 3.719778 35.103038 -8.250576 -0.279661 0.372811 0.884761 0 0
    71 9.211091 35.466078 -6.727722 -0.656405 0.598244 0.459605 0 0
    71 8.153481 22.946690 -4.969844 -0.119348 0.903396 0.411865 0 0
  phy
    71 8.868697 39.576320 -1.781132 -0.868216 -0.089398 -0.488067 0 0
    71 7.816316 39.309200 -5.736932 -0.957385 -0.203194 0.205245 0 0
    71 4.910493 40.170768 -2.893743 -0.981129 -0.186705 0.050263 0 0
  phy
    72 2.877412 3.891681 -4.804214 0.423358 0.733727 0.531425 0 0
    72 4.289377 6.653598 -7.168513 0.447624 0.030493 0.893702 0 0
    72 4.563759 4.087852 -6.489380 0.511829 -0.021242 0.858825 0 0
  phy
    72 2.877412 3.891681 -4.804214 0.423358 0.733727 0.531425 0 0
    72 1.904522 6.376169 -4.785324 0.332899 0.651032 0.682155 0 0
    72 4.289377 6.653598 -7.168513 0.447624 0.030493 0.893702 0 0
  phy
    72 4.563759 4.087852 -6.489380 0.511829 -0.021242 0.858825 0 0
    72 4.289377 6.653598 -7.168513 0.447624 0.030493 0.893702 0 0
    72 6.876131 4.034728 -5.879340 0.867696 0.098422 0.487255 0 0
  phy
    72 4.289377 6.653598 -7.168513 0.447624 0.030493 0.893702 0 0
    72 7.559568 6.578471 -6.305785 0.350030 -0.134664 0.927008 0 0
    72 6.876131 4.034728 -5.879340 0.867696 0.098422 0.487255 0 0
  phy
    72 6.876131 4.034728 -5.879340 0.867696 0.098422 0.487255 0 0
    72 5.193937 3.161265 -4.268871 0.981665 -0.188880 -0.025647 0 0
    72 4.563759 4.087852 -6.489380 0.511829 -0.021242 0.858825 0 0
  phy
    72 4.563759 4.087852 -6.489380 0.511829 -0.021242 0.858825 0 0
    72 5.193937 3.161265 -4.268871 0.981665 -0.188880 -0.025647 0 0
    72 2.877412 3.891681 -4.804214 0.423358 0.733727 0.531425 0 0
  phy
    72 3.503437 3.642391 -2.509004 0.703225 0.639438 -0.310793 0 0
    72 5.815810 3.589269 -1.898962 0.744770 0.342534 -0.572703 0 0
    72 6.060046 5.948479 -0.676685 0.358996 0.132371 -0.923905 0 0
  phy
    72 3.503437 3.642391 -2.509004 0.703225 0.639438 -0.310793 0 0
    72 6.060046 5.948479 -0.676685 0.358996 0.132371 -0.923905 0 0
    72 2.789857 6.023611 -1.539409 0.361661 0.825897 -0.432546 0 0
  phy
    72 5.815810 3.589269 -1.898962 0.744770 0.342534 -0.572703 0 0
    72 7.502157 3.785434 -3.584133 0.698317 0.237379 -0.675282 0 0
    72 6.060046 5.948479 -0.676685 0.358996 0.132371 -0.923905 0 0
  phy
    72 6.060046 5.948479 -0.676685 0.358996 0.132371 -0.923905 0 0
    72 7.502157 3.785434 -3.584133 0.698317 0.237379 -0.675282 0 0
    72 8.444902 6.225911 -3.059870 -0.026777 0.560972 -0.827401 0 0
  phy
    72 3.503437 3.642391 -2.509004 0.703225 0.639438 -0.310793 0 0
    72 5.193937 3.161265 -4.268871 0.981665 -0.188880 -0.025647 0 0
    72 5.815810 3.589269 -1.898962 0.744770 0.342534 -0.572703 0 0
  phy
    72 5.815810 3.589269 -1.898962 0.744770 0.342534 -0.572703 0 0
    72 5.193937 3.161265 -4.268871 0.981665 -0.188880 -0.025647 0 0
    72 7.502157 3.785434 -3.584133 0.698317 0.237379 -0.675282 0 0
  phy
    72 6.876131 4.034728 -5.879340 0.867696 0.098422 0.487255 0 0
    72 8.444902 6.225911 -3.059870 -0.026777 0.560972 -0.827401 0 0
    72 7.502157 3.785434 -3.584133 0.698317 0.237379 -0.675282 0 0
  phy
    72 6.876131 4.034728 -5.879340 0.867696 0.098422 0.487255 0 0
    72 7.559568 6.578471 -6.305785 0.350030 -0.134664 0.927008 0 0
    72 8.444902 6.225911 -3.059870 -0.026777 0.560972 -0.827401 0 0
  phy
    72 7.502157 3.785434 -3.584133 0.698317 0.237379 -0.675282 0 0
    72 5.193937 3.161265 -4.268871 0.981665 -0.188880 -0.025647 0 0
    72 6.876131 4.034728 -5.879340 0.867696 0.098422 0.487255 0 0
  phy
    72 4.033277 18.807549 -6.463477 -0.022449 -0.160761 0.986738 0 0
    72 2.295909 21.671442 -2.935255 0.142574 0.223041 0.964326 0 0
    72 4.325655 21.907559 -4.963581 -0.049859 -0.147034 0.987874 0 0
  phy
    72 4.033277 18.807549 -6.463477 -0.022449 -0.160761 0.986738 0 0
    72 1.162784 18.473630 -3.594989 -0.094054 0.914895 0.392582 0 0
    72 2.295909 21.671442 -2.935255 0.142574 0.223041 0.964326 0 0
  phy
    72 4.325655 21.907559 -4.963581 -0.049859 -0.147034 0.987874 0 0
    72 7.108906 21.843617 -4.229316 -0.934187 0.092054 0.344705 0 0
    72 4.033277 18.807549 -6.463477 -0.022449 -0.160761 0.986738 0 0
  phy
    72 7.108906 21.843617 -4.229316 -0.934187 0.092054 0.344705 0 0
    72 7.969391 18.717118 -5.425068 -0.226283 0.215705 0.949878 0 0
    72 4.033277 18.807549 -6.463477 -0.022449 -0.160761 0.986738 0 0
  phy
    72 4.325655 21.907559 -4.963581 -0.049859 -0.147034 0.987874 0 0
    72 2.295909 21.671442 -2.935255 0.142574 0.223041 0.964326 0 0
    72 5.074294 22.402165 -2.113350 -0.986173 -0.163405 -0.027614 0 0
  phy
    72 7.108906 21.843617 -4.229316 -0.934187 0.092054 0.344705 0 0
    72 4.325655 21.907559 -4.963581 -0.049859 -0.147034 0.987874 0 0
    72 5.074294 22.402165 -2.113350 -0.986173 -0.163405 -0.027614 0 0
  phy
    72 2.877412 3.891681 -4.804214 0.423358 0.733727 0.531425 0 0
    72 3.503437 3.642391 -2.509004 0.703225 0.639438 -0.310793 0 0
    72 2.789857 6.023611 -1.539409 0.361661 0.825897 -0.432546 0 0
  phy
    72 2.877412 3.891681 -4.804214 0.423358 0.733727 0.531425 0 0
    72 2.789857 6.023611 -1.539409 0.361661 0.825897 -0.432546 0 0
    72 1.904522 6.376169 -4.785324 0.332899 0.651032 0.682155 0 0
  phy
    72 2.877412 3.891681 -4.804214 0.423358 0.733727 0.531425 0 0
    72 5.193937 3.161265 -4.268871 0.981665 -0.188880 -0.025647 0 0
    72 3.503437 3.642391 -2.509004 0.703225 0.639438 -0.310793 0 0
  phy
    72 5.832668 21.307439 0.561601 -0.727766 0.182113 -0.661204 0 0
    72 3.049415 21.371382 -0.172664 -0.727407 0.523345 -0.443834 0 0
    72 6.164515 17.958852 1.350311 -0.064280 -0.063301 -0.995922 0 0
  phy
    72 6.164515 17.958852 1.350311 -0.064280 -0.063301 -0.995922 0 0
    72 3.049415 21.371382 -0.172664 -0.727407 0.523345 -0.443834 0 0
    72 2.228403 18.049282 0.311906 -0.025720 0.773410 -0.633385 0 0
  phy
    72 7.862412 21.543556 -1.466724 -0.618190 -0.148815 -0.771813 0 0
    72 5.832668 21.307439 0.561601 -0.727766 0.182113 -0.661204 0 0
    72 6.164515 17.958852 1.350311 -0.064280 -0.063301 -0.995922 0 0
  phy
    72 7.862412 21.543556 -1.466724 -0.618190 -0.148815 -0.771813 0 0
    72 6.164515 17.958852 1.350311 -0.064280 -0.063301 -0.995922 0 0
    72 9.035008 18.292776 -1.518173 -0.036991 -0.108800 -0.993375 0 0
  phy
    72 6.164515 17.958852 1.350311 -0.064280 -0.063301 -0.995922 0 0
    72 6.060046 5.948479 -0.676685 0.358996 0.132371 -0.923905 0 0
    72 8.444902 6.225911 -3.059870 -0.026777 0.560972 -0.827401 0 0
  phy
    72 6.164515 17.958852 1.350311 -0.064280 -0.063301 -0.995922 0 0
    72 8.444902 6.225911 -3.059870 -0.026777 0.560972 -0.827401 0 0
    72 9.035008 18.292776 -1.518173 -0.036991 -0.108800 -0.993375 0 0
  phy
    72 6.060046 5.948479 -0.676685 0.358996 0.132371 -0.923905 0 0
    72 6.164515 17.958852 1.350311 -0.064280 -0.063301 -0.995922 0 0
    72 2.789857 6.023611 -1.539409 0.361661 0.825897 -0.432546 0 0
  phy
    72 2.789857 6.023611 -1.539409 0.361661 0.825897 -0.432546 0 0
    72 6.164515 17.958852 1.350311 -0.064280 -0.063301 -0.995922 0 0
    72 2.228403 18.049282 0.311906 -0.025720 0.773410 -0.633385 0 0
  phy
    72 7.559568 6.578471 -6.305785 0.350030 -0.134664 0.927008 0 0
    72 7.969391 18.717118 -5.425068 -0.226283 0.215705 0.949878 0 0
    72 8.444902 6.225911 -3.059870 -0.026777 0.560972 -0.827401 0 0
  phy
    72 7.969391 18.717118 -5.425068 -0.226283 0.215705 0.949878 0 0
    72 9.035008 18.292776 -1.518173 -0.036991 -0.108800 -0.993375 0 0
    72 8.444902 6.225911 -3.059870 -0.026777 0.560972 -0.827401 0 0
  phy
    72 7.559568 6.578471 -6.305785 0.350030 -0.134664 0.927008 0 0
    72 4.289377 6.653598 -7.168513 0.447624 0.030493 0.893702 0 0
    72 7.969391 18.717118 -5.425068 -0.226283 0.215705 0.949878 0 0
  phy
    72 4.289377 6.653598 -7.168513 0.447624 0.030493 0.893702 0 0
    72 4.033277 18.807549 -6.463477 -0.022449 -0.160761 0.986738 0 0
    72 7.969391 18.717118 -5.425068 -0.226283 0.215705 0.949878 0 0
  phy
    72 4.289377 6.653598 -7.168513 0.447624 0.030493 0.893702 0 0
    72 1.904522 6.376169 -4.785324 0.332899 0.651032 0.682155 0 0
    72 4.033277 18.807549 -6.463477 -0.022449 -0.160761 0.986738 0 0
  phy
    72 1.904522 6.376169 -4.785324 0.332899 0.651032 0.682155 0 0
    72 1.162784 18.473630 -3.594989 -0.094054 0.914895 0.392582 0 0
    72 4.033277 18.807549 -6.463477 -0.022449 -0.160761 0.986738 0 0
  phy
    72 3.049415 21.371382 -0.172664 -0.727407 0.523345 -0.443834 0 0
    72 2.295909 21.671442 -2.935255 0.142574 0.223041 0.964326 0 0
    72 1.162784 18.473630 -3.594989 -0.094054 0.914895 0.392582 0 0
  phy
    72 3.049415 21.371382 -0.172664 -0.727407 0.523345 -0.443834 0 0
    72 1.162784 18.473630 -3.594989 -0.094054 0.914895 0.392582 0 0
    72 2.228403 18.049282 0.311906 -0.025720 0.773410 -0.633385 0 0
  phy
    72 2.295909 21.671442 -2.935255 0.142574 0.223041 0.964326 0 0
    72 3.049415 21.371382 -0.172664 -0.727407 0.523345 -0.443834 0 0
    72 5.074294 22.402165 -2.113350 -0.986173 -0.163405 -0.027614 0 0
  phy
    72 1.162784 18.473630 -3.594989 -0.094054 0.914895 0.392582 0 0
    72 1.904522 6.376169 -4.785324 0.332899 0.651032 0.682155 0 0
    72 2.789857 6.023611 -1.539409 0.361661 0.825897 -0.432546 0 0
  phy
    72 1.162784 18.473630 -3.594989 -0.094054 0.914895 0.392582 0 0
    72 2.789857 6.023611 -1.539409 0.361661 0.825897 -0.432546 0 0
    72 2.228403 18.049282 0.311906 -0.025720 0.773410 -0.633385 0 0
  phy
    72 7.108906 21.843617 -4.229316 -0.934187 0.092054 0.344705 0 0
    72 7.862412 21.543556 -1.466724 -0.618190 -0.148815 -0.771813 0 0
    72 7.969391 18.717118 -5.425068 -0.226283 0.215705 0.949878 0 0
  phy
    72 7.862412 21.543556 -1.466724 -0.618190 -0.148815 -0.771813 0 0
    72 9.035008 18.292776 -1.518173 -0.036991 -0.108800 -0.993375 0 0
    72 7.969391 18.717118 -5.425068 -0.226283 0.215705 0.949878 0 0
  phy
    72 7.862412 21.543556 -1.466724 -0.618190 -0.148815 -0.771813 0 0
    72 7.108906 21.843617 -4.229316 -0.934187 0.092054 0.344705 0 0
    72 5.074294 22.402165 -2.113350 -0.986173 -0.163405 -0.027614 0 0
  phy
    72 5.832668 21.307439 0.561601 -0.727766 0.182113 -0.661204 0 0
    72 7.862412 21.543556 -1.466724 -0.618190 -0.148815 -0.771813 0 0
    72 5.074294 22.402165 -2.113350 -0.986173 -0.163405 -0.027614 0 0
  phy
    72 3.049415 21.371382 -0.172664 -0.727407 0.523345 -0.443834 0 0
    72 5.832668 21.307439 0.561601 -0.727766 0.182113 -0.661204 0 0
    72 5.074294 22.402165 -2.113350 -0.986173 -0.163405 -0.027614 0 0
  phy
    73 4.062858 0.565959 4.825185 -0.525837 0.716425 -0.458509 0 0
    73 2.894888 0.756383 0.972871 0.254493 0.622133 -0.740395 0 0
    73 6.019089 -0.324223 2.197337 0.312768 0.021131 -0.949594 0 0
  phy
    73 6.019089 -0.324223 2.197337 0.312768 0.021131 -0.949594 0 0
    73 2.894888 0.756383 0.972871 0.254493 0.622133 -0.740395 0 0
    73 4.857270 -0.320497 -4.586545 0.552545 0.195452 -0.810242 0 0
  phy
    73 6.019089 -0.324223 2.197337 0.312768 0.021131 -0.949594 0 0
    73 4.857270 -0.320497 -4.586545 0.552545 0.195452 -0.810242 0 0
    73 8.566958 0.731309 0.001431 0.498710 0.729888 -0.467495 0 0
  phy
    73 6.019089 -0.324223 2.197337 0.312768 0.021131 -0.949594 0 0
    73 8.566958 0.731309 0.001431 0.498710 0.729888 -0.467495 0 0
    73 8.745878 0.545257 4.023142 0.326723 0.744153 -0.582657 0 0
  phy
    73 6.398704 -0.286035 4.412819 -0.071521 0.123452 -0.989770 0 0
    73 6.019089 -0.324223 2.197337 0.312768 0.021131 -0.949594 0 0
    73 8.745878 0.545257 4.023142 0.326723 0.744153 -0.582657 0 0
  phy
    73 6.019089 -0.324223 2.197337 0.312768 0.021131 -0.949594 0 0
    73 6.398704 -0.286035 4.412819 -0.071521 0.123452 -0.989770 0 0
    73 4.062858 0.565959 4.825185 -0.525837 0.716425 -0.458509 0 0
  phy
    73 6.517868 0.194037 5.096221 0.616200 -0.666053 -0.420323 0 0
    73 4.866283 0.798173 5.390110 -0.004619 -0.533666 -0.845683 0 0
    73 6.398704 -0.286035 4.412819 -0.071521 0.123452 -0.989770 0 0
  phy
    73 4.866283 0.798173 5.390110 -0.004619 -0.533666 -0.845683 0 0
    73 4.062858 0.565959 4.825185 -0.525837 0.716425 -0.458509 0 0
    73 6.398704 -0.286035 4.412819 -0.071521 0.123452 -0.989770 0 0
  phy
    73 4.875274 1.988294 5.410145 0.791456 0.448874 0.414861 0 0
    73 4.062858 0.565959 4.825185 -0.525837 0.716425 -0.458509 0 0
    73 4.866283 0.798173 5.390110 -0.004619 -0.533666 -0.845683 0 0
  phy
    73 4.875274 1.988294 5.410145 0.791456 0.448874 0.414861 0 0
    73 4.074771 2.249261 4.852962 0.490195 -0.137083 0.860765 0 0
    73 4.062858 0.565959 4.825185 -0.525837 0.716425 -0.458509 0 0
  phy
    73 6.575511 1.381106 5.402095 0.776268 -0.037887 0.629264 0 0
    73 4.875274 1.988294 5.410145 0.791456 0.448874 0.414861 0 0
    73 4.866283 0.798173 5.390110 -0.004619 -0.533666 -0.845683 0 0
  phy
    73 4.866283 0.798173 5.390110 -0.004619 -0.533666 -0.845683 0 0
    73 6.517868 0.194037 5.096221 0.616200 -0.666053 -0.420323 0 0
    73 6.575511 1.381106 5.402095 0.776268 -0.037887 0.629264 0 0
  phy
    73 8.178254 0.783531 4.822880 0.490277 0.796510 0.353838 0 0
    73 8.186663 1.973658 4.843010 0.643448 0.277660 0.713358 0 0
    73 6.575511 1.381106 5.402095 0.776268 -0.037887 0.629264 0 0
  phy
    73 6.575511 1.381106 5.402095 0.776268 -0.037887 0.629264 0 0
    73 6.517868 0.194037 5.096221 0.616200 -0.666053 -0.420323 0 0
    73 8.178254 0.783531 4.822880 0.490277 0.796510 0.353838 0 0
  phy
    73 6.575511 1.381106 5.402095 0.776268 -0.037887 0.629264 0 0
    73 6.535282 2.577776 5.136388 0.789003 0.061933 0.611259 0 0
    73 4.875274 1.988294 5.410145 0.791456 0.448874 0.414861 0 0
  phy
    73 8.186663 1.973658 4.843010 0.643448 0.277660 0.713358 0 0
    73 6.535282 2.577776 5.136388 0.789003 0.061933 0.611259 0 0
    73 6.575511 1.381106 5.402095 0.776268 -0.037887 0.629264 0 0
  phy
    73 8.178254 0.783531 4.822880 0.490277 0.796510 0.353838 0 0
    73 8.758345 2.228556 4.050822 0.410156 0.493433 0.767004 0 0
    73 8.186663 1.973658 4.843010 0.643448 0.277660 0.713358 0 0
  phy
    73 8.178254 0.783531 4.822880 0.490277 0.796510 0.353838 0 0
    73 8.745878 0.545257 4.023142 0.326723 0.744153 -0.582657 0 0
    73 8.758345 2.228556 4.050822 0.410156 0.493433 0.767004 0 0
  phy
    73 8.745878 0.545257 4.023142 0.326723 0.744153 -0.582657 0 0
    73 8.178254 0.783531 4.822880 0.490277 0.796510 0.353838 0 0
    73 6.398704 -0.286035 4.412819 -0.071521 0.123452 -0.989770 0 0
  phy
    73 8.178254 0.783531 4.822880 0.490277 0.796510 0.353838 0 0
    73 6.517868 0.194037 5.096221 0.616200 -0.666053 -0.420323 0 0
    73 6.398704 -0.286035 4.412819 -0.071521 0.123452 -0.989770 0 0
  phy
    73 4.894390 4.649903 -4.498068 -0.475845 -0.307602 0.823986 0 0
    73 2.910759 2.881758 1.010662 -0.286047 -0.735293 0.614427 0 0
    73 5.756073 3.931774 0.551720 -0.364472 -0.350384 0.862781 0 0
  phy
    73 2.910759 2.881758 1.010662 -0.286047 -0.735293 0.614427 0 0
    73 6.083229 3.615674 2.470087 -0.432352 -0.516724 0.738964 0 0
    73 5.756073 3.931774 0.551720 -0.364472 -0.350384 0.862781 0 0
  phy
    73 5.756073 3.931774 0.551720 -0.364472 -0.350384 0.862781 0 0
    73 8.582832 2.856680 0.039227 -0.326121 0.630674 0.704198 0 0
    73 4.894390 4.649903 -4.498068 -0.475845 -0.307602 0.823986 0 0
  phy
    73 5.756073 3.931774 0.551720 -0.364472 -0.350384 0.862781 0 0
    73 6.083229 3.615674 2.470087 -0.432352 -0.516724 0.738964 0 0
    73 8.582832 2.856680 0.039227 -0.326121 0.630674 0.704198 0 0
  phy
    73 4.074771 2.249261 4.852962 0.490195 -0.137083 0.860765 0 0
    73 2.894888 0.756383 0.972871 0.254493 0.622133 -0.740395 0 0
    73 4.062858 0.565959 4.825185 -0.525837 0.716425 -0.458509 0 0
  phy
    73 4.074771 2.249261 4.852962 0.490195 -0.137083 0.860765 0 0
    73 2.910759 2.881758 1.010662 -0.286047 -0.735293 0.614427 0 0
    73 2.894888 0.756383 0.972871 0.254493 0.622133 -0.740395 0 0
  phy
    73 2.910759 2.881758 1.010662 -0.286047 -0.735293 0.614427 0 0
    73 2.027517 0.934474 -4.096186 -0.692592 -0.181581 -0.698101 0 0
    73 2.894888 0.756383 0.972871 0.254493 0.622133 -0.740395 0 0
  phy
    73 2.910759 2.881758 1.010662 -0.286047 -0.735293 0.614427 0 0
    73 2.046029 3.419392 -4.052238 -0.476262 -0.803284 0.357643 0 0
    73 2.027517 0.934474 -4.096186 -0.692592 -0.181581 -0.698101 0 0
  phy
    73 4.857270 -0.320497 -4.586545 0.552545 0.195452 -0.810242 0 0
    73 2.894888 0.756383 0.972871 0.254493 0.622133 -0.740395 0 0
    73 2.027517 0.934474 -4.096186 -0.692592 -0.181581 -0.698101 0 0
  phy
    73 8.758345 2.228556 4.050822 0.410156 0.493433 0.767004 0 0
    73 8.745878 0.545257 4.023142 0.326723 0.744153 -0.582657 0 0
    73 8.566958 0.731309 0.001431 0.498710 0.729888 -0.467495 0 0
  phy
    73 8.758345 2.228556 4.050822 0.410156 0.493433 0.767004 0 0
    73 8.566958 0.731309 0.001431 0.498710 0.729888 -0.467495 0 0
    73 8.582832 2.856680 0.039227 -0.326121 0.630674 0.704198 0 0
  phy
    73 8.582832 2.856680 0.039227 -0.326121 0.630674 0.704198 0 0
    73 8.566958 0.731309 0.001431 0.498710 0.729888 -0.467495 0 0
    73 7.699587 0.909400 -5.067619 0.745087 0.154433 -0.648842 0 0
  phy
    73 8.582832 2.856680 0.039227 -0.326121 0.630674 0.704198 0 0
    73 7.699587 0.909400 -5.067619 0.745087 0.154433 -0.648842 0 0
    73 7.718098 3.394316 -5.023674 -0.769882 0.097645 0.630672 0 0
  phy
    73 8.566958 0.731309 0.001431 0.498710 0.729888 -0.467495 0 0
    73 4.857270 -0.320497 -4.586545 0.552545 0.195452 -0.810242 0 0
    73 7.699587 0.909400 -5.067619 0.745087 0.154433 -0.648842 0 0
  phy
    73 4.470542 2.483394 -6.916940 -0.848737 -0.224998 -0.478562 0 0
    73 2.581304 3.338802 -5.917211 -0.474478 -0.840345 0.262090 0 0
    73 4.595044 4.283087 -6.236436 -0.202467 -0.424876 0.882320 0 0
  phy
    73 6.592061 3.321072 -6.604117 -0.954392 0.135971 -0.265797 0 0
    73 4.470542 2.483394 -6.916940 -0.848737 -0.224998 -0.478562 0 0
    73 4.595044 4.283087 -6.236436 -0.202467 -0.424876 0.882320 0 0
  phy
    73 2.581304 3.338802 -5.917211 -0.474478 -0.840345 0.262090 0 0
    73 4.470542 2.483394 -6.916940 -0.848737 -0.224998 -0.478562 0 0
    73 2.565905 1.419221 -5.947349 -0.655860 -0.647417 -0.388200 0 0
  phy
    73 4.470542 2.483394 -6.916940 -0.848737 -0.224998 -0.478562 0 0
    73 6.592061 3.321072 -6.604117 -0.954392 0.135971 -0.265797 0 0
    73 6.580061 1.401475 -6.634838 -0.779322 -0.431792 -0.454106 0 0
  phy
    73 2.565905 1.419221 -5.947349 -0.655860 -0.647417 -0.388200 0 0
    73 4.470542 2.483394 -6.916940 -0.848737 -0.224998 -0.478562 0 0
    73 4.567441 0.450218 -6.298683 -0.513578 -0.596687 -0.616606 0 0
  phy
    73 4.470542 2.483394 -6.916940 -0.848737 -0.224998 -0.478562 0 0
    73 6.580061 1.401475 -6.634838 -0.779322 -0.431792 -0.454106 0 0
    73 4.567441 0.450218 -6.298683 -0.513578 -0.596687 -0.616606 0 0
  phy
    73 2.046029 3.419392 -4.052238 -0.476262 -0.803284 0.357643 0 0
    73 2.565905 1.419221 -5.947349 -0.655860 -0.647417 -0.388200 0 0
    73 2.027517 0.934474 -4.096186 -0.692592 -0.181581 -0.698101 0 0
  phy
    73 2.046029 3.419392 -4.052238 -0.476262 -0.803284 0.357643 0 0
    73 2.581304 3.338802 -5.917211 -0.474478 -0.840345 0.262090 0 0
    73 2.565905 1.419221 -5.947349 -0.655860 -0.647417 -0.388200 0 0
  phy
    73 2.581304 3.338802 -5.917211 -0.474478 -0.840345 0.262090 0 0
    73 2.046029 3.419392 -4.052238 -0.476262 -0.803284 0.357643 0 0
    73 4.595044 4.283087 -6.236436 -0.202467 -0.424876 0.882320 0 0
  phy
    73 6.592061 3.321072 -6.604117 -0.954392 0.135971 -0.265797 0 0
    73 7.718098 3.394316 -5.023674 -0.769882 0.097645 0.630672 0 0
    73 6.580061 1.401475 -6.634838 -0.779322 -0.431792 -0.454106 0 0
  phy
    73 6.580061 1.401475 -6.634838 -0.779322 -0.431792 -0.454106 0 0
    73 7.718098 3.394316 -5.023674 -0.769882 0.097645 0.630672 0 0
    73 7.699587 0.909400 -5.067619 0.745087 0.154433 -0.648842 0 0
  phy
    73 6.592061 3.321072 -6.604117 -0.954392 0.135971 -0.265797 0 0
    73 4.595044 4.283087 -6.236436 -0.202467 -0.424876 0.882320 0 0
    73 7.718098 3.394316 -5.023674 -0.769882 0.097645 0.630672 0 0
  phy
    73 4.875274 1.988294 5.410145 0.791456 0.448874 0.414861 0 0
    73 6.535282 2.577776 5.136388 0.789003 0.061933 0.611259 0 0
    73 4.074771 2.249261 4.852962 0.490195 -0.137083 0.860765 0 0
  phy
    73 6.535282 2.577776 5.136388 0.789003 0.061933 0.611259 0 0
    73 6.423257 3.080350 4.469290 0.344979 -0.271137 0.898596 0 0
    73 4.074771 2.249261 4.852962 0.490195 -0.137083 0.860765 0 0
  phy
    73 8.758345 2.228556 4.050822 0.410156 0.493433 0.767004 0 0
    73 6.535282 2.577776 5.136388 0.789003 0.061933 0.611259 0 0
    73 8.186663 1.973658 4.843010 0.643448 0.277660 0.713358 0 0
  phy
    73 8.758345 2.228556 4.050822 0.410156 0.493433 0.767004 0 0
    73 6.423257 3.080350 4.469290 0.344979 -0.271137 0.898596 0 0
    73 6.535282 2.577776 5.136388 0.789003 0.061933 0.611259 0 0
  phy
    73 6.083229 3.615674 2.470087 -0.432352 -0.516724 0.738964 0 0
    73 4.074771 2.249261 4.852962 0.490195 -0.137083 0.860765 0 0
    73 6.423257 3.080350 4.469290 0.344979 -0.271137 0.898596 0 0
  phy
    73 6.423257 3.080350 4.469290 0.344979 -0.271137 0.898596 0 0
    73 8.758345 2.228556 4.050822 0.410156 0.493433 0.767004 0 0
    73 6.083229 3.615674 2.470087 -0.432352 -0.516724 0.738964 0 0
  phy
    73 8.582832 2.856680 0.039227 -0.326121 0.630674 0.704198 0 0
    73 7.718098 3.394316 -5.023674 -0.769882 0.097645 0.630672 0 0
    73 4.894390 4.649903 -4.498068 -0.475845 -0.307602 0.823986 0 0
  phy
    73 4.894390 4.649903 -4.498068 -0.475845 -0.307602 0.823986 0 0
    73 2.046029 3.419392 -4.052238 -0.476262 -0.803284 0.357643 0 0
    73 2.910759 2.881758 1.010662 -0.286047 -0.735293 0.614427 0 0
  phy
    73 7.718098 3.394316 -5.023674 -0.769882 0.097645 0.630672 0 0
    73 4.595044 4.283087 -6.236436 -0.202467 -0.424876 0.882320 0 0
    73 4.894390 4.649903 -4.498068 -0.475845 -0.307602 0.823986 0 0
  phy
    73 4.894390 4.649903 -4.498068 -0.475845 -0.307602 0.823986 0 0
    73 4.595044 4.283087 -6.236436 -0.202467 -0.424876 0.882320 0 0
    73 2.046029 3.419392 -4.052238 -0.476262 -0.803284 0.357643 0 0
  phy
    73 4.857270 -0.320497 -4.586545 0.552545 0.195452 -0.810242 0 0
    73 4.567441 0.450218 -6.298683 -0.513578 -0.596687 -0.616606 0 0
    73 7.699587 0.909400 -5.067619 0.745087 0.154433 -0.648842 0 0
  phy
    73 4.567441 0.450218 -6.298683 -0.513578 -0.596687 -0.616606 0 0
    73 4.857270 -0.320497 -4.586545 0.552545 0.195452 -0.810242 0 0
    73 2.027517 0.934474 -4.096186 -0.692592 -0.181581 -0.698101 0 0
  phy
    73 2.910759 2.881758 1.010662 -0.286047 -0.735293 0.614427 0 0
    73 4.074771 2.249261 4.852962 0.490195 -0.137083 0.860765 0 0
    73 6.083229 3.615674 2.470087 -0.432352 -0.516724 0.738964 0 0
  phy
    73 6.083229 3.615674 2.470087 -0.432352 -0.516724 0.738964 0 0
    73 8.758345 2.228556 4.050822 0.410156 0.493433 0.767004 0 0
    73 8.582832 2.856680 0.039227 -0.326121 0.630674 0.704198 0 0
  phy
    73 2.565905 1.419221 -5.947349 -0.655860 -0.647417 -0.388200 0 0
    73 4.567441 0.450218 -6.298683 -0.513578 -0.596687 -0.616606 0 0
    73 2.027517 0.934474 -4.096186 -0.692592 -0.181581 -0.698101 0 0
  phy
    73 4.567441 0.450218 -6.298683 -0.513578 -0.596687 -0.616606 0 0
    73 6.580061 1.401475 -6.634838 -0.779322 -0.431792 -0.454106 0 0
    73 7.699587 0.909400 -5.067619 0.745087 0.154433 -0.648842 0 0
  phy
    3 -0.000068 41.771681 -2.279595 -0.959878 -0.115275 0.255630 0 0
    3 6.530705 41.924118 -2.219602 -0.924723 0.064703 0.375101 0 0
    3 3.266157 41.924117 3.374480 -0.942601 -0.087824 0.322165 0 0
  phy
    3 6.530705 41.924118 -2.219602 -0.924723 0.064703 0.375101 0 0
    3 -0.000068 41.771681 -2.279595 -0.959878 -0.115275 0.255630 0 0
    3 3.239048 41.924118 -6.896328 -0.968304 -0.018824 -0.249065 0 0
  phy
    3 -3.293319 41.924118 -6.896330 -0.925142 0.373397 -0.068468 0 0
    3 -0.000068 41.771681 -2.279595 -0.959878 -0.115275 0.255630 0 0
    3 -6.534016 41.924117 -2.219593 -0.859581 0.035528 0.509763 0 0
  phy
    3 -0.000068 41.771681 -2.279595 -0.959878 -0.115275 0.255630 0 0
    3 -3.266175 41.924117 3.374479 -0.797294 -0.308724 0.518663 0 0
    3 -6.534016 41.924117 -2.219593 -0.859581 0.035528 0.509763 0 0
  phy
    3 -0.000068 41.771681 -2.279595 -0.959878 -0.115275 0.255630 0 0
    3 3.266157 41.924117 3.374480 -0.942601 -0.087824 0.322165 0 0
    3 -3.266175 41.924117 3.374479 -0.797294 -0.308724 0.518663 0 0
  phy
    3 -0.000068 41.771681 -2.279595 -0.959878 -0.115275 0.255630 0 0
    3 -3.293319 41.924118 -6.896330 -0.925142 0.373397 -0.068468 0 0
    3 3.239048 41.924118 -6.896328 -0.968304 -0.018824 -0.249065 0 0
  phy
    3 6.530503 53.332308 -2.211052 0.972037 0.114856 -0.204823 0 0
    3 3.237879 53.332310 -6.851640 0.635447 0.171942 -0.752757 0 0
    3 -0.000076 53.840002 -2.279590 0.983059 0.048254 -0.176826 0 0
  phy
    3 -0.000076 53.840002 -2.279590 0.983059 0.048254 -0.176826 0 0
    3 3.266163 53.332310 3.374480 0.965781 -0.169460 0.196344 0 0
    3 6.530503 53.332308 -2.211052 0.972037 0.114856 -0.204823 0 0
  phy
    3 -0.000076 53.840002 -2.279590 0.983059 0.048254 -0.176826 0 0
    3 -3.294490 53.332308 -6.851639 0.710987 -0.261342 -0.652838 0 0
    3 -6.534237 53.332306 -2.211069 0.971249 0.077798 0.224994 0 0
  phy
    3 -0.000076 53.840002 -2.279590 0.983059 0.048254 -0.176826 0 0
    3 -6.534237 53.332306 -2.211069 0.971249 0.077798 0.224994 0 0
    3 -3.266145 53.332309 3.374479 0.940249 0.016434 0.340090 0 0
  phy
    3 -3.266145 53.332309 3.374479 0.940249 0.016434 0.340090 0 0
    3 3.266163 53.332310 3.374480 0.965781 -0.169460 0.196344 0 0
    3 -0.000076 53.840002 -2.279590 0.983059 0.048254 -0.176826 0 0
  phy
    3 3.237879 53.332310 -6.851640 0.635447 0.171942 -0.752757 0 0
    3 -3.294490 53.332308 -6.851639 0.710987 -0.261342 -0.652838 0 0
    3 -0.000076 53.840002 -2.279590 0.983059 0.048254 -0.176826 0 0
  phy
    3 9.219440 44.415352 -2.234286 0.025270 0.995548 -0.090803 0 0
    3 6.530705 41.924118 -2.219602 -0.924723 0.064703 0.375101 0 0
    3 3.239048 41.924118 -6.896328 -0.968304 -0.018824 -0.249065 0 0
  phy
    3 9.219440 44.415352 -2.234286 0.025270 0.995548 -0.090803 0 0
    3 3.239048 41.924118 -6.896328 -0.968304 -0.018824 -0.249065 0 0
    3 4.616346 44.384280 -8.726421 -0.281643 0.000810 -0.959519 0 0
  phy
    3 3.266157 41.924117 3.374480 -0.942601 -0.087824 0.322165 0 0
    3 6.530705 41.924118 -2.219602 -0.924723 0.064703 0.375101 0 0
    3 4.619076 44.452738 5.717765 0.196017 0.583342 0.788219 0 0
  phy
    3 4.619076 44.452738 5.717765 0.196017 0.583342 0.788219 0 0
    3 6.530705 41.924118 -2.219602 -0.924723 0.064703 0.375101 0 0
    3 9.219440 44.415352 -2.234286 0.025270 0.995548 -0.090803 0 0
  phy
    3 6.530503 53.332308 -2.211052 0.972037 0.114856 -0.204823 0 0
    3 3.266163 53.332310 3.374480 0.965781 -0.169460 0.196344 0 0
    3 4.619078 51.116096 5.717767 0.736549 -0.106680 0.667919 0 0
  phy
    3 4.619078 51.116096 5.717767 0.736549 -0.106680 0.667919 0 0
    3 9.237715 51.116096 -2.265872 0.092302 0.928740 -0.359057 0 0
    3 6.530503 53.332308 -2.211052 0.972037 0.114856 -0.204823 0 0
  phy
    3 6.530503 53.332308 -2.211052 0.972037 0.114856 -0.204823 0 0
    3 9.237715 51.116096 -2.265872 0.092302 0.928740 -0.359057 0 0
    3 3.237879 53.332310 -6.851640 0.635447 0.171942 -0.752757 0 0
  phy
    3 -3.266145 53.332309 3.374479 0.940249 0.016434 0.340090 0 0
    3 4.619078 51.116096 5.717767 0.736549 -0.106680 0.667919 0 0
    3 3.266163 53.332310 3.374480 0.965781 -0.169460 0.196344 0 0
  phy
    3 -3.266145 53.332309 3.374479 0.940249 0.016434 0.340090 0 0
    3 -4.619077 51.116096 5.717764 0.369220 0.290185 0.882876 0 0
    3 4.619078 51.116096 5.717767 0.736549 -0.106680 0.667919 0 0
  phy
    3 -6.534237 53.332306 -2.211069 0.971249 0.077798 0.224994 0 0
    3 -4.619077 51.116096 5.717764 0.369220 0.290185 0.882876 0 0
    3 -3.266145 53.332309 3.374479 0.940249 0.016434 0.340090 0 0
  phy
    3 3.266157 41.924117 3.374480 -0.942601 -0.087824 0.322165 0 0
    3 -4.619078 44.452739 5.717764 -0.405316 -0.324911 0.854489 0 0
    3 -3.266175 41.924117 3.374479 -0.797294 -0.308724 0.518663 0 0
  phy
    3 3.266157 41.924117 3.374480 -0.942601 -0.087824 0.322165 0 0
    3 4.619076 44.452738 5.717765 0.196017 0.583342 0.788219 0 0
    3 -4.619078 44.452739 5.717764 -0.405316 -0.324911 0.854489 0 0
  phy
    3 4.619078 51.116096 5.717767 0.736549 -0.106680 0.667919 0 0
    3 4.619076 44.452738 5.717765 0.196017 0.583342 0.788219 0 0
    3 9.237715 51.116096 -2.265872 0.092302 0.928740 -0.359057 0 0
  phy
    3 4.619076 44.452738 5.717765 0.196017 0.583342 0.788219 0 0
    3 9.219440 44.415352 -2.234286 0.025270 0.995548 -0.090803 0 0
    3 9.237715 51.116096 -2.265872 0.092302 0.928740 -0.359057 0 0
  phy
    3 9.219440 44.415352 -2.234286 0.025270 0.995548 -0.090803 0 0
    3 4.616346 44.384280 -8.726421 -0.281643 0.000810 -0.959519 0 0
    3 9.237715 51.116096 -2.265872 0.092302 0.928740 -0.359057 0 0
  phy
    3 3.237879 53.332310 -6.851640 0.635447 0.171942 -0.752757 0 0
    3 4.579916 51.116097 -8.777346 0.205469 -0.167825 -0.964167 0 0
    3 -3.294490 53.332308 -6.851639 0.710987 -0.261342 -0.652838 0 0
  phy
    3 -3.294490 53.332308 -6.851639 0.710987 -0.261342 -0.652838 0 0
    3 4.579916 51.116097 -8.777346 0.205469 -0.167825 -0.964167 0 0
    3 -4.658239 51.116097 -8.777346 -0.222730 0.738568 -0.636324 0 0
  phy
    3 9.237715 51.116096 -2.265872 0.092302 0.928740 -0.359057 0 0
    3 4.579916 51.116097 -8.777346 0.205469 -0.167825 -0.964167 0 0
    3 3.237879 53.332310 -6.851640 0.635447 0.171942 -0.752757 0 0
  phy
    3 -9.238591 51.116096 -2.265877 -0.620448 0.778914 -0.091305 0 0
    3 -4.658239 51.116097 -8.777346 -0.222730 0.738568 -0.636324 0 0
    3 -9.238592 44.452740 -2.265876 -0.475214 0.868819 0.139018 0 0
  phy
    3 -9.238592 44.452740 -2.265876 -0.475214 0.868819 0.139018 0 0
    3 -4.658239 51.116097 -8.777346 -0.222730 0.738568 -0.636324 0 0
    3 -4.691030 44.390069 -8.730728 -0.782084 0.289442 -0.551877 0 0
  phy
    3 -4.691030 44.390069 -8.730728 -0.782084 0.289442 -0.551877 0 0
    3 -4.658239 51.116097 -8.777346 -0.222730 0.738568 -0.636324 0 0
    3 4.579916 51.116097 -8.777346 0.205469 -0.167825 -0.964167 0 0
  phy
    3 -4.658239 51.116097 -8.777346 -0.222730 0.738568 -0.636324 0 0
    3 -9.238591 51.116096 -2.265877 -0.620448 0.778914 -0.091305 0 0
    3 -3.294490 53.332308 -6.851639 0.710987 -0.261342 -0.652838 0 0
  phy
    3 -3.294490 53.332308 -6.851639 0.710987 -0.261342 -0.652838 0 0
    3 -9.238591 51.116096 -2.265877 -0.620448 0.778914 -0.091305 0 0
    3 -6.534237 53.332306 -2.211069 0.971249 0.077798 0.224994 0 0
  phy
    3 -6.534237 53.332306 -2.211069 0.971249 0.077798 0.224994 0 0
    3 -9.238591 51.116096 -2.265877 -0.620448 0.778914 -0.091305 0 0
    3 -4.619077 51.116096 5.717764 0.369220 0.290185 0.882876 0 0
  phy
    3 -6.534016 41.924117 -2.219593 -0.859581 0.035528 0.509763 0 0
    3 -9.238592 44.452740 -2.265876 -0.475214 0.868819 0.139018 0 0
    3 -3.293319 41.924118 -6.896330 -0.925142 0.373397 -0.068468 0 0
  phy
    3 -3.293319 41.924118 -6.896330 -0.925142 0.373397 -0.068468 0 0
    3 -9.238592 44.452740 -2.265876 -0.475214 0.868819 0.139018 0 0
    3 -4.691030 44.390069 -8.730728 -0.782084 0.289442 -0.551877 0 0
  phy
    3 -3.293319 41.924118 -6.896330 -0.925142 0.373397 -0.068468 0 0
    3 -4.691030 44.390069 -8.730728 -0.782084 0.289442 -0.551877 0 0
    3 3.239048 41.924118 -6.896328 -0.968304 -0.018824 -0.249065 0 0
  phy
    3 3.239048 41.924118 -6.896328 -0.968304 -0.018824 -0.249065 0 0
    3 -4.691030 44.390069 -8.730728 -0.782084 0.289442 -0.551877 0 0
    3 4.616346 44.384280 -8.726421 -0.281643 0.000810 -0.959519 0 0
  phy
    3 4.619078 51.116096 5.717767 0.736549 -0.106680 0.667919 0 0
    3 -4.619078 44.452739 5.717764 -0.405316 -0.324911 0.854489 0 0
    3 4.619076 44.452738 5.717765 0.196017 0.583342 0.788219 0 0
  phy
    3 4.619078 51.116096 5.717767 0.736549 -0.106680 0.667919 0 0
    3 -4.619077 51.116096 5.717764 0.369220 0.290185 0.882876 0 0
    3 -4.619078 44.452739 5.717764 -0.405316 -0.324911 0.854489 0 0
  phy
    3 -6.534016 41.924117 -2.219593 -0.859581 0.035528 0.509763 0 0
    3 -3.266175 41.924117 3.374479 -0.797294 -0.308724 0.518663 0 0
    3 -4.619078 44.452739 5.717764 -0.405316 -0.324911 0.854489 0 0
  phy
    3 -4.619078 44.452739 5.717764 -0.405316 -0.324911 0.854489 0 0
    3 -4.619077 51.116096 5.717764 0.369220 0.290185 0.882876 0 0
    3 -9.238592 44.452740 -2.265876 -0.475214 0.868819 0.139018 0 0
  phy
    3 -9.238592 44.452740 -2.265876 -0.475214 0.868819 0.139018 0 0
    3 -4.619077 51.116096 5.717764 0.369220 0.290185 0.882876 0 0
    3 -9.238591 51.116096 -2.265877 -0.620448 0.778914 -0.091305 0 0
  phy
    3 -9.238592 44.452740 -2.265876 -0.475214 0.868819 0.139018 0 0
    3 -6.534016 41.924117 -2.219593 -0.859581 0.035528 0.509763 0 0
    3 -4.619078 44.452739 5.717764 -0.405316 -0.324911 0.854489 0 0
  phy
    3 4.616346 44.384280 -8.726421 -0.281643 0.000810 -0.959519 0 0
    3 4.579916 51.116097 -8.777346 0.205469 -0.167825 -0.964167 0 0
    3 9.237715 51.116096 -2.265872 0.092302 0.928740 -0.359057 0 0
  phy
    3 4.616346 44.384280 -8.726421 -0.281643 0.000810 -0.959519 0 0
    3 -4.691030 44.390069 -8.730728 -0.782084 0.289442 -0.551877 0 0
    3 4.579916 51.116097 -8.777346 0.205469 -0.167825 -0.964167 0 0
  phy
    5 -0.000001 66.317681 -3.051157 0.978543 0.031805 0.203575 0 0
    5 -5.590471 65.842459 -3.051155 0.994223 0.089133 -0.059804 0 0
    5 -2.795223 65.842459 0.573785 0.694181 -0.022107 0.719461 0 0
  phy
    5 -2.795223 65.842459 0.573785 0.694181 -0.022107 0.719461 0 0
    5 2.795240 65.842460 0.573786 0.788960 0.012907 0.614309 0 0
    5 -0.000001 66.317681 -3.051157 0.978543 0.031805 0.203575 0 0
  phy
    5 2.795242 65.842458 -6.676094 0.843533 0.304581 -0.442361 0 0
    5 -2.795230 65.842460 -6.676097 0.908985 0.206220 -0.362242 0 0
    5 -0.000001 66.317681 -3.051157 0.978543 0.031805 0.203575 0 0
  phy
    5 -0.000001 66.317681 -3.051157 0.978543 0.031805 0.203575 0 0
    5 -2.795230 65.842460 -6.676097 0.908985 0.206220 -0.362242 0 0
    5 -5.590471 65.842459 -3.051155 0.994223 0.089133 -0.059804 0 0
  phy
    5 -0.000001 66.317681 -3.051157 0.978543 0.031805 0.203575 0 0
    5 5.590473 65.842459 -3.051176 0.974824 0.092876 -0.202711 0 0
    5 2.795242 65.842458 -6.676094 0.843533 0.304581 -0.442361 0 0
  phy
    5 -0.000001 66.317681 -3.051157 0.978543 0.031805 0.203575 0 0
    5 2.795240 65.842460 0.573786 0.788960 0.012907 0.614309 0 0
    5 5.590473 65.842459 -3.051176 0.974824 0.092876 -0.202711 0 0
  phy
    5 0.000000 51.612022 -2.282712 -0.958883 0.100000 -0.265600 0 0
    5 6.328983 52.223346 -2.282710 -0.692214 -0.289836 -0.660934 0 0
    5 3.048903 52.223346 2.998144 -0.907705 -0.002701 0.419601 0 0
  phy
    5 6.328983 52.223346 -2.282710 -0.692214 -0.289836 -0.660934 0 0
    5 0.000000 51.612022 -2.282712 -0.958883 0.100000 -0.265600 0 0
    5 4.109712 52.223346 -7.563562 -0.136940 0.514263 -0.846629 0 0
  phy
    5 -3.048904 52.223346 2.998144 -0.929177 0.060857 0.364590 0 0
    5 0.000000 51.612022 -2.282712 -0.958883 0.100000 -0.265600 0 0
    5 3.048903 52.223346 2.998144 -0.907705 -0.002701 0.419601 0 0
  phy
    5 0.000000 51.612022 -2.282712 -0.958883 0.100000 -0.265600 0 0
    5 -6.328983 52.223346 -2.282708 -0.913878 0.389620 0.114123 0 0
    5 -4.109714 52.223346 -7.563564 -0.779133 0.385656 -0.494188 0 0
  phy
    5 0.000000 51.612022 -2.282712 -0.958883 0.100000 -0.265600 0 0
    5 -3.048904 52.223346 2.998144 -0.929177 0.060857 0.364590 0 0
    5 -6.328983 52.223346 -2.282708 -0.913878 0.389620 0.114123 0 0
  phy
    5 4.109712 52.223346 -7.563562 -0.136940 0.514263 -0.846629 0 0
    5 0.000000 51.612022 -2.282712 -0.958883 0.100000 -0.265600 0 0
    5 -4.109714 52.223346 -7.563564 -0.779133 0.385656 -0.494188 0 0
  phy
    5 -7.976043 63.867582 -3.051152 0.797311 0.043568 0.601994 0 0
    5 -2.795223 65.842459 0.573785 0.694181 -0.022107 0.719461 0 0
    5 -5.590471 65.842459 -3.051155 0.994223 0.089133 -0.059804 0 0
  phy
    5 -7.976043 63.867582 -3.051152 0.797311 0.043568 0.601994 0 0
    5 -3.988022 63.867586 2.120628 0.055377 -0.296251 0.953503 0 0
    5 -2.795223 65.842459 0.573785 0.694181 -0.022107 0.719461 0 0
  phy
    5 -3.988022 63.867586 2.120628 0.055377 -0.296251 0.953503 0 0
    5 2.795240 65.842460 0.573786 0.788960 0.012907 0.614309 0 0
    5 -2.795223 65.842459 0.573785 0.694181 -0.022107 0.719461 0 0
  phy
    5 -3.988022 63.867586 2.120628 0.055377 -0.296251 0.953503 0 0
    5 3.988015 63.867585 2.120630 0.086370 -0.588882 0.803591 0 0
    5 2.795240 65.842460 0.573786 0.788960 0.012907 0.614309 0 0
  phy
    5 2.795242 65.842458 -6.676094 0.843533 0.304581 -0.442361 0 0
    5 4.028664 63.867583 -8.222937 0.098619 0.487214 -0.867696 0 0
    5 -2.795230 65.842460 -6.676097 0.908985 0.206220 -0.362242 0 0
  phy
    5 4.028664 63.867583 -8.222937 0.098619 0.487214 -0.867696 0 0
    5 -4.028657 63.867582 -8.222941 0.586479 0.138108 -0.798103 0 0
    5 -2.795230 65.842460 -6.676097 0.908985 0.206220 -0.362242 0 0
  phy
    5 5.590473 65.842459 -3.051176 0.974824 0.092876 -0.202711 0 0
    5 4.028664 63.867583 -8.222937 0.098619 0.487214 -0.867696 0 0
    5 2.795242 65.842458 -6.676094 0.843533 0.304581 -0.442361 0 0
  phy
    5 -3.048904 52.223346 2.998144 -0.929177 0.060857 0.364590 0 0
    5 3.048903 52.223346 2.998144 -0.907705 -0.002701 0.419601 0 0
    5 4.281860 55.073459 5.085063 -0.563330 -0.578685 0.589731 0 0
  phy
    5 -3.048904 52.223346 2.998144 -0.929177 0.060857 0.364590 0 0
    5 4.281860 55.073459 5.085063 -0.563330 -0.578685 0.589731 0 0
    5 -4.281862 55.073458 5.085062 -0.319618 -0.114514 0.940602 0 0
  phy
    5 -6.328983 52.223346 -2.282708 -0.913878 0.389620 0.114123 0 0
    5 -3.048904 52.223346 2.998144 -0.929177 0.060857 0.364590 0 0
    5 -4.281862 55.073458 5.085062 -0.319618 -0.114514 0.940602 0 0
  phy
    5 -4.028657 63.867582 -8.222941 0.586479 0.138108 -0.798103 0 0
    5 4.028664 63.867583 -8.222937 0.098619 0.487214 -0.867696 0 0
    5 6.454590 55.073457 -9.711783 0.323235 0.342605 -0.882123 0 0
  phy
    5 -4.028657 63.867582 -8.222941 0.586479 0.138108 -0.798103 0 0
    5 6.454590 55.073457 -9.711783 0.323235 0.342605 -0.882123 0 0
    5 -6.454587 55.073459 -9.711787 0.661159 0.328258 -0.674623 0 0
  phy
    5 -6.454587 55.073459 -9.711787 0.661159 0.328258 -0.674623 0 0
    5 6.454590 55.073457 -9.711783 0.323235 0.342605 -0.882123 0 0
    5 4.109712 52.223346 -7.563562 -0.136940 0.514263 -0.846629 0 0
  phy
    5 -6.454587 55.073459 -9.711787 0.661159 0.328258 -0.674623 0 0
    5 4.109712 52.223346 -7.563562 -0.136940 0.514263 -0.846629 0 0
    5 -4.109714 52.223346 -7.563564 -0.779133 0.385656 -0.494188 0 0
  phy
    5 -6.454587 55.073459 -9.711787 0.661159 0.328258 -0.674623 0 0
    5 -6.328983 52.223346 -2.282708 -0.913878 0.389620 0.114123 0 0
    5 -8.774892 55.073461 -2.313363 0.625644 0.725373 0.287060 0 0
  phy
    5 -6.328983 52.223346 -2.282708 -0.913878 0.389620 0.114123 0 0
    5 -6.454587 55.073459 -9.711787 0.661159 0.328258 -0.674623 0 0
    5 -4.109714 52.223346 -7.563564 -0.779133 0.385656 -0.494188 0 0
  phy
    5 -4.028657 63.867582 -8.222941 0.586479 0.138108 -0.798103 0 0
    5 -6.454587 55.073459 -9.711787 0.661159 0.328258 -0.674623 0 0
    5 -7.976043 63.867582 -3.051152 0.797311 0.043568 0.601994 0 0
  phy
    5 -7.976043 63.867582 -3.051152 0.797311 0.043568 0.601994 0 0
    5 -6.454587 55.073459 -9.711787 0.661159 0.328258 -0.674623 0 0
    5 -8.774892 55.073461 -2.313363 0.625644 0.725373 0.287060 0 0
  phy
    5 6.328983 52.223346 -2.282710 -0.692214 -0.289836 -0.660934 0 0
    5 8.774890 55.073459 -2.313359 -0.147842 -0.960332 -0.236443 0 0
    5 4.281860 55.073459 5.085063 -0.563330 -0.578685 0.589731 0 0
  phy
    5 4.281860 55.073459 5.085063 -0.563330 -0.578685 0.589731 0 0
    5 3.048903 52.223346 2.998144 -0.907705 -0.002701 0.419601 0 0
    5 6.328983 52.223346 -2.282710 -0.692214 -0.289836 -0.660934 0 0
  phy
    5 6.328983 52.223346 -2.282710 -0.692214 -0.289836 -0.660934 0 0
    5 4.109712 52.223346 -7.563562 -0.136940 0.514263 -0.846629 0 0
    5 6.454590 55.073457 -9.711783 0.323235 0.342605 -0.882123 0 0
  phy
    5 6.328983 52.223346 -2.282710 -0.692214 -0.289836 -0.660934 0 0
    5 6.454590 55.073457 -9.711783 0.323235 0.342605 -0.882123 0 0
    5 8.774890 55.073459 -2.313359 -0.147842 -0.960332 -0.236443 0 0
  phy
    5 -4.028657 63.867582 -8.222941 0.586479 0.138108 -0.798103 0 0
    5 -7.976043 63.867582 -3.051152 0.797311 0.043568 0.601994 0 0
    5 -5.590471 65.842459 -3.051155 0.994223 0.089133 -0.059804 0 0
  phy
    5 -5.590471 65.842459 -3.051155 0.994223 0.089133 -0.059804 0 0
    5 -2.795230 65.842460 -6.676097 0.908985 0.206220 -0.362242 0 0
    5 -4.028657 63.867582 -8.222941 0.586479 0.138108 -0.798103 0 0
  phy
    5 5.590473 65.842459 -3.051176 0.974824 0.092876 -0.202711 0 0
    5 2.795240 65.842460 0.573786 0.788960 0.012907 0.614309 0 0
    5 7.976040 63.867583 -3.051155 0.565615 -0.761544 -0.316432 0 0
  phy
    5 2.795240 65.842460 0.573786 0.788960 0.012907 0.614309 0 0
    5 3.988015 63.867585 2.120630 0.086370 -0.588882 0.803591 0 0
    5 7.976040 63.867583 -3.051155 0.565615 -0.761544 -0.316432 0 0
  phy
    5 4.281860 55.073459 5.085063 -0.563330 -0.578685 0.589731 0 0
    5 3.988015 63.867585 2.120630 0.086370 -0.588882 0.803591 0 0
    5 -4.281862 55.073458 5.085062 -0.319618 -0.114514 0.940602 0 0
  phy
    5 3.988015 63.867585 2.120630 0.086370 -0.588882 0.803591 0 0
    5 -3.988022 63.867586 2.120628 0.055377 -0.296251 0.953503 0 0
    5 -4.281862 55.073458 5.085062 -0.319618 -0.114514 0.940602 0 0
  phy
    5 4.281860 55.073459 5.085063 -0.563330 -0.578685 0.589731 0 0
    5 7.976040 63.867583 -3.051155 0.565615 -0.761544 -0.316432 0 0
    5 3.988015 63.867585 2.120630 0.086370 -0.588882 0.803591 0 0
  phy
    5 5.590473 65.842459 -3.051176 0.974824 0.092876 -0.202711 0 0
    5 7.976040 63.867583 -3.051155 0.565615 -0.761544 -0.316432 0 0
    5 4.028664 63.867583 -8.222937 0.098619 0.487214 -0.867696 0 0
  phy
    5 -6.328983 52.223346 -2.282708 -0.913878 0.389620 0.114123 0 0
    5 -4.281862 55.073458 5.085062 -0.319618 -0.114514 0.940602 0 0
    5 -8.774892 55.073461 -2.313363 0.625644 0.725373 0.287060 0 0
  phy
    5 8.774890 55.073459 -2.313359 -0.147842 -0.960332 -0.236443 0 0
    5 7.976040 63.867583 -3.051155 0.565615 -0.761544 -0.316432 0 0
    5 4.281860 55.073459 5.085063 -0.563330 -0.578685 0.589731 0 0
  phy
    5 -7.976043 63.867582 -3.051152 0.797311 0.043568 0.601994 0 0
    5 -4.281862 55.073458 5.085062 -0.319618 -0.114514 0.940602 0 0
    5 -3.988022 63.867586 2.120628 0.055377 -0.296251 0.953503 0 0
  phy
    5 -4.281862 55.073458 5.085062 -0.319618 -0.114514 0.940602 0 0
    5 -7.976043 63.867582 -3.051152 0.797311 0.043568 0.601994 0 0
    5 -8.774892 55.073461 -2.313363 0.625644 0.725373 0.287060 0 0
  phy
    5 7.976040 63.867583 -3.051155 0.565615 -0.761544 -0.316432 0 0
    5 6.454590 55.073457 -9.711783 0.323235 0.342605 -0.882123 0 0
    5 4.028664 63.867583 -8.222937 0.098619 0.487214 -0.867696 0 0
  phy
    5 8.774890 55.073459 -2.313359 -0.147842 -0.960332 -0.236443 0 0
    5 6.454590 55.073457 -9.711783 0.323235 0.342605 -0.882123 0 0
    5 7.976040 63.867583 -3.051155 0.565615 -0.761544 -0.316432 0 0
  phy
    39 -16.022703 54.768836 -5.663378 0.634871 0.275034 0.722008 0 0
    39 -16.096024 54.298486 -3.245283 0.442858 0.873736 -0.201152 0 0
    39 -15.228102 57.270714 -5.715842 0.316392 0.796603 0.515092 0 0
  phy
    39 -15.228102 57.270714 -5.715842 0.316392 0.796603 0.515092 0 0
    39 -16.096024 54.298486 -3.245283 0.442858 0.873736 -0.201152 0 0
    39 -15.334393 56.588452 -2.206668 0.132086 0.931521 -0.338853 0 0
  phy
    39 -15.334393 56.588452 -2.206668 0.132086 0.931521 -0.338853 0 0
    39 -16.096024 54.298486 -3.245283 0.442858 0.873736 -0.201152 0 0
    39 -12.939774 54.253447 -0.765778 0.262461 0.617803 -0.741238 0 0
  phy
    39 -16.096024 54.298486 -3.245283 0.442858 0.873736 -0.201152 0 0
    39 -14.401697 52.653784 -2.257890 0.531468 0.610403 -0.587324 0 0
    39 -12.939774 54.253447 -0.765778 0.262461 0.617803 -0.741238 0 0
  phy
    39 -16.022703 54.768836 -5.663378 0.634871 0.275034 0.722008 0 0
    39 -14.910109 52.433247 -4.828061 0.999478 -0.026217 0.018860 0 0
    39 -16.096024 54.298486 -3.245283 0.442858 0.873736 -0.201152 0 0
  phy
    39 -16.096024 54.298486 -3.245283 0.442858 0.873736 -0.201152 0 0
    39 -14.910109 52.433247 -4.828061 0.999478 -0.026217 0.018860 0 0
    39 -14.401697 52.653784 -2.257890 0.531468 0.610403 -0.587324 0 0
  phy
    39 -10.332123 53.284346 -6.342763 0.645416 -0.559757 0.519721 0 0
    39 -5.839517 58.206684 -1.362937 -0.365073 -0.643494 -0.672783 0 0
    39 -10.438242 52.602147 -2.833551 0.290326 -0.202722 -0.935208 0 0
  phy
    39 -10.332123 53.284346 -6.342763 0.645416 -0.559757 0.519721 0 0
    39 -5.715069 59.005159 -5.468293 -0.207779 -0.939955 0.270764 0 0
    39 -5.839517 58.206684 -1.362937 -0.365073 -0.643494 -0.672783 0 0
  phy
    39 -10.438242 52.602147 -2.833551 0.290326 -0.202722 -0.935208 0 0
    39 -12.634024 51.479736 -3.688557 0.645832 -0.510575 -0.567638 0 0
    39 -10.332123 53.284346 -6.342763 0.645416 -0.559757 0.519721 0 0
  phy
    39 -12.634024 51.479736 -3.688557 0.645832 -0.510575 -0.567638 0 0
    39 -12.560639 51.949967 -6.106628 0.847708 -0.432827 0.306678 0 0
    39 -10.332123 53.284346 -6.342763 0.645416 -0.559757 0.519721 0 0
  phy
    39 -12.727082 55.618093 -7.783997 0.572683 0.142245 0.807342 0 0
    39 -8.100818 61.397673 -7.207969 0.048325 -0.061019 0.996966 0 0
    39 -10.332123 53.284346 -6.342763 0.645416 -0.559757 0.519721 0 0
  phy
    39 -10.332123 53.284346 -6.342763 0.645416 -0.559757 0.519721 0 0
    39 -8.100818 61.397673 -7.207969 0.048325 -0.061019 0.996966 0 0
    39 -5.715069 59.005159 -5.468293 -0.207779 -0.939955 0.270764 0 0
  phy
    39 -12.560639 51.949967 -6.106628 0.847708 -0.432827 0.306678 0 0
    39 -12.727082 55.618093 -7.783997 0.572683 0.142245 0.807342 0 0
    39 -10.332123 53.284346 -6.342763 0.645416 -0.559757 0.519721 0 0
  phy
    39 -12.560639 51.949967 -6.106628 0.847708 -0.432827 0.306678 0 0
    39 -14.910109 52.433247 -4.828061 0.999478 -0.026217 0.018860 0 0
    39 -14.255092 53.594415 -7.094129 0.563061 -0.211644 0.798855 0 0
  phy
    39 -14.255092 53.594415 -7.094129 0.563061 -0.211644 0.798855 0 0
    39 -14.910109 52.433247 -4.828061 0.999478 -0.026217 0.018860 0 0
    39 -16.022703 54.768836 -5.663378 0.634871 0.275034 0.722008 0 0
  phy
    39 -14.255092 53.594415 -7.094129 0.563061 -0.211644 0.798855 0 0
    39 -12.727082 55.618093 -7.783997 0.572683 0.142245 0.807342 0 0
    39 -12.560639 51.949967 -6.106628 0.847708 -0.432827 0.306678 0 0
  phy
    39 -16.022703 54.768836 -5.663378 0.634871 0.275034 0.722008 0 0
    39 -12.727082 55.618093 -7.783997 0.572683 0.142245 0.807342 0 0
    39 -14.255092 53.594415 -7.094129 0.563061 -0.211644 0.798855 0 0
  phy
    39 -15.228102 57.270714 -5.715842 0.316392 0.796603 0.515092 0 0
    39 -15.334393 56.588452 -2.206668 0.132086 0.931521 -0.338853 0 0
    39 -10.735493 62.193050 -0.736017 0.482587 0.497255 -0.721005 0 0
  phy
    39 -15.228102 57.270714 -5.715842 0.316392 0.796603 0.515092 0 0
    39 -10.735493 62.193050 -0.736017 0.482587 0.497255 -0.721005 0 0
    39 -10.610773 62.991676 -4.841268 -0.349129 0.421815 0.836768 0 0
  phy
    39 -15.334393 56.588452 -2.206668 0.132086 0.931521 -0.338853 0 0
    39 -12.939774 54.253447 -0.765778 0.262461 0.617803 -0.741238 0 0
    39 -8.349733 59.800597 1.003356 0.298124 0.113718 -0.947729 0 0
  phy
    39 -15.334393 56.588452 -2.206668 0.132086 0.931521 -0.338853 0 0
    39 -8.349733 59.800597 1.003356 0.298124 0.113718 -0.947729 0 0
    39 -10.735493 62.193050 -0.736017 0.482587 0.497255 -0.721005 0 0
  phy
    39 -12.634024 51.479736 -3.688557 0.645832 -0.510575 -0.567638 0 0
    39 -14.910109 52.433247 -4.828061 0.999478 -0.026217 0.018860 0 0
    39 -12.560639 51.949967 -6.106628 0.847708 -0.432827 0.306678 0 0
  phy
    39 -4.875061 60.882592 -1.442756 -0.563289 -0.679416 -0.470212 0 0
    39 -5.715069 59.005159 -5.468293 -0.207779 -0.939955 0.270764 0 0
    39 -4.786308 61.452043 -4.370591 -0.715196 -0.685332 0.137167 0 0
  phy
    39 -4.875061 60.882592 -1.442756 -0.563289 -0.679416 -0.470212 0 0
    39 -5.839517 58.206684 -1.362937 -0.365073 -0.643494 -0.672783 0 0
    39 -5.715069 59.005159 -5.468293 -0.207779 -0.939955 0.270764 0 0
  phy
    39 -4.875061 60.882592 -1.442756 -0.563289 -0.679416 -0.470212 0 0
    39 -4.786308 61.452043 -4.370591 -0.715196 -0.685332 0.137167 0 0
    39 -5.872803 63.394476 -2.505090 -0.994878 0.100442 0.011383 0 0
  phy
    39 -6.650426 62.007259 0.242809 -0.123255 -0.149789 -0.981005 0 0
    39 -4.875061 60.882592 -1.442756 -0.563289 -0.679416 -0.470212 0 0
    39 -5.872803 63.394476 -2.505090 -0.994878 0.100442 0.011383 0 0
  phy
    39 -5.839517 58.206684 -1.362937 -0.365073 -0.643494 -0.672783 0 0
    39 -4.875061 60.882592 -1.442756 -0.563289 -0.679416 -0.470212 0 0
    39 -6.650426 62.007259 0.242809 -0.123255 -0.149789 -0.981005 0 0
  phy
    39 -15.228102 57.270714 -5.715842 0.316392 0.796603 0.515092 0 0
    39 -12.727082 55.618093 -7.783997 0.572683 0.142245 0.807342 0 0
    39 -16.022703 54.768836 -5.663378 0.634871 0.275034 0.722008 0 0
  phy
    39 -10.735493 62.193050 -0.736017 0.482587 0.497255 -0.721005 0 0
    39 -8.337037 63.701380 -0.999456 -0.717086 0.557284 -0.418595 0 0
    39 -8.248288 64.270833 -3.927291 -0.790418 0.201115 0.578612 0 0
  phy
    39 -10.735493 62.193050 -0.736017 0.482587 0.497255 -0.721005 0 0
    39 -8.248288 64.270833 -3.927291 -0.790418 0.201115 0.578612 0 0
    39 -10.610773 62.991676 -4.841268 -0.349129 0.421815 0.836768 0 0
  phy
    39 -10.610773 62.991676 -4.841268 -0.349129 0.421815 0.836768 0 0
    39 -8.248288 64.270833 -3.927291 -0.790418 0.201115 0.578612 0 0
    39 -6.472922 63.146162 -5.612858 -0.715349 -0.353185 0.602939 0 0
  phy
    39 -6.472922 63.146162 -5.612858 -0.715349 -0.353185 0.602939 0 0
    39 -8.100818 61.397673 -7.207969 0.048325 -0.061019 0.996966 0 0
    39 -10.610773 62.991676 -4.841268 -0.349129 0.421815 0.836768 0 0
  phy
    39 -10.610773 62.991676 -4.841268 -0.349129 0.421815 0.836768 0 0
    39 -8.100818 61.397673 -7.207969 0.048325 -0.061019 0.996966 0 0
    39 -15.228102 57.270714 -5.715842 0.316392 0.796603 0.515092 0 0
  phy
    39 -14.401697 52.653784 -2.257890 0.531468 0.610403 -0.587324 0 0
    39 -14.910109 52.433247 -4.828061 0.999478 -0.026217 0.018860 0 0
    39 -12.634024 51.479736 -3.688557 0.645832 -0.510575 -0.567638 0 0
  phy
    39 -12.634024 51.479736 -3.688557 0.645832 -0.510575 -0.567638 0 0
    39 -10.438242 52.602147 -2.833551 0.290326 -0.202722 -0.935208 0 0
    39 -12.939774 54.253447 -0.765778 0.262461 0.617803 -0.741238 0 0
  phy
    39 -14.401697 52.653784 -2.257890 0.531468 0.610403 -0.587324 0 0
    39 -12.634024 51.479736 -3.688557 0.645832 -0.510575 -0.567638 0 0
    39 -12.939774 54.253447 -0.765778 0.262461 0.617803 -0.741238 0 0
  phy
    39 -10.438242 52.602147 -2.833551 0.290326 -0.202722 -0.935208 0 0
    39 -5.839517 58.206684 -1.362937 -0.365073 -0.643494 -0.672783 0 0
    39 -8.349733 59.800597 1.003356 0.298124 0.113718 -0.947729 0 0
  phy
    39 -5.839517 58.206684 -1.362937 -0.365073 -0.643494 -0.672783 0 0
    39 -6.650426 62.007259 0.242809 -0.123255 -0.149789 -0.981005 0 0
    39 -8.349733 59.800597 1.003356 0.298124 0.113718 -0.947729 0 0
  phy
    39 -4.786308 61.452043 -4.370591 -0.715196 -0.685332 0.137167 0 0
    39 -5.715069 59.005159 -5.468293 -0.207779 -0.939955 0.270764 0 0
    39 -6.472922 63.146162 -5.612858 -0.715349 -0.353185 0.602939 0 0
  phy
    39 -4.786308 61.452043 -4.370591 -0.715196 -0.685332 0.137167 0 0
    39 -6.472922 63.146162 -5.612858 -0.715349 -0.353185 0.602939 0 0
    39 -5.872803 63.394476 -2.505090 -0.994878 0.100442 0.011383 0 0
  phy
    39 -15.228102 57.270714 -5.715842 0.316392 0.796603 0.515092 0 0
    39 -8.100818 61.397673 -7.207969 0.048325 -0.061019 0.996966 0 0
    39 -12.727082 55.618093 -7.783997 0.572683 0.142245 0.807342 0 0
  phy
    39 -12.939774 54.253447 -0.765778 0.262461 0.617803 -0.741238 0 0
    39 -10.438242 52.602147 -2.833551 0.290326 -0.202722 -0.935208 0 0
    39 -8.349733 59.800597 1.003356 0.298124 0.113718 -0.947729 0 0
  phy
    39 -6.650426 62.007259 0.242809 -0.123255 -0.149789 -0.981005 0 0
    39 -8.337037 63.701380 -0.999456 -0.717086 0.557284 -0.418595 0 0
    39 -10.735493 62.193050 -0.736017 0.482587 0.497255 -0.721005 0 0
  phy
    39 -8.349733 59.800597 1.003356 0.298124 0.113718 -0.947729 0 0
    39 -6.650426 62.007259 0.242809 -0.123255 -0.149789 -0.981005 0 0
    39 -10.735493 62.193050 -0.736017 0.482587 0.497255 -0.721005 0 0
  phy
    39 -8.337037 63.701380 -0.999456 -0.717086 0.557284 -0.418595 0 0
    39 -6.650426 62.007259 0.242809 -0.123255 -0.149789 -0.981005 0 0
    39 -5.872803 63.394476 -2.505090 -0.994878 0.100442 0.011383 0 0
  phy
    39 -6.472922 63.146162 -5.612858 -0.715349 -0.353185 0.602939 0 0
    39 -8.248288 64.270833 -3.927291 -0.790418 0.201115 0.578612 0 0
    39 -5.872803 63.394476 -2.505090 -0.994878 0.100442 0.011383 0 0
  phy
    39 -5.715069 59.005159 -5.468293 -0.207779 -0.939955 0.270764 0 0
    39 -8.100818 61.397673 -7.207969 0.048325 -0.061019 0.996966 0 0
    39 -6.472922 63.146162 -5.612858 -0.715349 -0.353185 0.602939 0 0
  phy
    39 -8.248288 64.270833 -3.927291 -0.790418 0.201115 0.578612 0 0
    39 -8.337037 63.701380 -0.999456 -0.717086 0.557284 -0.418595 0 0
    39 -5.872803 63.394476 -2.505090 -0.994878 0.100442 0.011383 0 0
  phy
    40 -21.828506 45.590855 -0.159616 0.571181 0.367116 0.734152 0 0
    40 -20.438367 44.795923 0.516506 0.664033 0.728120 0.170003 0 0
    40 -19.002687 46.534792 0.635067 0.337748 0.928370 0.155100 0 0
  phy
    40 -21.828506 45.590855 -0.159616 0.571181 0.367116 0.734152 0 0
    40 -19.002687 46.534792 0.635067 0.337748 0.928370 0.155100 0 0
    40 -21.031436 47.694902 -0.351658 0.241039 0.531871 0.811797 0 0
  phy
    40 -21.828506 45.590855 -0.159616 0.571181 0.367116 0.734152 0 0
    40 -21.031436 47.694902 -0.351658 0.241039 0.531871 0.811797 0 0
    40 -22.285477 45.289058 -1.809357 0.501521 -0.211518 0.838890 0 0
  phy
    40 -21.031436 47.694902 -0.351658 0.241039 0.531871 0.811797 0 0
    40 -21.698323 47.254503 -2.759275 0.273674 -0.412130 0.869052 0 0
    40 -22.285477 45.289058 -1.809357 0.501521 -0.211518 0.838890 0 0
  phy
    40 -22.285477 45.289058 -1.809357 0.501521 -0.211518 0.838890 0 0
    40 -21.451402 43.766199 -0.845766 0.999129 0.030658 -0.028291 0 0
    40 -21.828506 45.590855 -0.159616 0.571181 0.367116 0.734152 0 0
  phy
    40 -21.828506 45.590855 -0.159616 0.571181 0.367116 0.734152 0 0
    40 -21.451402 43.766199 -0.845766 0.999129 0.030658 -0.028291 0 0
    40 -20.438367 44.795923 0.516506 0.664033 0.728120 0.170003 0 0
  phy
    40 -21.352310 44.192333 -2.782976 0.796751 -0.411484 -0.442571 0 0
    40 -20.336484 45.653919 -4.180141 0.107275 -0.826851 -0.552096 0 0
    40 -19.962171 43.397398 -2.106852 0.294684 0.436482 -0.850085 0 0
  phy
    40 -20.336484 45.653919 -4.180141 0.107275 -0.826851 -0.552096 0 0
    40 -18.307741 44.493804 -3.193419 0.215402 -0.033068 -0.975965 0 0
    40 -19.962171 43.397398 -2.106852 0.294684 0.436482 -0.850085 0 0
  phy
    40 -19.505199 43.699191 -0.457111 0.507373 0.796683 -0.328435 0 0
    40 -19.962171 43.397398 -2.106852 0.294684 0.436482 -0.850085 0 0
    40 -17.640844 44.934237 -0.785814 0.342651 0.699432 -0.627204 0 0
  phy
    40 -17.640844 44.934237 -0.785814 0.342651 0.699432 -0.627204 0 0
    40 -19.962171 43.397398 -2.106852 0.294684 0.436482 -0.850085 0 0
    40 -18.307741 44.493804 -3.193419 0.215402 -0.033068 -0.975965 0 0
  phy
    40 -19.962171 43.397398 -2.106852 0.294684 0.436482 -0.850085 0 0
    40 -21.451402 43.766199 -0.845766 0.999129 0.030658 -0.028291 0 0
    40 -21.352310 44.192333 -2.782976 0.796751 -0.411484 -0.442571 0 0
  phy
    40 -19.505199 43.699191 -0.457111 0.507373 0.796683 -0.328435 0 0
    40 -21.451402 43.766199 -0.845766 0.999129 0.030658 -0.028291 0 0
    40 -19.962171 43.397398 -2.106852 0.294684 0.436482 -0.850085 0 0
  phy
    40 -17.957521 52.712873 -5.017579 0.203104 -0.593961 0.778434 0 0
    40 -15.082452 54.858971 -3.573362 -0.249389 -0.124728 0.960337 0 0
    40 -15.628669 54.498255 -5.545207 -0.247372 -0.822722 0.511796 0 0
  phy
    40 -17.957521 52.712873 -5.017579 0.203104 -0.593961 0.778434 0 0
    40 -17.190290 53.219540 -2.247699 -0.069229 0.388211 0.918967 0 0
    40 -15.082452 54.858971 -3.573362 -0.249389 -0.124728 0.960337 0 0
  phy
    40 -14.513304 53.187397 -6.708918 -0.629851 -0.731235 -0.261883 0 0
    40 -16.390754 50.871489 -6.652260 -0.154104 -0.984866 -0.079308 0 0
    40 -15.628669 54.498255 -5.545207 -0.247372 -0.822722 0.511796 0 0
  phy
    40 -16.390754 50.871489 -6.652260 -0.154104 -0.984866 -0.079308 0 0
    40 -17.957521 52.712873 -5.017579 0.203104 -0.593961 0.778434 0 0
    40 -15.628669 54.498255 -5.545207 -0.247372 -0.822722 0.511796 0 0
  phy
    40 -15.628669 54.498255 -5.545207 -0.247372 -0.822722 0.511796 0 0
    40 -15.082452 54.858971 -3.573362 -0.249389 -0.124728 0.960337 0 0
    40 -13.293167 54.430591 -5.085190 -0.998906 0.037627 -0.027754 0 0
  phy
    40 -14.513304 53.187397 -6.708918 -0.629851 -0.731235 -0.261883 0 0
    40 -15.628669 54.498255 -5.545207 -0.247372 -0.822722 0.511796 0 0
    40 -13.293167 54.430591 -5.085190 -0.998906 0.037627 -0.027754 0 0
  phy
    40 -17.190290 53.219540 -2.247699 -0.069229 0.388211 0.918967 0 0
    40 -21.031436 47.694902 -0.351658 0.241039 0.531871 0.811797 0 0
    40 -14.856292 51.884869 -1.112508 -0.079683 0.992932 0.087957 0 0
  phy
    40 -14.856292 51.884869 -1.112508 -0.079683 0.992932 0.087957 0 0
    40 -21.031436 47.694902 -0.351658 0.241039 0.531871 0.811797 0 0
    40 -19.002687 46.534792 0.635067 0.337748 0.928370 0.155100 0 0
  phy
    40 -17.190290 53.219540 -2.247699 -0.069229 0.388211 0.918967 0 0
    40 -21.698323 47.254503 -2.759275 0.273674 -0.412130 0.869052 0 0
    40 -21.031436 47.694902 -0.351658 0.241039 0.531871 0.811797 0 0
  phy
    40 -17.190290 53.219540 -2.247699 -0.069229 0.388211 0.918967 0 0
    40 -17.957521 52.712873 -5.017579 0.203104 -0.593961 0.778434 0 0
    40 -21.698323 47.254503 -2.759275 0.273674 -0.412130 0.869052 0 0
  phy
    40 -22.285477 45.289058 -1.809357 0.501521 -0.211518 0.838890 0 0
    40 -20.336484 45.653919 -4.180141 0.107275 -0.826851 -0.552096 0 0
    40 -21.352310 44.192333 -2.782976 0.796751 -0.411484 -0.442571 0 0
  phy
    40 -22.285477 45.289058 -1.809357 0.501521 -0.211518 0.838890 0 0
    40 -21.698323 47.254503 -2.759275 0.273674 -0.412130 0.869052 0 0
    40 -20.336484 45.653919 -4.180141 0.107275 -0.826851 -0.552096 0 0
  phy
    40 -21.352310 44.192333 -2.782976 0.796751 -0.411484 -0.442571 0 0
    40 -21.451402 43.766199 -0.845766 0.999129 0.030658 -0.028291 0 0
    40 -22.285477 45.289058 -1.809357 0.501521 -0.211518 0.838890 0 0
  phy
    40 -20.438367 44.795923 0.516506 0.664033 0.728120 0.170003 0 0
    40 -19.505199 43.699191 -0.457111 0.507373 0.796683 -0.328435 0 0
    40 -19.002687 46.534792 0.635067 0.337748 0.928370 0.155100 0 0
  phy
    40 -19.002687 46.534792 0.635067 0.337748 0.928370 0.155100 0 0
    40 -19.505199 43.699191 -0.457111 0.507373 0.796683 -0.328435 0 0
    40 -17.640844 44.934237 -0.785814 0.342651 0.699432 -0.627204 0 0
  phy
    40 -20.438367 44.795923 0.516506 0.664033 0.728120 0.170003 0 0
    40 -21.451402 43.766199 -0.845766 0.999129 0.030658 -0.028291 0 0
    40 -19.505199 43.699191 -0.457111 0.507373 0.796683 -0.328435 0 0
  phy
    40 -12.851751 52.237254 -5.900787 -0.341578 -0.270272 -0.900154 0 0
    40 -16.390754 50.871489 -6.652260 -0.154104 -0.984866 -0.079308 0 0
    40 -14.513304 53.187397 -6.708918 -0.629851 -0.731235 -0.261883 0 0
  phy
    40 -12.851751 52.237254 -5.900787 -0.341578 -0.270272 -0.900154 0 0
    40 -14.056742 49.536813 -5.517067 0.060307 -0.498482 -0.864800 0 0
    40 -16.390754 50.871489 -6.652260 -0.154104 -0.984866 -0.079308 0 0
  phy
    40 -14.056742 49.536813 -5.517067 0.060307 -0.498482 -0.864800 0 0
    40 -12.851751 52.237254 -5.900787 -0.341578 -0.270272 -0.900154 0 0
    40 -12.305558 52.597972 -3.928943 -0.424540 0.569038 -0.704245 0 0
  phy
    40 -14.056742 49.536813 -5.517067 0.060307 -0.498482 -0.864800 0 0
    40 -12.305558 52.597972 -3.928943 -0.424540 0.569038 -0.704245 0 0
    40 -13.289500 50.043516 -2.747200 -0.092897 0.458805 -0.883667 0 0
  phy
    40 -18.307741 44.493804 -3.193419 0.215402 -0.033068 -0.975965 0 0
    40 -14.056742 49.536813 -5.517067 0.060307 -0.498482 -0.864800 0 0
    40 -17.640844 44.934237 -0.785814 0.342651 0.699432 -0.627204 0 0
  phy
    40 -17.640844 44.934237 -0.785814 0.342651 0.699432 -0.627204 0 0
    40 -14.056742 49.536813 -5.517067 0.060307 -0.498482 -0.864800 0 0
    40 -13.289500 50.043516 -2.747200 -0.092897 0.458805 -0.883667 0 0
  phy
    40 -18.307741 44.493804 -3.193419 0.215402 -0.033068 -0.975965 0 0
    40 -20.336484 45.653919 -4.180141 0.107275 -0.826851 -0.552096 0 0
    40 -14.056742 49.536813 -5.517067 0.060307 -0.498482 -0.864800 0 0
  phy
    40 -20.336484 45.653919 -4.180141 0.107275 -0.826851 -0.552096 0 0
    40 -16.390754 50.871489 -6.652260 -0.154104 -0.984866 -0.079308 0 0
    40 -14.056742 49.536813 -5.517067 0.060307 -0.498482 -0.864800 0 0
  phy
    40 -15.082452 54.858971 -3.573362 -0.249389 -0.124728 0.960337 0 0
    40 -17.190290 53.219540 -2.247699 -0.069229 0.388211 0.918967 0 0
    40 -13.420937 53.908840 -2.765238 -0.518082 0.817473 0.251653 0 0
  phy
    40 -13.420937 53.908840 -2.765238 -0.518082 0.817473 0.251653 0 0
    40 -17.190290 53.219540 -2.247699 -0.069229 0.388211 0.918967 0 0
    40 -14.856292 51.884869 -1.112508 -0.079683 0.992932 0.087957 0 0
  phy
    40 -15.082452 54.858971 -3.573362 -0.249389 -0.124728 0.960337 0 0
    40 -13.420937 53.908840 -2.765238 -0.518082 0.817473 0.251653 0 0
    40 -13.293167 54.430591 -5.085190 -0.998906 0.037627 -0.027754 0 0
  phy
    40 -19.002687 46.534792 0.635067 0.337748 0.928370 0.155100 0 0
    40 -17.640844 44.934237 -0.785814 0.342651 0.699432 -0.627204 0 0
    40 -14.856292 51.884869 -1.112508 -0.079683 0.992932 0.087957 0 0
  phy
    40 -14.856292 51.884869 -1.112508 -0.079683 0.992932 0.087957 0 0
    40 -17.640844 44.934237 -0.785814 0.342651 0.699432 -0.627204 0 0
    40 -13.289500 50.043516 -2.747200 -0.092897 0.458805 -0.883667 0 0
  phy
    40 -20.336484 45.653919 -4.180141 0.107275 -0.826851 -0.552096 0 0
    40 -21.698323 47.254503 -2.759275 0.273674 -0.412130 0.869052 0 0
    40 -16.390754 50.871489 -6.652260 -0.154104 -0.984866 -0.079308 0 0
  phy
    40 -21.698323 47.254503 -2.759275 0.273674 -0.412130 0.869052 0 0
    40 -17.957521 52.712873 -5.017579 0.203104 -0.593961 0.778434 0 0
    40 -16.390754 50.871489 -6.652260 -0.154104 -0.984866 -0.079308 0 0
  phy
    40 -13.420937 53.908840 -2.765238 -0.518082 0.817473 0.251653 0 0
    40 -14.856292 51.884869 -1.112508 -0.079683 0.992932 0.087957 0 0
    40 -12.305558 52.597972 -3.928943 -0.424540 0.569038 -0.704245 0 0
  phy
    40 -12.305558 52.597972 -3.928943 -0.424540 0.569038 -0.704245 0 0
    40 -14.856292 51.884869 -1.112508 -0.079683 0.992932 0.087957 0 0
    40 -13.289500 50.043516 -2.747200 -0.092897 0.458805 -0.883667 0 0
  phy
    40 -13.420937 53.908840 -2.765238 -0.518082 0.817473 0.251653 0 0
    40 -12.305558 52.597972 -3.928943 -0.424540 0.569038 -0.704245 0 0
    40 -13.293167 54.430591 -5.085190 -0.998906 0.037627 -0.027754 0 0
  phy
    40 -12.305558 52.597972 -3.928943 -0.424540 0.569038 -0.704245 0 0
    40 -12.851751 52.237254 -5.900787 -0.341578 -0.270272 -0.900154 0 0
    40 -13.293167 54.430591 -5.085190 -0.998906 0.037627 -0.027754 0 0
  phy
    40 -12.851751 52.237254 -5.900787 -0.341578 -0.270272 -0.900154 0 0
    40 -14.513304 53.187397 -6.708918 -0.629851 -0.731235 -0.261883 0 0
    40 -13.293167 54.430591 -5.085190 -0.998906 0.037627 -0.027754 0 0
  phy
    11 16.095981 54.298544 -3.245272 0.672987 0.460151 0.579094 0 0
    11 16.022706 54.768831 -5.663375 0.429632 0.862131 -0.268599 0 0
    11 15.228105 57.270711 -5.715841 0.026600 0.982360 -0.185097 0 0
  phy
    11 16.095981 54.298544 -3.245272 0.672987 0.460151 0.579094 0 0
    11 15.228105 57.270711 -5.715841 0.026600 0.982360 -0.185097 0 0
    11 15.334399 56.588448 -2.206669 0.277477 0.701173 0.656782 0 0
  phy
    11 15.334399 56.588448 -2.206669 0.277477 0.701173 0.656782 0 0
    11 12.939738 54.253401 -0.765766 0.605792 0.135268 0.784040 0 0
    11 16.095981 54.298544 -3.245272 0.672987 0.460151 0.579094 0 0
  phy
    11 16.095981 54.298544 -3.245272 0.672987 0.460151 0.579094 0 0
    11 12.939738 54.253401 -0.765766 0.605792 0.135268 0.784040 0 0
    11 14.401702 52.653787 -2.257882 0.625035 -0.202044 0.753995 0 0
  phy
    11 16.095981 54.298544 -3.245272 0.672987 0.460151 0.579094 0 0
    11 14.910116 52.433246 -4.828054 0.999480 0.026198 -0.018775 0 0
    11 16.022706 54.768831 -5.663375 0.429632 0.862131 -0.268599 0 0
  phy
    11 14.401702 52.653787 -2.257882 0.625035 -0.202044 0.753995 0 0
    11 14.910116 52.433246 -4.828054 0.999480 0.026198 -0.018775 0 0
    11 16.095981 54.298544 -3.245272 0.672987 0.460151 0.579094 0 0
  phy
    11 12.634027 51.479734 -3.688559 0.913968 -0.254232 0.316272 0 0
    11 10.332128 53.284341 -6.342757 0.107808 0.484979 -0.867855 0 0
    11 12.560641 51.949966 -6.106622 0.465815 0.313576 -0.827458 0 0
  phy
    11 12.634027 51.479734 -3.688559 0.913968 -0.254232 0.316272 0 0
    11 10.438248 52.602142 -2.833545 0.751265 -0.086101 0.654360 0 0
    11 10.332128 53.284341 -6.342757 0.107808 0.484979 -0.867855 0 0
  phy
    11 10.438248 52.602142 -2.833545 0.751265 -0.086101 0.654360 0 0
    11 5.839521 58.206681 -1.362933 0.557640 0.139333 0.818306 0 0
    11 10.332128 53.284341 -6.342757 0.107808 0.484979 -0.867855 0 0
  phy
    11 5.839521 58.206681 -1.362933 0.557640 0.139333 0.818306 0 0
    11 5.715073 59.005154 -5.468289 -0.305707 -0.341824 -0.888651 0 0
    11 10.332128 53.284341 -6.342757 0.107808 0.484979 -0.867855 0 0
  phy
    11 12.727035 55.618107 -7.783973 0.228816 0.628411 -0.743467 0 0
    11 10.332128 53.284341 -6.342757 0.107808 0.484979 -0.867855 0 0
    11 8.100817 61.397673 -7.207966 -0.265144 0.408826 -0.873247 0 0
  phy
    11 10.332128 53.284341 -6.342757 0.107808 0.484979 -0.867855 0 0
    11 5.715073 59.005154 -5.468289 -0.305707 -0.341824 -0.888651 0 0
    11 8.100817 61.397673 -7.207966 -0.265144 0.408826 -0.873247 0 0
  phy
    11 12.560641 51.949966 -6.106622 0.465815 0.313576 -0.827458 0 0
    11 10.332128 53.284341 -6.342757 0.107808 0.484979 -0.867855 0 0
    11 12.727035 55.618107 -7.783973 0.228816 0.628411 -0.743467 0 0
  phy
    11 14.255101 53.594415 -7.094125 0.463230 0.653134 -0.599028 0 0
    11 14.910116 52.433246 -4.828054 0.999480 0.026198 -0.018775 0 0
    11 12.560641 51.949966 -6.106622 0.465815 0.313576 -0.827458 0 0
  phy
    11 16.022706 54.768831 -5.663375 0.429632 0.862131 -0.268599 0 0
    11 14.910116 52.433246 -4.828054 0.999480 0.026198 -0.018775 0 0
    11 14.255101 53.594415 -7.094125 0.463230 0.653134 -0.599028 0 0
  phy
    11 14.255101 53.594415 -7.094125 0.463230 0.653134 -0.599028 0 0
    11 12.560641 51.949966 -6.106622 0.465815 0.313576 -0.827458 0 0
    11 12.727035 55.618107 -7.783973 0.228816 0.628411 -0.743467 0 0
  phy
    11 16.022706 54.768831 -5.663375 0.429632 0.862131 -0.268599 0 0
    11 14.255101 53.594415 -7.094125 0.463230 0.653134 -0.599028 0 0
    11 12.727035 55.618107 -7.783973 0.228816 0.628411 -0.743467 0 0
  phy
    11 15.334399 56.588448 -2.206669 0.277477 0.701173 0.656782 0 0
    11 15.228105 57.270711 -5.715841 0.026600 0.982360 -0.185097 0 0
    11 10.735498 62.193047 -0.736017 0.006802 0.837490 0.546410 0 0
  phy
    11 10.735498 62.193047 -0.736017 0.006802 0.837490 0.546410 0 0
    11 15.228105 57.270711 -5.715841 0.026600 0.982360 -0.185097 0 0
    11 10.610777 62.991672 -4.841267 -0.147065 0.919404 -0.364784 0 0
  phy
    11 15.334399 56.588448 -2.206669 0.277477 0.701173 0.656782 0 0
    11 8.349734 59.800601 1.003361 0.332335 -0.145084 0.931936 0 0
    11 12.939738 54.253401 -0.765766 0.605792 0.135268 0.784040 0 0
  phy
    11 15.334399 56.588448 -2.206669 0.277477 0.701173 0.656782 0 0
    11 10.735498 62.193047 -0.736017 0.006802 0.837490 0.546410 0 0
    11 8.349734 59.800601 1.003361 0.332335 -0.145084 0.931936 0 0
  phy
    11 12.560641 51.949966 -6.106622 0.465815 0.313576 -0.827458 0 0
    11 14.910116 52.433246 -4.828054 0.999480 0.026198 -0.018775 0 0
    11 12.634027 51.479734 -3.688559 0.913968 -0.254232 0.316272 0 0
  phy
    11 4.875066 60.882588 -1.442753 -0.475883 -0.442670 0.759986 0 0
    11 4.786314 61.452039 -4.370588 -0.532352 -0.083390 -0.842406 0 0
    11 5.839521 58.206681 -1.362933 0.557640 0.139333 0.818306 0 0
  phy
    11 4.786314 61.452039 -4.370588 -0.532352 -0.083390 -0.842406 0 0
    11 5.715073 59.005154 -5.468289 -0.305707 -0.341824 -0.888651 0 0
    11 5.839521 58.206681 -1.362933 0.557640 0.139333 0.818306 0 0
  phy
    11 4.786314 61.452039 -4.370588 -0.532352 -0.083390 -0.842406 0 0
    11 4.875066 60.882588 -1.442753 -0.475883 -0.442670 0.759986 0 0
    11 5.872808 63.394472 -2.505089 -0.999008 -0.043375 0.010045 0 0
  phy
    11 4.875066 60.882588 -1.442753 -0.475883 -0.442670 0.759986 0 0
    11 6.650432 62.007257 0.242813 0.158684 -0.706656 0.689533 0 0
    11 5.872808 63.394472 -2.505089 -0.999008 -0.043375 0.010045 0 0
  phy
    11 5.839521 58.206681 -1.362933 0.557640 0.139333 0.818306 0 0
    11 6.650432 62.007257 0.242813 0.158684 -0.706656 0.689533 0 0
    11 4.875066 60.882588 -1.442753 -0.475883 -0.442670 0.759986 0 0
  phy
    11 15.228105 57.270711 -5.715841 0.026600 0.982360 -0.185097 0 0
    11 16.022706 54.768831 -5.663375 0.429632 0.862131 -0.268599 0 0
    11 12.727035 55.618107 -7.783973 0.228816 0.628411 -0.743467 0 0
  phy
    11 8.337042 63.701377 -0.999455 -0.544020 0.105969 0.832354 0 0
    11 10.735498 62.193047 -0.736017 0.006802 0.837490 0.546410 0 0
    11 8.248293 64.270828 -3.927290 -0.419668 0.885570 -0.199109 0 0
  phy
    11 8.248293 64.270828 -3.927290 -0.419668 0.885570 -0.199109 0 0
    11 10.735498 62.193047 -0.736017 0.006802 0.837490 0.546410 0 0
    11 10.610777 62.991672 -4.841267 -0.147065 0.919404 -0.364784 0 0
  phy
    11 10.610777 62.991672 -4.841267 -0.147065 0.919404 -0.364784 0 0
    11 6.472927 63.146157 -5.612856 -0.311212 0.285717 -0.906373 0 0
    11 8.248293 64.270828 -3.927290 -0.419668 0.885570 -0.199109 0 0
  phy
    11 6.472927 63.146157 -5.612856 -0.311212 0.285717 -0.906373 0 0
    11 10.610777 62.991672 -4.841267 -0.147065 0.919404 -0.364784 0 0
    11 8.100817 61.397673 -7.207966 -0.265144 0.408826 -0.873247 0 0
  phy
    11 10.610777 62.991672 -4.841267 -0.147065 0.919404 -0.364784 0 0
    11 15.228105 57.270711 -5.715841 0.026600 0.982360 -0.185097 0 0
    11 8.100817 61.397673 -7.207966 -0.265144 0.408826 -0.873247 0 0
  phy
    11 12.634027 51.479734 -3.688559 0.913968 -0.254232 0.316272 0 0
    11 14.910116 52.433246 -4.828054 0.999480 0.026198 -0.018775 0 0
    11 14.401702 52.653787 -2.257882 0.625035 -0.202044 0.753995 0 0
  phy
    11 12.634027 51.479734 -3.688559 0.913968 -0.254232 0.316272 0 0
    11 12.939738 54.253401 -0.765766 0.605792 0.135268 0.784040 0 0
    11 10.438248 52.602142 -2.833545 0.751265 -0.086101 0.654360 0 0
  phy
    11 14.401702 52.653787 -2.257882 0.625035 -0.202044 0.753995 0 0
    11 12.939738 54.253401 -0.765766 0.605792 0.135268 0.784040 0 0
    11 12.634027 51.479734 -3.688559 0.913968 -0.254232 0.316272 0 0
  phy
    11 10.438248 52.602142 -2.833545 0.751265 -0.086101 0.654360 0 0
    11 8.349734 59.800601 1.003361 0.332335 -0.145084 0.931936 0 0
    11 5.839521 58.206681 -1.362933 0.557640 0.139333 0.818306 0 0
  phy
    11 5.839521 58.206681 -1.362933 0.557640 0.139333 0.818306 0 0
    11 8.349734 59.800601 1.003361 0.332335 -0.145084 0.931936 0 0
    11 6.650432 62.007257 0.242813 0.158684 -0.706656 0.689533 0 0
  phy
    11 4.786314 61.452039 -4.370588 -0.532352 -0.083390 -0.842406 0 0
    11 6.472927 63.146157 -5.612856 -0.311212 0.285717 -0.906373 0 0
    11 5.715073 59.005154 -5.468289 -0.305707 -0.341824 -0.888651 0 0
  phy
    11 6.472927 63.146157 -5.612856 -0.311212 0.285717 -0.906373 0 0
    11 4.786314 61.452039 -4.370588 -0.532352 -0.083390 -0.842406 0 0
    11 5.872808 63.394472 -2.505089 -0.999008 -0.043375 0.010045 0 0
  phy
    11 15.228105 57.270711 -5.715841 0.026600 0.982360 -0.185097 0 0
    11 12.727035 55.618107 -7.783973 0.228816 0.628411 -0.743467 0 0
    11 8.100817 61.397673 -7.207966 -0.265144 0.408826 -0.873247 0 0
  phy
    11 12.939738 54.253401 -0.765766 0.605792 0.135268 0.784040 0 0
    11 8.349734 59.800601 1.003361 0.332335 -0.145084 0.931936 0 0
    11 10.438248 52.602142 -2.833545 0.751265 -0.086101 0.654360 0 0
  phy
    11 6.650432 62.007257 0.242813 0.158684 -0.706656 0.689533 0 0
    11 10.735498 62.193047 -0.736017 0.006802 0.837490 0.546410 0 0
    11 8.337042 63.701377 -0.999455 -0.544020 0.105969 0.832354 0 0
  phy
    11 8.349734 59.800601 1.003361 0.332335 -0.145084 0.931936 0 0
    11 10.735498 62.193047 -0.736017 0.006802 0.837490 0.546410 0 0
    11 6.650432 62.007257 0.242813 0.158684 -0.706656 0.689533 0 0
  phy
    11 6.650432 62.007257 0.242813 0.158684 -0.706656 0.689533 0 0
    11 8.337042 63.701377 -0.999455 -0.544020 0.105969 0.832354 0 0
    11 5.872808 63.394472 -2.505089 -0.999008 -0.043375 0.010045 0 0
  phy
    11 8.248293 64.270828 -3.927290 -0.419668 0.885570 -0.199109 0 0
    11 6.472927 63.146157 -5.612856 -0.311212 0.285717 -0.906373 0 0
    11 5.872808 63.394472 -2.505089 -0.999008 -0.043375 0.010045 0 0
  phy
    11 5.715073 59.005154 -5.468289 -0.305707 -0.341824 -0.888651 0 0
    11 6.472927 63.146157 -5.612856 -0.311212 0.285717 -0.906373 0 0
    11 8.100817 61.397673 -7.207966 -0.265144 0.408826 -0.873247 0 0
  phy
    11 8.337042 63.701377 -0.999455 -0.544020 0.105969 0.832354 0 0
    11 8.248293 64.270828 -3.927290 -0.419668 0.885570 -0.199109 0 0
    11 5.872808 63.394472 -2.505089 -0.999008 -0.043375 0.010045 0 0
  phy
    12 14.513300 53.187389 -6.708916 -0.502956 0.221988 -0.835318 0 0
    12 15.628666 54.498248 -5.545206 -0.732497 0.168904 -0.659485 0 0
    12 16.390751 50.871481 -6.652258 0.022781 -0.279954 -0.959743 0 0
  phy
    12 16.390751 50.871481 -6.652258 0.022781 -0.279954 -0.959743 0 0
    12 15.628666 54.498248 -5.545206 -0.732497 0.168904 -0.659485 0 0
    12 17.957518 52.712867 -5.017578 0.072130 0.759699 -0.646263 0 0
  phy
    12 15.628666 54.498248 -5.545206 -0.732497 0.168904 -0.659485 0 0
    12 15.082450 54.858965 -3.573361 -0.233796 -0.367052 0.900340 0 0
    12 17.190287 53.219535 -2.247697 -0.120982 0.740052 0.661579 0 0
  phy
    12 15.628666 54.498248 -5.545206 -0.732497 0.168904 -0.659485 0 0
    12 17.190287 53.219535 -2.247697 -0.120982 0.740052 0.661579 0 0
    12 17.957518 52.712867 -5.017578 0.072130 0.759699 -0.646263 0 0
  phy
    12 15.082450 54.858965 -3.573361 -0.233796 -0.367052 0.900340 0 0
    12 15.628666 54.498248 -5.545206 -0.732497 0.168904 -0.659485 0 0
    12 13.293163 54.430583 -5.085188 -0.996854 -0.071096 -0.035032 0 0
  phy
    12 15.628666 54.498248 -5.545206 -0.732497 0.168904 -0.659485 0 0
    12 14.513300 53.187389 -6.708916 -0.502956 0.221988 -0.835318 0 0
    12 13.293163 54.430583 -5.085188 -0.996854 -0.071096 -0.035032 0 0
  phy
    12 21.828503 45.590852 -0.159612 0.434866 0.491814 0.754328 0 0
    12 19.002689 46.534786 0.635072 0.216584 0.481464 0.849285 0 0
    12 20.438363 44.795921 0.516511 0.488355 -0.214067 0.845982 0 0
  phy
    12 21.828503 45.590852 -0.159612 0.434866 0.491814 0.754328 0 0
    12 21.031434 47.694898 -0.351653 0.130306 0.833984 0.536182 0 0
    12 19.002689 46.534786 0.635072 0.216584 0.481464 0.849285 0 0
  phy
    12 21.828503 45.590852 -0.159612 0.434866 0.491814 0.754328 0 0
    12 22.285476 45.289053 -1.809353 0.553594 0.795843 -0.245293 0 0
    12 21.031434 47.694898 -0.351653 0.130306 0.833984 0.536182 0 0
  phy
    12 21.031434 47.694898 -0.351653 0.130306 0.833984 0.536182 0 0
    12 22.285476 45.289053 -1.809353 0.553594 0.795843 -0.245293 0 0
    12 21.698320 47.254497 -2.759273 0.434985 0.750743 -0.497165 0 0
  phy
    12 21.828503 45.590852 -0.159612 0.434866 0.491814 0.754328 0 0
    12 21.451399 43.766197 -0.845760 0.996734 -0.069534 -0.041076 0 0
    12 22.285476 45.289053 -1.809353 0.553594 0.795843 -0.245293 0 0
  phy
    12 20.438363 44.795921 0.516511 0.488355 -0.214067 0.845982 0 0
    12 21.451399 43.766197 -0.845760 0.996734 -0.069534 -0.041076 0 0
    12 21.828503 45.590852 -0.159612 0.434866 0.491814 0.754328 0 0
  phy
    12 19.505198 43.699186 -0.457106 0.706731 0.241821 0.664871 0 0
    12 17.640843 44.934232 -0.785809 -0.069264 0.878136 0.473371 0 0
    12 19.962169 43.397391 -2.106847 0.307290 0.679162 -0.666567 0 0
  phy
    12 17.640843 44.934232 -0.785809 -0.069264 0.878136 0.473371 0 0
    12 18.307739 44.493798 -3.193413 -0.133425 0.861190 -0.490458 0 0
    12 19.962169 43.397391 -2.106847 0.307290 0.679162 -0.666567 0 0
  phy
    12 21.352308 44.192326 -2.782971 0.456885 0.622848 -0.635073 0 0
    12 19.962169 43.397391 -2.106847 0.307290 0.679162 -0.666567 0 0
    12 20.336483 45.653911 -4.180136 0.383384 0.170995 -0.907622 0 0
  phy
    12 20.336483 45.653911 -4.180136 0.383384 0.170995 -0.907622 0 0
    12 19.962169 43.397391 -2.106847 0.307290 0.679162 -0.666567 0 0
    12 18.307739 44.493798 -3.193413 -0.133425 0.861190 -0.490458 0 0
  phy
    12 21.352308 44.192326 -2.782971 0.456885 0.622848 -0.635073 0 0
    12 21.451399 43.766197 -0.845760 0.996734 -0.069534 -0.041076 0 0
    12 19.962169 43.397391 -2.106847 0.307290 0.679162 -0.666567 0 0
  phy
    12 19.962169 43.397391 -2.106847 0.307290 0.679162 -0.666567 0 0
    12 21.451399 43.766197 -0.845760 0.996734 -0.069534 -0.041076 0 0
    12 19.505198 43.699186 -0.457106 0.706731 0.241821 0.664871 0 0
  phy
    12 12.851749 52.237247 -5.900783 -0.429927 -0.465728 -0.773473 0 0
    12 14.513300 53.187389 -6.708916 -0.502956 0.221988 -0.835318 0 0
    12 16.390751 50.871481 -6.652258 0.022781 -0.279954 -0.959743 0 0
  phy
    12 12.851749 52.237247 -5.900783 -0.429927 -0.465728 -0.773473 0 0
    12 16.390751 50.871481 -6.652258 0.022781 -0.279954 -0.959743 0 0
    12 14.056739 49.536807 -5.517063 -0.093529 -0.591630 -0.800766 0 0
  phy
    12 17.640843 44.934232 -0.785809 -0.069264 0.878136 0.473371 0 0
    12 13.289494 50.043514 -2.747198 -0.509077 0.576690 0.638960 0 0
    12 18.307739 44.493798 -3.193413 -0.133425 0.861190 -0.490458 0 0
  phy
    12 13.289494 50.043514 -2.747198 -0.509077 0.576690 0.638960 0 0
    12 14.056739 49.536807 -5.517063 -0.093529 -0.591630 -0.800766 0 0
    12 18.307739 44.493798 -3.193413 -0.133425 0.861190 -0.490458 0 0
  phy
    12 18.307739 44.493798 -3.193413 -0.133425 0.861190 -0.490458 0 0
    12 14.056739 49.536807 -5.517063 -0.093529 -0.591630 -0.800766 0 0
    12 20.336483 45.653911 -4.180136 0.383384 0.170995 -0.907622 0 0
  phy
    12 20.336483 45.653911 -4.180136 0.383384 0.170995 -0.907622 0 0
    12 14.056739 49.536807 -5.517063 -0.093529 -0.591630 -0.800766 0 0
    12 16.390751 50.871481 -6.652258 0.022781 -0.279954 -0.959743 0 0
  phy
    12 14.056739 49.536807 -5.517063 -0.093529 -0.591630 -0.800766 0 0
    12 12.305555 52.597965 -3.928940 -0.694433 -0.648366 0.312064 0 0
    12 12.851749 52.237247 -5.900783 -0.429927 -0.465728 -0.773473 0 0
  phy
    12 14.056739 49.536807 -5.517063 -0.093529 -0.591630 -0.800766 0 0
    12 13.289494 50.043514 -2.747198 -0.509077 0.576690 0.638960 0 0
    12 12.305555 52.597965 -3.928940 -0.694433 -0.648366 0.312064 0 0
  phy
    12 22.285476 45.289053 -1.809353 0.553594 0.795843 -0.245293 0 0
    12 21.352308 44.192326 -2.782971 0.456885 0.622848 -0.635073 0 0
    12 20.336483 45.653911 -4.180136 0.383384 0.170995 -0.907622 0 0
  phy
    12 22.285476 45.289053 -1.809353 0.553594 0.795843 -0.245293 0 0
    12 20.336483 45.653911 -4.180136 0.383384 0.170995 -0.907622 0 0
    12 21.698320 47.254497 -2.759273 0.434985 0.750743 -0.497165 0 0
  phy
    12 22.285476 45.289053 -1.809353 0.553594 0.795843 -0.245293 0 0
    12 21.451399 43.766197 -0.845760 0.996734 -0.069534 -0.041076 0 0
    12 21.352308 44.192326 -2.782971 0.456885 0.622848 -0.635073 0 0
  phy
    12 15.082450 54.858965 -3.573361 -0.233796 -0.367052 0.900340 0 0
    12 13.420934 53.908834 -2.765235 -0.474070 -0.066390 0.877980 0 0
    12 17.190287 53.219535 -2.247697 -0.120982 0.740052 0.661579 0 0
  phy
    12 13.420934 53.908834 -2.765235 -0.474070 -0.066390 0.877980 0 0
    12 14.856288 51.884864 -1.112505 -0.324474 0.375271 0.868267 0 0
    12 17.190287 53.219535 -2.247697 -0.120982 0.740052 0.661579 0 0
  phy
    12 13.420934 53.908834 -2.765235 -0.474070 -0.066390 0.877980 0 0
    12 15.082450 54.858965 -3.573361 -0.233796 -0.367052 0.900340 0 0
    12 13.293163 54.430583 -5.085188 -0.996854 -0.071096 -0.035032 0 0
  phy
    12 17.190287 53.219535 -2.247697 -0.120982 0.740052 0.661579 0 0
    12 14.856288 51.884864 -1.112505 -0.324474 0.375271 0.868267 0 0
    12 21.031434 47.694898 -0.351653 0.130306 0.833984 0.536182 0 0
  phy
    12 14.856288 51.884864 -1.112505 -0.324474 0.375271 0.868267 0 0
    12 19.002689 46.534786 0.635072 0.216584 0.481464 0.849285 0 0
    12 21.031434 47.694898 -0.351653 0.130306 0.833984 0.536182 0 0
  phy
    12 17.190287 53.219535 -2.247697 -0.120982 0.740052 0.661579 0 0
    12 21.031434 47.694898 -0.351653 0.130306 0.833984 0.536182 0 0
    12 21.698320 47.254497 -2.759273 0.434985 0.750743 -0.497165 0 0
  phy
    12 17.190287 53.219535 -2.247697 -0.120982 0.740052 0.661579 0 0
    12 21.698320 47.254497 -2.759273 0.434985 0.750743 -0.497165 0 0
    12 17.957518 52.712867 -5.017578 0.072130 0.759699 -0.646263 0 0
  phy
    12 20.438363 44.795921 0.516511 0.488355 -0.214067 0.845982 0 0
    12 19.002689 46.534786 0.635072 0.216584 0.481464 0.849285 0 0
    12 19.505198 43.699186 -0.457106 0.706731 0.241821 0.664871 0 0
  phy
    12 19.002689 46.534786 0.635072 0.216584 0.481464 0.849285 0 0
    12 17.640843 44.934232 -0.785809 -0.069264 0.878136 0.473371 0 0
    12 19.505198 43.699186 -0.457106 0.706731 0.241821 0.664871 0 0
  phy
    12 19.505198 43.699186 -0.457106 0.706731 0.241821 0.664871 0 0
    12 21.451399 43.766197 -0.845760 0.996734 -0.069534 -0.041076 0 0
    12 20.438363 44.795921 0.516511 0.488355 -0.214067 0.845982 0 0
  phy
    12 19.002689 46.534786 0.635072 0.216584 0.481464 0.849285 0 0
    12 14.856288 51.884864 -1.112505 -0.324474 0.375271 0.868267 0 0
    12 17.640843 44.934232 -0.785809 -0.069264 0.878136 0.473371 0 0
  phy
    12 14.856288 51.884864 -1.112505 -0.324474 0.375271 0.868267 0 0
    12 13.289494 50.043514 -2.747198 -0.509077 0.576690 0.638960 0 0
    12 17.640843 44.934232 -0.785809 -0.069264 0.878136 0.473371 0 0
  phy
    12 20.336483 45.653911 -4.180136 0.383384 0.170995 -0.907622 0 0
    12 16.390751 50.871481 -6.652258 0.022781 -0.279954 -0.959743 0 0
    12 21.698320 47.254497 -2.759273 0.434985 0.750743 -0.497165 0 0
  phy
    12 21.698320 47.254497 -2.759273 0.434985 0.750743 -0.497165 0 0
    12 16.390751 50.871481 -6.652258 0.022781 -0.279954 -0.959743 0 0
    12 17.957518 52.712867 -5.017578 0.072130 0.759699 -0.646263 0 0
  phy
    12 13.420934 53.908834 -2.765235 -0.474070 -0.066390 0.877980 0 0
    12 12.305555 52.597965 -3.928940 -0.694433 -0.648366 0.312064 0 0
    12 14.856288 51.884864 -1.112505 -0.324474 0.375271 0.868267 0 0
  phy
    12 12.305555 52.597965 -3.928940 -0.694433 -0.648366 0.312064 0 0
    12 13.289494 50.043514 -2.747198 -0.509077 0.576690 0.638960 0 0
    12 14.856288 51.884864 -1.112505 -0.324474 0.375271 0.868267 0 0
  phy
    12 12.305555 52.597965 -3.928940 -0.694433 -0.648366 0.312064 0 0
    12 13.420934 53.908834 -2.765235 -0.474070 -0.066390 0.877980 0 0
    12 13.293163 54.430583 -5.085188 -0.996854 -0.071096 -0.035032 0 0
  phy
    12 12.851749 52.237247 -5.900783 -0.429927 -0.465728 -0.773473 0 0
    12 12.305555 52.597965 -3.928940 -0.694433 -0.648366 0.312064 0 0
    12 13.293163 54.430583 -5.085188 -0.996854 -0.071096 -0.035032 0 0
  phy
    12 14.513300 53.187389 -6.708916 -0.502956 0.221988 -0.835318 0 0
    12 12.851749 52.237247 -5.900783 -0.429927 -0.465728 -0.773473 0 0
    12 13.293163 54.430583 -5.085188 -0.996854 -0.071096 -0.035032 0 0
  phy
    13 21.384627 45.249591 0.244531 -0.481554 0.289487 -0.827226 0 0
    13 19.992499 44.483410 0.779576 -0.743487 -0.215712 0.633006 0 0
    13 20.408307 43.012466 1.783700 0.143431 -0.626018 0.766504 0 0
  phy
    13 19.992499 44.483410 0.779576 -0.743487 -0.215712 0.633006 0 0
    13 19.173307 43.640198 -0.422847 -0.431640 -0.339471 0.835731 0 0
    13 20.408307 43.012466 1.783700 0.143431 -0.626018 0.766504 0 0
  phy
    13 19.992499 44.483410 0.779576 -0.743487 -0.215712 0.633006 0 0
    13 21.384627 45.249591 0.244531 -0.481554 0.289487 -0.827226 0 0
    13 20.309949 45.034797 -1.070949 -0.978227 0.185600 -0.092871 0 0
  phy
    13 19.173307 43.640198 -0.422847 -0.431640 -0.339471 0.835731 0 0
    13 19.992499 44.483410 0.779576 -0.743487 -0.215712 0.633006 0 0
    13 20.309949 45.034797 -1.070949 -0.978227 0.185600 -0.092871 0 0
  phy
    13 24.995547 37.967276 2.103389 0.716132 0.273170 -0.642288 0 0
    13 25.780734 37.863548 -0.247837 0.663511 -0.331918 -0.670509 0 0
    13 25.366086 39.675127 -0.839510 0.194562 -0.298685 -0.934309 0 0
  phy
    13 24.995547 37.967276 2.103389 0.716132 0.273170 -0.642288 0 0
    13 25.366086 39.675127 -0.839510 0.194562 -0.298685 -0.934309 0 0
    13 24.354599 39.809170 2.188937 0.434717 0.465971 -0.770644 0 0
  phy
    13 24.995547 37.967276 2.103389 0.716132 0.273170 -0.642288 0 0
    13 24.551711 36.391390 0.713861 0.791947 -0.610571 -0.004733 0 0
    13 25.780734 37.863548 -0.247837 0.663511 -0.331918 -0.670509 0 0
  phy
    13 23.398232 37.143283 2.916688 0.555039 0.811790 0.181462 0 0
    13 24.551711 36.391390 0.713861 0.791947 -0.610571 -0.004733 0 0
    13 24.995547 37.967276 2.103389 0.716132 0.273170 -0.642288 0 0
  phy
    13 24.995547 37.967276 2.103389 0.716132 0.273170 -0.642288 0 0
    13 24.354599 39.809170 2.188937 0.434717 0.465971 -0.770644 0 0
    13 23.398232 37.143283 2.916688 0.555039 0.811790 0.181462 0 0
  phy
    13 21.964097 45.172988 -1.490774 -0.494295 -0.028763 -0.868818 0 0
    13 21.384627 45.249591 0.244531 -0.481554 0.289487 -0.827226 0 0
    13 23.110026 43.922351 -1.453071 -0.039241 -0.075333 -0.996386 0 0
  phy
    13 23.110026 43.922351 -1.453071 -0.039241 -0.075333 -0.996386 0 0
    13 21.384627 45.249591 0.244531 -0.481554 0.289487 -0.827226 0 0
    13 22.290533 44.030685 1.001017 0.095418 0.159937 -0.982505 0 0
  phy
    13 21.384627 45.249591 0.244531 -0.481554 0.289487 -0.827226 0 0
    13 21.964097 45.172988 -1.490774 -0.494295 -0.028763 -0.868818 0 0
    13 20.309949 45.034797 -1.070949 -0.978227 0.185600 -0.092871 0 0
  phy
    13 21.384627 45.249591 0.244531 -0.481554 0.289487 -0.827226 0 0
    13 20.408307 43.012466 1.783700 0.143431 -0.626018 0.766504 0 0
    13 22.290533 44.030685 1.001017 0.095418 0.159937 -0.982505 0 0
  phy
    13 24.354599 39.809170 2.188937 0.434717 0.465971 -0.770644 0 0
    13 25.366086 39.675127 -0.839510 0.194562 -0.298685 -0.934309 0 0
    13 23.110026 43.922351 -1.453071 -0.039241 -0.075333 -0.996386 0 0
  phy
    13 24.354599 39.809170 2.188937 0.434717 0.465971 -0.770644 0 0
    13 23.110026 43.922351 -1.453071 -0.039241 -0.075333 -0.996386 0 0
    13 22.290533 44.030685 1.001017 0.095418 0.159937 -0.982505 0 0
  phy
    13 22.047287 42.795801 -3.124480 -0.269755 -0.715219 -0.644744 0 0
    13 23.110026 43.922351 -1.453071 -0.039241 -0.075333 -0.996386 0 0
    13 24.301631 38.466292 -2.827713 -0.232228 -0.829144 -0.508518 0 0
  phy
    13 23.110026 43.922351 -1.453071 -0.039241 -0.075333 -0.996386 0 0
    13 25.366086 39.675127 -0.839510 0.194562 -0.298685 -0.934309 0 0
    13 24.301631 38.466292 -2.827713 -0.232228 -0.829144 -0.508518 0 0
  phy
    13 21.964097 45.172988 -1.490774 -0.494295 -0.028763 -0.868818 0 0
    13 23.110026 43.922351 -1.453071 -0.039241 -0.075333 -0.996386 0 0
    13 22.047287 42.795801 -3.124480 -0.269755 -0.715219 -0.644744 0 0
  phy
    13 24.354599 39.809170 2.188937 0.434717 0.465971 -0.770644 0 0
    13 22.290533 44.030685 1.001017 0.095418 0.159937 -0.982505 0 0
    13 22.278946 38.733692 3.229498 0.576122 0.796705 0.182605 0 0
  phy
    13 23.398232 37.143283 2.916688 0.555039 0.811790 0.181462 0 0
    13 24.354599 39.809170 2.188937 0.434717 0.465971 -0.770644 0 0
    13 22.278946 38.733692 3.229498 0.576122 0.796705 0.182605 0 0
  phy
    13 19.752777 43.563594 -2.158151 -0.692873 -0.435716 0.574525 0 0
    13 19.342517 41.885762 0.111275 -0.437050 0.086672 0.895252 0 0
    13 19.173307 43.640198 -0.422847 -0.431640 -0.339471 0.835731 0 0
  phy
    13 19.752777 43.563594 -2.158151 -0.692873 -0.435716 0.574525 0 0
    13 20.162012 41.777423 -2.342815 -0.700599 -0.424638 0.573450 0 0
    13 19.342517 41.885762 0.111275 -0.437050 0.086672 0.895252 0 0
  phy
    13 20.408307 43.012466 1.783700 0.143431 -0.626018 0.766504 0 0
    13 19.173307 43.640198 -0.422847 -0.431640 -0.339471 0.835731 0 0
    13 19.342517 41.885762 0.111275 -0.437050 0.086672 0.895252 0 0
  phy
    13 19.752777 43.563594 -2.158151 -0.692873 -0.435716 0.574525 0 0
    13 19.173307 43.640198 -0.422847 -0.431640 -0.339471 0.835731 0 0
    13 20.309949 45.034797 -1.070949 -0.978227 0.185600 -0.092871 0 0
  phy
    13 22.585771 36.214610 1.376070 -0.062894 -0.022939 0.997757 0 0
    13 21.216831 37.526853 1.241898 0.059212 0.532354 0.844448 0 0
    13 23.370846 36.110800 -0.975207 0.253936 -0.418826 0.871838 0 0
  phy
    13 21.216831 37.526853 1.241898 0.059212 0.532354 0.844448 0 0
    13 22.228249 37.392928 -1.786581 -0.664066 0.081872 0.743178 0 0
    13 23.370846 36.110800 -0.975207 0.253936 -0.418826 0.871838 0 0
  phy
    13 23.370846 36.110800 -0.975207 0.253936 -0.418826 0.871838 0 0
    13 24.551711 36.391390 0.713861 0.791947 -0.610571 -0.004733 0 0
    13 22.585771 36.214610 1.376070 -0.062894 -0.022939 0.997757 0 0
  phy
    13 24.969311 36.935587 -1.788134 0.305139 -0.933294 -0.189345 0 0
    13 24.551711 36.391390 0.713861 0.791947 -0.610571 -0.004733 0 0
    13 23.370846 36.110800 -0.975207 0.253936 -0.418826 0.871838 0 0
  phy
    13 22.228249 37.392928 -1.786581 -0.664066 0.081872 0.743178 0 0
    13 24.969311 36.935587 -1.788134 0.305139 -0.933294 -0.189345 0 0
    13 23.370846 36.110800 -0.975207 0.253936 -0.418826 0.871838 0 0
  phy
    13 20.408307 43.012466 1.783700 0.143431 -0.626018 0.766504 0 0
    13 19.342517 41.885762 0.111275 -0.437050 0.086672 0.895252 0 0
    13 22.278946 38.733692 3.229498 0.576122 0.796705 0.182605 0 0
  phy
    13 22.290533 44.030685 1.001017 0.095418 0.159937 -0.982505 0 0
    13 20.408307 43.012466 1.783700 0.143431 -0.626018 0.766504 0 0
    13 22.278946 38.733692 3.229498 0.576122 0.796705 0.182605 0 0
  phy
    13 21.964097 45.172988 -1.490774 -0.494295 -0.028763 -0.868818 0 0
    13 22.047287 42.795801 -3.124480 -0.269755 -0.715219 -0.644744 0 0
    13 21.151440 44.330199 -2.691033 -0.752255 0.083317 -0.653583 0 0
  phy
    13 21.964097 45.172988 -1.490774 -0.494295 -0.028763 -0.868818 0 0
    13 21.151440 44.330199 -2.691033 -0.752255 0.083317 -0.653583 0 0
    13 20.309949 45.034797 -1.070949 -0.978227 0.185600 -0.092871 0 0
  phy
    13 25.780734 37.863548 -0.247837 0.663511 -0.331918 -0.670509 0 0
    13 24.969311 36.935587 -1.788134 0.305139 -0.933294 -0.189345 0 0
    13 25.366086 39.675127 -0.839510 0.194562 -0.298685 -0.934309 0 0
  phy
    13 25.780734 37.863548 -0.247837 0.663511 -0.331918 -0.670509 0 0
    13 24.551711 36.391390 0.713861 0.791947 -0.610571 -0.004733 0 0
    13 24.969311 36.935587 -1.788134 0.305139 -0.933294 -0.189345 0 0
  phy
    13 19.752777 43.563594 -2.158151 -0.692873 -0.435716 0.574525 0 0
    13 21.151440 44.330199 -2.691033 -0.752255 0.083317 -0.653583 0 0
    13 22.047287 42.795801 -3.124480 -0.269755 -0.715219 -0.644744 0 0
  phy
    13 22.047287 42.795801 -3.124480 -0.269755 -0.715219 -0.644744 0 0
    13 20.162012 41.777423 -2.342815 -0.700599 -0.424638 0.573450 0 0
    13 19.752777 43.563594 -2.158151 -0.692873 -0.435716 0.574525 0 0
  phy
    13 21.151440 44.330199 -2.691033 -0.752255 0.083317 -0.653583 0 0
    13 19.752777 43.563594 -2.158151 -0.692873 -0.435716 0.574525 0 0
    13 20.309949 45.034797 -1.070949 -0.978227 0.185600 -0.092871 0 0
  phy
    13 22.047287 42.795801 -3.124480 -0.269755 -0.715219 -0.644744 0 0
    13 24.301631 38.466292 -2.827713 -0.232228 -0.829144 -0.508518 0 0
    13 20.162012 41.777423 -2.342815 -0.700599 -0.424638 0.573450 0 0
  phy
    13 23.398232 37.143283 2.916688 0.555039 0.811790 0.181462 0 0
    13 21.216831 37.526853 1.241898 0.059212 0.532354 0.844448 0 0
    13 22.585771 36.214610 1.376070 -0.062894 -0.022939 0.997757 0 0
  phy
    13 22.585771 36.214610 1.376070 -0.062894 -0.022939 0.997757 0 0
    13 24.551711 36.391390 0.713861 0.791947 -0.610571 -0.004733 0 0
    13 23.398232 37.143283 2.916688 0.555039 0.811790 0.181462 0 0
  phy
    13 19.342517 41.885762 0.111275 -0.437050 0.086672 0.895252 0 0
    13 20.162012 41.777423 -2.342815 -0.700599 -0.424638 0.573450 0 0
    13 21.216831 37.526853 1.241898 0.059212 0.532354 0.844448 0 0
  phy
    13 20.162012 41.777423 -2.342815 -0.700599 -0.424638 0.573450 0 0
    13 22.228249 37.392928 -1.786581 -0.664066 0.081872 0.743178 0 0
    13 21.216831 37.526853 1.241898 0.059212 0.532354 0.844448 0 0
  phy
    13 22.228249 37.392928 -1.786581 -0.664066 0.081872 0.743178 0 0
    13 24.301631 38.466292 -2.827713 -0.232228 -0.829144 -0.508518 0 0
    13 24.969311 36.935587 -1.788134 0.305139 -0.933294 -0.189345 0 0
  phy
    13 20.162012 41.777423 -2.342815 -0.700599 -0.424638 0.573450 0 0
    13 24.301631 38.466292 -2.827713 -0.232228 -0.829144 -0.508518 0 0
    13 22.228249 37.392928 -1.786581 -0.664066 0.081872 0.743178 0 0
  phy
    13 19.342517 41.885762 0.111275 -0.437050 0.086672 0.895252 0 0
    13 21.216831 37.526853 1.241898 0.059212 0.532354 0.844448 0 0
    13 22.278946 38.733692 3.229498 0.576122 0.796705 0.182605 0 0
  phy
    13 25.366086 39.675127 -0.839510 0.194562 -0.298685 -0.934309 0 0
    13 24.969311 36.935587 -1.788134 0.305139 -0.933294 -0.189345 0 0
    13 24.301631 38.466292 -2.827713 -0.232228 -0.829144 -0.508518 0 0
  phy
    13 22.278946 38.733692 3.229498 0.576122 0.796705 0.182605 0 0
    13 21.216831 37.526853 1.241898 0.059212 0.532354 0.844448 0 0
    13 23.398232 37.143283 2.916688 0.555039 0.811790 0.181462 0 0
  phy
    41 -24.995541 37.967279 2.103382 -0.716148 -0.273156 0.642275 0 0
    41 -25.366082 39.675132 -0.839517 -0.049953 0.311859 0.948814 0 0
    41 -25.780728 37.863548 -0.247841 -0.663513 0.331913 0.670510 0 0
  phy
    41 -24.995541 37.967279 2.103382 -0.716148 -0.273156 0.642275 0 0
    41 -24.354679 39.808782 2.189071 -0.325396 -0.497630 0.804041 0 0
    41 -25.366082 39.675132 -0.839517 -0.049953 0.311859 0.948814 0 0
  phy
    41 -24.995541 37.967279 2.103382 -0.716148 -0.273156 0.642275 0 0
    41 -25.780728 37.863548 -0.247841 -0.663513 0.331913 0.670510 0 0
    41 -24.551705 36.391394 0.713855 -0.792078 0.610411 0.003431 0 0
  phy
    41 -23.398224 37.143285 2.916680 -0.557088 -0.823938 0.103825 0 0
    41 -24.995541 37.967279 2.103382 -0.716148 -0.273156 0.642275 0 0
    41 -24.551705 36.391394 0.713855 -0.792078 0.610411 0.003431 0 0
  phy
    41 -24.995541 37.967279 2.103382 -0.716148 -0.273156 0.642275 0 0
    41 -23.398224 37.143285 2.916680 -0.557088 -0.823938 0.103825 0 0
    41 -24.354679 39.808782 2.189071 -0.325396 -0.497630 0.804041 0 0
  phy
    41 -19.992493 44.483414 0.779570 0.743490 0.215727 -0.632996 0 0
    41 -20.309942 45.034802 -1.070952 0.978225 -0.185606 0.092877 0 0
    41 -21.384620 45.249598 0.244525 0.153655 0.006549 0.988103 0 0
  phy
    41 -19.173301 43.640203 -0.422853 0.511384 0.219145 -0.830940 0 0
    41 -20.309942 45.034802 -1.070952 0.978225 -0.185606 0.092877 0 0
    41 -19.992493 44.483414 0.779570 0.743490 0.215727 -0.632996 0 0
  phy
    41 -21.384620 45.249598 0.244525 0.153655 0.006549 0.988103 0 0
    41 -20.408302 43.012468 1.783693 -0.697529 0.680301 -0.225043 0 0
    41 -19.992493 44.483414 0.779570 0.743490 0.215727 -0.632996 0 0
  phy
    41 -19.992493 44.483414 0.779570 0.743490 0.215727 -0.632996 0 0
    41 -20.408302 43.012468 1.783693 -0.697529 0.680301 -0.225043 0 0
    41 -19.173301 43.640203 -0.422853 0.511384 0.219145 -0.830940 0 0
  phy
    41 -19.752772 43.563600 -2.158158 0.692873 0.435714 -0.574527 0 0
    41 -19.173301 43.640203 -0.422853 0.511384 0.219145 -0.830940 0 0
    41 -19.342511 41.885765 0.111269 0.475833 0.068214 -0.876886 0 0
  phy
    41 -19.752772 43.563600 -2.158158 0.692873 0.435714 -0.574527 0 0
    41 -19.342511 41.885765 0.111269 0.475833 0.068214 -0.876886 0 0
    41 -20.162006 41.777428 -2.342822 0.609753 0.634357 -0.475176 0 0
  phy
    41 -19.752772 43.563600 -2.158158 0.692873 0.435714 -0.574527 0 0
    41 -20.309942 45.034802 -1.070952 0.978225 -0.185606 0.092877 0 0
    41 -19.173301 43.640203 -0.422853 0.511384 0.219145 -0.830940 0 0
  phy
    41 -21.151435 44.330205 -2.691039 0.972652 -0.010323 0.232036 0 0
    41 -20.309942 45.034802 -1.070952 0.978225 -0.185606 0.092877 0 0
    41 -19.752772 43.563600 -2.158158 0.692873 0.435714 -0.574527 0 0
  phy
    41 -19.752772 43.563600 -2.158158 0.692873 0.435714 -0.574527 0 0
    41 -22.047295 42.795792 -3.124488 0.353983 0.790759 0.499396 0 0
    41 -21.151435 44.330205 -2.691039 0.972652 -0.010323 0.232036 0 0
  phy
    41 -22.047295 42.795792 -3.124488 0.353983 0.790759 0.499396 0 0
    41 -19.752772 43.563600 -2.158158 0.692873 0.435714 -0.574527 0 0
    41 -20.162006 41.777428 -2.342822 0.609753 0.634357 -0.475176 0 0
  phy
    41 -24.354679 39.808782 2.189071 -0.325396 -0.497630 0.804041 0 0
    41 -22.278936 38.733697 3.229489 -0.511837 -0.786068 -0.346584 0 0
    41 -22.290528 44.030688 1.001013 -0.173530 0.095833 0.980155 0 0
  phy
    41 -23.398224 37.143285 2.916680 -0.557088 -0.823938 0.103825 0 0
    41 -22.278936 38.733697 3.229489 -0.511837 -0.786068 -0.346584 0 0
    41 -24.354679 39.808782 2.189071 -0.325396 -0.497630 0.804041 0 0
  phy
    41 -22.290528 44.030688 1.001013 -0.173530 0.095833 0.980155 0 0
    41 -25.366082 39.675132 -0.839517 -0.049953 0.311859 0.948814 0 0
    41 -24.354679 39.808782 2.189071 -0.325396 -0.497630 0.804041 0 0
  phy
    41 -21.964089 45.172993 -1.490781 0.555413 0.062623 0.829214 0 0
    41 -23.110021 43.922352 -1.453079 0.043571 0.221587 0.974167 0 0
    41 -21.384620 45.249598 0.244525 0.153655 0.006549 0.988103 0 0
  phy
    41 -23.110021 43.922352 -1.453079 0.043571 0.221587 0.974167 0 0
    41 -22.290528 44.030688 1.001013 -0.173530 0.095833 0.980155 0 0
    41 -21.384620 45.249598 0.244525 0.153655 0.006549 0.988103 0 0
  phy
    41 -22.290528 44.030688 1.001013 -0.173530 0.095833 0.980155 0 0
    41 -20.408302 43.012468 1.783693 -0.697529 0.680301 -0.225043 0 0
    41 -21.384620 45.249598 0.244525 0.153655 0.006549 0.988103 0 0
  phy
    41 -21.384620 45.249598 0.244525 0.153655 0.006549 0.988103 0 0
    41 -20.309942 45.034802 -1.070952 0.978225 -0.185606 0.092877 0 0
    41 -21.964089 45.172993 -1.490781 0.555413 0.062623 0.829214 0 0
  phy
    41 -22.047295 42.795792 -3.124488 0.353983 0.790759 0.499396 0 0
    41 -20.162006 41.777428 -2.342822 0.609753 0.634357 -0.475176 0 0
    41 -24.301625 38.466300 -2.827721 0.121910 0.939181 0.321056 0 0
  phy
    41 -22.047295 42.795792 -3.124488 0.353983 0.790759 0.499396 0 0
    41 -24.301625 38.466300 -2.827721 0.121910 0.939181 0.321056 0 0
    41 -23.110021 43.922352 -1.453079 0.043571 0.221587 0.974167 0 0
  phy
    41 -22.047295 42.795792 -3.124488 0.353983 0.790759 0.499396 0 0
    41 -21.964089 45.172993 -1.490781 0.555413 0.062623 0.829214 0 0
    41 -21.151435 44.330205 -2.691039 0.972652 -0.010323 0.232036 0 0
  phy
    41 -23.110021 43.922352 -1.453079 0.043571 0.221587 0.974167 0 0
    41 -21.964089 45.172993 -1.490781 0.555413 0.062623 0.829214 0 0
    41 -22.047295 42.795792 -3.124488 0.353983 0.790759 0.499396 0 0
  phy
    41 -19.173301 43.640203 -0.422853 0.511384 0.219145 -0.830940 0 0
    41 -20.408302 43.012468 1.783693 -0.697529 0.680301 -0.225043 0 0
    41 -19.342511 41.885765 0.111269 0.475833 0.068214 -0.876886 0 0
  phy
    41 -23.110021 43.922352 -1.453079 0.043571 0.221587 0.974167 0 0
    41 -25.366082 39.675132 -0.839517 -0.049953 0.311859 0.948814 0 0
    41 -22.290528 44.030688 1.001013 -0.173530 0.095833 0.980155 0 0
  phy
    41 -22.290528 44.030688 1.001013 -0.173530 0.095833 0.980155 0 0
    41 -22.278936 38.733697 3.229489 -0.511837 -0.786068 -0.346584 0 0
    41 -20.408302 43.012468 1.783693 -0.697529 0.680301 -0.225043 0 0
  phy
    41 -21.964089 45.172993 -1.490781 0.555413 0.062623 0.829214 0 0
    41 -20.309942 45.034802 -1.070952 0.978225 -0.185606 0.092877 0 0
    41 -21.151435 44.330205 -2.691039 0.972652 -0.010323 0.232036 0 0
  phy
    41 -20.162006 41.777428 -2.342822 0.609753 0.634357 -0.475176 0 0
    41 -19.342511 41.885765 0.111269 0.475833 0.068214 -0.876886 0 0
    41 -21.216824 37.526854 1.241890 0.364681 -0.185793 -0.912408 0 0
  phy
    41 -20.162006 41.777428 -2.342822 0.609753 0.634357 -0.475176 0 0
    41 -21.216824 37.526854 1.241890 0.364681 -0.185793 -0.912408 0 0
    41 -22.228244 37.392932 -1.786589 0.396682 0.625540 -0.671821 0 0
  phy
    41 -20.408302 43.012468 1.783693 -0.697529 0.680301 -0.225043 0 0
    41 -22.278936 38.733697 3.229489 -0.511837 -0.786068 -0.346584 0 0
    41 -19.342511 41.885765 0.111269 0.475833 0.068214 -0.876886 0 0
  phy
    41 -19.342511 41.885765 0.111269 0.475833 0.068214 -0.876886 0 0
    41 -22.278936 38.733697 3.229489 -0.511837 -0.786068 -0.346584 0 0
    41 -21.216824 37.526854 1.241890 0.364681 -0.185793 -0.912408 0 0
  phy
    41 -24.301625 38.466300 -2.827721 0.121910 0.939181 0.321056 0 0
    41 -22.228244 37.392932 -1.786589 0.396682 0.625540 -0.671821 0 0
    41 -24.969302 36.935588 -1.788141 -0.339102 0.928326 0.152386 0 0
  phy
    41 -24.969302 36.935588 -1.788141 -0.339102 0.928326 0.152386 0 0
    41 -22.228244 37.392932 -1.786589 0.396682 0.625540 -0.671821 0 0
    41 -23.372129 36.113437 -0.989566 0.078848 0.663621 -0.743902 0 0
  phy
    41 -21.216824 37.526854 1.241890 0.364681 -0.185793 -0.912408 0 0
    41 -22.578248 36.218411 1.388081 0.450462 -0.009854 -0.892741 0 0
    41 -23.372129 36.113437 -0.989566 0.078848 0.663621 -0.743902 0 0
  phy
    41 -21.216824 37.526854 1.241890 0.364681 -0.185793 -0.912408 0 0
    41 -23.372129 36.113437 -0.989566 0.078848 0.663621 -0.743902 0 0
    41 -22.228244 37.392932 -1.786589 0.396682 0.625540 -0.671821 0 0
  phy
    41 -20.162006 41.777428 -2.342822 0.609753 0.634357 -0.475176 0 0
    41 -22.228244 37.392932 -1.786589 0.396682 0.625540 -0.671821 0 0
    41 -24.301625 38.466300 -2.827721 0.121910 0.939181 0.321056 0 0
  phy
    41 -25.780728 37.863548 -0.247841 -0.663513 0.331913 0.670510 0 0
    41 -25.366082 39.675132 -0.839517 -0.049953 0.311859 0.948814 0 0
    41 -24.969302 36.935588 -1.788141 -0.339102 0.928326 0.152386 0 0
  phy
    41 -25.780728 37.863548 -0.247841 -0.663513 0.331913 0.670510 0 0
    41 -24.969302 36.935588 -1.788141 -0.339102 0.928326 0.152386 0 0
    41 -24.551705 36.391394 0.713855 -0.792078 0.610411 0.003431 0 0
  phy
    41 -23.110021 43.922352 -1.453079 0.043571 0.221587 0.974167 0 0
    41 -24.301625 38.466300 -2.827721 0.121910 0.939181 0.321056 0 0
    41 -25.366082 39.675132 -0.839517 -0.049953 0.311859 0.948814 0 0
  phy
    41 -23.398224 37.143285 2.916680 -0.557088 -0.823938 0.103825 0 0
    41 -22.578248 36.218411 1.388081 0.450462 -0.009854 -0.892741 0 0
    41 -22.278936 38.733697 3.229489 -0.511837 -0.786068 -0.346584 0 0
  phy
    41 -22.578248 36.218411 1.388081 0.450462 -0.009854 -0.892741 0 0
    41 -23.398224 37.143285 2.916680 -0.557088 -0.823938 0.103825 0 0
    41 -24.551705 36.391394 0.713855 -0.792078 0.610411 0.003431 0 0
  phy
    41 -24.969302 36.935588 -1.788141 -0.339102 0.928326 0.152386 0 0
    41 -23.372129 36.113437 -0.989566 0.078848 0.663621 -0.743902 0 0
    41 -24.551705 36.391394 0.713855 -0.792078 0.610411 0.003431 0 0
  phy
    41 -25.366082 39.675132 -0.839517 -0.049953 0.311859 0.948814 0 0
    41 -24.301625 38.466300 -2.827721 0.121910 0.939181 0.321056 0 0
    41 -24.969302 36.935588 -1.788141 -0.339102 0.928326 0.152386 0 0
  phy
    41 -23.372129 36.113437 -0.989566 0.078848 0.663621 -0.743902 0 0
    41 -22.578248 36.218411 1.388081 0.450462 -0.009854 -0.892741 0 0
    41 -24.551705 36.391394 0.713855 -0.792078 0.610411 0.003431 0 0
  phy
    41 -22.278936 38.733697 3.229489 -0.511837 -0.786068 -0.346584 0 0
    41 -22.578248 36.218411 1.388081 0.450462 -0.009854 -0.892741 0 0
    41 -21.216824 37.526854 1.241890 0.364681 -0.185793 -0.912408 0 0
  phy
    8 2.035617 68.647324 -5.680766 -0.319100 -0.473269 -0.821092 0 0
    8 2.879543 66.784650 -0.969815 -0.551340 -0.812105 -0.191077 0 0
    8 1.451867 66.788332 -4.299812 -0.827967 -0.255128 -0.499381 0 0
  phy
    8 2.035617 68.647324 -5.680766 -0.319100 -0.473269 -0.821092 0 0
    8 4.071231 68.646278 -0.938966 -0.101141 -0.967936 -0.229934 0 0
    8 2.879543 66.784650 -0.969815 -0.551340 -0.812105 -0.191077 0 0
  phy
    8 4.071231 68.646278 -0.938966 -0.101141 -0.967936 -0.229934 0 0
    8 1.439397 66.784651 2.389526 -0.557454 -0.771888 0.305669 0 0
    8 2.879543 66.784650 -0.969815 -0.551340 -0.812105 -0.191077 0 0
  phy
    8 4.071231 68.646278 -0.938966 -0.101141 -0.967936 -0.229934 0 0
    8 2.035616 68.646170 3.809232 -0.206235 -0.840247 0.501451 0 0
    8 1.439397 66.784651 2.389526 -0.557454 -0.771888 0.305669 0 0
  phy
    8 4.071231 68.646278 -0.938966 -0.101141 -0.967936 -0.229934 0 0
    8 2.035617 68.647324 -5.680766 -0.319100 -0.473269 -0.821092 0 0
    8 2.095262 76.754819 -6.357821 0.335587 -0.157317 -0.928780 0 0
  phy
    8 2.095262 76.754819 -6.357821 0.335587 -0.157317 -0.928780 0 0
    8 4.192697 76.749644 -1.174602 0.652214 -0.737288 -0.176134 0 0
    8 4.071231 68.646278 -0.938966 -0.101141 -0.967936 -0.229934 0 0
  phy
    8 4.192697 76.749644 -1.174602 0.652214 -0.737288 -0.176134 0 0
    8 2.096351 76.747475 3.983718 0.587330 -0.542413 0.600693 0 0
    8 4.071231 68.646278 -0.938966 -0.101141 -0.967936 -0.229934 0 0
  phy
    8 4.071231 68.646278 -0.938966 -0.101141 -0.967936 -0.229934 0 0
    8 2.096351 76.747475 3.983718 0.587330 -0.542413 0.600693 0 0
    8 2.035616 68.646170 3.809232 -0.206235 -0.840247 0.501451 0 0
  phy
    8 1.451867 66.788332 -4.299812 -0.827967 -0.255128 -0.499381 0 0
    8 -1.450713 66.784652 -4.297078 -0.855741 0.293628 -0.426015 0 0
    8 2.035617 68.647324 -5.680766 -0.319100 -0.473269 -0.821092 0 0
  phy
    8 2.035617 68.647324 -5.680766 -0.319100 -0.473269 -0.821092 0 0
    8 -1.450713 66.784652 -4.297078 -0.855741 0.293628 -0.426015 0 0
    8 -2.035619 68.647325 -5.680765 -0.415748 -0.257150 -0.872369 0 0
  phy
    8 1.451867 66.788332 -4.299812 -0.827967 -0.255128 -0.499381 0 0
    8 2.879543 66.784650 -0.969815 -0.551340 -0.812105 -0.191077 0 0
    8 -0.000002 66.008239 -0.969018 -0.998987 -0.034236 0.029220 0 0
  phy
    8 -1.450713 66.784652 -4.297078 -0.855741 0.293628 -0.426015 0 0
    8 1.451867 66.788332 -4.299812 -0.827967 -0.255128 -0.499381 0 0
    8 -0.000002 66.008239 -0.969018 -0.998987 -0.034236 0.029220 0 0
  phy
    8 -2.878797 66.784651 -0.971557 -0.719963 0.633487 0.283456 0 0
    8 -4.071236 68.646280 -0.938968 -0.561485 0.821133 0.102347 0 0
    8 -1.450713 66.784652 -4.297078 -0.855741 0.293628 -0.426015 0 0
  phy
    8 -1.450713 66.784652 -4.297078 -0.855741 0.293628 -0.426015 0 0
    8 -4.071236 68.646280 -0.938968 -0.561485 0.821133 0.102347 0 0
    8 -2.035619 68.647325 -5.680765 -0.415748 -0.257150 -0.872369 0 0
  phy
    8 -2.878797 66.784651 -0.971557 -0.719963 0.633487 0.283456 0 0
    8 -1.439394 66.784651 2.389528 -0.614169 -0.269199 0.741841 0 0
    8 -4.071236 68.646280 -0.938968 -0.561485 0.821133 0.102347 0 0
  phy
    8 -1.439394 66.784651 2.389528 -0.614169 -0.269199 0.741841 0 0
    8 -2.878797 66.784651 -0.971557 -0.719963 0.633487 0.283456 0 0
    8 -0.000002 66.008239 -0.969018 -0.998987 -0.034236 0.029220 0 0
  phy
    8 -2.878797 66.784651 -0.971557 -0.719963 0.633487 0.283456 0 0
    8 -1.450713 66.784652 -4.297078 -0.855741 0.293628 -0.426015 0 0
    8 -0.000002 66.008239 -0.969018 -0.998987 -0.034236 0.029220 0 0
  phy
    8 2.879543 66.784650 -0.969815 -0.551340 -0.812105 -0.191077 0 0
    8 1.439397 66.784651 2.389526 -0.557454 -0.771888 0.305669 0 0
    8 -0.000002 66.008239 -0.969018 -0.998987 -0.034236 0.029220 0 0
  phy
    8 -1.471852 78.550686 -4.975335 0.704177 0.628447 -0.330439 0 0
    8 1.479182 78.548729 -4.976842 0.826243 0.142716 -0.544936 0 0
    8 2.095262 76.754819 -6.357821 0.335587 -0.157317 -0.928780 0 0
  phy
    8 -1.471852 78.550686 -4.975335 0.704177 0.628447 -0.330439 0 0
    8 2.095262 76.754819 -6.357821 0.335587 -0.157317 -0.928780 0 0
    8 -2.095262 76.754810 -6.357822 0.468632 -0.088890 -0.878910 0 0
  phy
    8 2.095262 76.754819 -6.357821 0.335587 -0.157317 -0.928780 0 0
    8 2.035617 68.647324 -5.680766 -0.319100 -0.473269 -0.821092 0 0
    8 -2.035619 68.647325 -5.680765 -0.415748 -0.257150 -0.872369 0 0
  phy
    8 2.095262 76.754819 -6.357821 0.335587 -0.157317 -0.928780 0 0
    8 -2.035619 68.647325 -5.680765 -0.415748 -0.257150 -0.872369 0 0
    8 -2.095262 76.754810 -6.357822 0.468632 -0.088890 -0.878910 0 0
  phy
    8 4.192697 76.749644 -1.174602 0.652214 -0.737288 -0.176134 0 0
    8 1.479182 78.548729 -4.976842 0.826243 0.142716 -0.544936 0 0
    8 2.943703 78.551205 -1.347829 0.979942 -0.162396 0.115509 0 0
  phy
    8 4.192697 76.749644 -1.174602 0.652214 -0.737288 -0.176134 0 0
    8 2.095262 76.754819 -6.357821 0.335587 -0.157317 -0.928780 0 0
    8 1.479182 78.548729 -4.976842 0.826243 0.142716 -0.544936 0 0
  phy
    8 1.439397 66.784651 2.389526 -0.557454 -0.771888 0.305669 0 0
    8 2.035616 68.646170 3.809232 -0.206235 -0.840247 0.501451 0 0
    8 -1.439394 66.784651 2.389528 -0.614169 -0.269199 0.741841 0 0
  phy
    8 2.035616 68.646170 3.809232 -0.206235 -0.840247 0.501451 0 0
    8 -2.035619 68.646172 3.809234 0.026155 -0.162570 0.986350 0 0
    8 -1.439394 66.784651 2.389528 -0.614169 -0.269199 0.741841 0 0
  phy
    8 1.439397 66.784651 2.389526 -0.557454 -0.771888 0.305669 0 0
    8 -1.439394 66.784651 2.389528 -0.614169 -0.269199 0.741841 0 0
    8 -0.000002 66.008239 -0.969018 -0.998987 -0.034236 0.029220 0 0
  phy
    8 -4.071236 68.646280 -0.938968 -0.561485 0.821133 0.102347 0 0
    8 -1.439394 66.784651 2.389528 -0.614169 -0.269199 0.741841 0 0
    8 -2.035619 68.646172 3.809234 0.026155 -0.162570 0.986350 0 0
  phy
    8 -1.471856 78.551432 2.497933 0.657699 0.304621 0.688940 0 0
    8 2.096351 76.747475 3.983718 0.587330 -0.542413 0.600693 0 0
    8 1.471853 78.551441 2.497940 0.771618 -0.067657 0.632477 0 0
  phy
    8 -1.471856 78.551432 2.497933 0.657699 0.304621 0.688940 0 0
    8 -2.096351 76.747469 3.983729 0.263507 0.534561 0.803000 0 0
    8 2.096351 76.747475 3.983718 0.587330 -0.542413 0.600693 0 0
  phy
    8 -1.471856 78.551432 2.497933 0.657699 0.304621 0.688940 0 0
    8 -0.000002 79.276783 -1.347149 0.999992 0.001134 -0.003903 0 0
    8 -2.943704 78.551206 -1.347834 0.807569 0.584360 0.079715 0 0
  phy
    8 1.471853 78.551441 2.497940 0.771618 -0.067657 0.632477 0 0
    8 -0.000002 79.276783 -1.347149 0.999992 0.001134 -0.003903 0 0
    8 -1.471856 78.551432 2.497933 0.657699 0.304621 0.688940 0 0
  phy
    8 -2.096351 76.747469 3.983729 0.263507 0.534561 0.803000 0 0
    8 -1.471856 78.551432 2.497933 0.657699 0.304621 0.688940 0 0
    8 -4.192702 76.749632 -1.174599 0.409663 0.865954 0.286879 0 0
  phy
    8 -1.471856 78.551432 2.497933 0.657699 0.304621 0.688940 0 0
    8 -2.943704 78.551206 -1.347834 0.807569 0.584360 0.079715 0 0
    8 -4.192702 76.749632 -1.174599 0.409663 0.865954 0.286879 0 0
  phy
    8 1.479182 78.548729 -4.976842 0.826243 0.142716 -0.544936 0 0
    8 -0.000002 79.276783 -1.347149 0.999992 0.001134 -0.003903 0 0
    8 2.943703 78.551205 -1.347829 0.979942 -0.162396 0.115509 0 0
  phy
    8 2.943703 78.551205 -1.347829 0.979942 -0.162396 0.115509 0 0
    8 -0.000002 79.276783 -1.347149 0.999992 0.001134 -0.003903 0 0
    8 1.471853 78.551441 2.497940 0.771618 -0.067657 0.632477 0 0
  phy
    8 1.471853 78.551441 2.497940 0.771618 -0.067657 0.632477 0 0
    8 4.192697 76.749644 -1.174602 0.652214 -0.737288 -0.176134 0 0
    8 2.943703 78.551205 -1.347829 0.979942 -0.162396 0.115509 0 0
  phy
    8 -1.471852 78.550686 -4.975335 0.704177 0.628447 -0.330439 0 0
    8 -0.000002 79.276783 -1.347149 0.999992 0.001134 -0.003903 0 0
    8 1.479182 78.548729 -4.976842 0.826243 0.142716 -0.544936 0 0
  phy
    8 -2.943704 78.551206 -1.347834 0.807569 0.584360 0.079715 0 0
    8 -0.000002 79.276783 -1.347149 0.999992 0.001134 -0.003903 0 0
    8 -1.471852 78.550686 -4.975335 0.704177 0.628447 -0.330439 0 0
  phy
    8 -2.943704 78.551206 -1.347834 0.807569 0.584360 0.079715 0 0
    8 -1.471852 78.550686 -4.975335 0.704177 0.628447 -0.330439 0 0
    8 -2.095262 76.754810 -6.357822 0.468632 -0.088890 -0.878910 0 0
  phy
    8 -2.035619 68.647325 -5.680765 -0.415748 -0.257150 -0.872369 0 0
    8 -4.071236 68.646280 -0.938968 -0.561485 0.821133 0.102347 0 0
    8 -2.095262 76.754810 -6.357822 0.468632 -0.088890 -0.878910 0 0
  phy
    8 -2.095262 76.754810 -6.357822 0.468632 -0.088890 -0.878910 0 0
    8 -4.071236 68.646280 -0.938968 -0.561485 0.821133 0.102347 0 0
    8 -4.192702 76.749632 -1.174599 0.409663 0.865954 0.286879 0 0
  phy
    8 -4.071236 68.646280 -0.938968 -0.561485 0.821133 0.102347 0 0
    8 -2.096351 76.747469 3.983729 0.263507 0.534561 0.803000 0 0
    8 -4.192702 76.749632 -1.174599 0.409663 0.865954 0.286879 0 0
  phy
    8 -2.096351 76.747469 3.983729 0.263507 0.534561 0.803000 0 0
    8 -4.071236 68.646280 -0.938968 -0.561485 0.821133 0.102347 0 0
    8 -2.035619 68.646172 3.809234 0.026155 -0.162570 0.986350 0 0
  phy
    8 2.096351 76.747475 3.983718 0.587330 -0.542413 0.600693 0 0
    8 -2.035619 68.646172 3.809234 0.026155 -0.162570 0.986350 0 0
    8 2.035616 68.646170 3.809232 -0.206235 -0.840247 0.501451 0 0
  phy
    8 2.096351 76.747475 3.983718 0.587330 -0.542413 0.600693 0 0
    8 -2.096351 76.747469 3.983729 0.263507 0.534561 0.803000 0 0
    8 -2.035619 68.646172 3.809234 0.026155 -0.162570 0.986350 0 0
  phy
    8 -2.943704 78.551206 -1.347834 0.807569 0.584360 0.079715 0 0
    8 -2.095262 76.754810 -6.357822 0.468632 -0.088890 -0.878910 0 0
    8 -4.192702 76.749632 -1.174599 0.409663 0.865954 0.286879 0 0
  phy
    8 1.471853 78.551441 2.497940 0.771618 -0.067657 0.632477 0 0
    8 2.096351 76.747475 3.983718 0.587330 -0.542413 0.600693 0 0
    8 4.192697 76.749644 -1.174602 0.652214 -0.737288 -0.176134 0 0
  phy
    82 -6.535283 2.577775 5.136390 0.270758 0.802973 -0.530965 0 0
    82 -6.423259 3.080353 4.469291 0.064940 0.307325 -0.949386 0 0
    82 -8.186672 1.973662 4.843012 -0.538670 0.127115 -0.832872 0 0
  phy
    82 -8.186672 1.973662 4.843012 -0.538670 0.127115 -0.832872 0 0
    82 -6.423259 3.080353 4.469291 0.064940 0.307325 -0.949386 0 0
    82 -8.758115 2.228457 4.051142 -0.409855 -0.086141 -0.908074 0 0
  phy
    82 -6.423259 3.080353 4.469291 0.064940 0.307325 -0.949386 0 0
    82 -6.535283 2.577775 5.136390 0.270758 0.802973 -0.530965 0 0
    82 -4.875271 1.988303 5.410144 0.265895 -0.254142 -0.929899 0 0
  phy
    82 -6.423259 3.080353 4.469291 0.064940 0.307325 -0.949386 0 0
    82 -4.875271 1.988303 5.410144 0.265895 -0.254142 -0.929899 0 0
    82 -4.075097 2.249159 4.853189 0.534719 -0.191167 -0.823123 0 0
  phy
    82 -6.535283 2.577775 5.136390 0.270758 0.802973 -0.530965 0 0
    82 -8.186672 1.973662 4.843012 -0.538670 0.127115 -0.832872 0 0
    82 -6.575518 1.381117 5.402098 -0.319357 0.636232 -0.702296 0 0
  phy
    82 -4.875271 1.988303 5.410144 0.265895 -0.254142 -0.929899 0 0
    82 -6.535283 2.577775 5.136390 0.270758 0.802973 -0.530965 0 0
    82 -6.575518 1.381117 5.402098 -0.319357 0.636232 -0.702296 0 0
  phy
    82 -6.423259 3.080353 4.469291 0.064940 0.307325 -0.949386 0 0
    82 -6.083228 3.615678 2.470084 0.432336 0.516770 -0.738941 0 0
    82 -8.758115 2.228457 4.051142 -0.409855 -0.086141 -0.908074 0 0
  phy
    82 -6.083228 3.615678 2.470084 0.432336 0.516770 -0.738941 0 0
    82 -6.423259 3.080353 4.469291 0.064940 0.307325 -0.949386 0 0
    82 -4.075097 2.249159 4.853189 0.534719 -0.191167 -0.823123 0 0
  phy
    82 -6.592062 3.321077 -6.604117 -0.191104 0.930669 0.311984 0 0
    82 -4.595046 4.283091 -6.236435 0.202462 0.424875 -0.882321 0 0
    82 -4.470543 2.483397 -6.916940 0.570289 -0.218622 0.791818 0 0
  phy
    82 -4.470543 2.483397 -6.916940 0.570289 -0.218622 0.791818 0 0
    82 -4.595046 4.283091 -6.236435 0.202462 0.424875 -0.882321 0 0
    82 -2.581303 3.338807 -5.917209 0.126617 -0.991761 0.019466 0 0
  phy
    82 -4.470543 2.483397 -6.916940 0.570289 -0.218622 0.791818 0 0
    82 -4.567442 0.450223 -6.298681 0.513495 0.596931 0.616438 0 0
    82 -6.578279 1.402397 -6.635075 -0.306986 0.857023 0.413848 0 0
  phy
    82 -2.567517 1.420128 -5.948168 0.751120 -0.138813 0.645406 0 0
    82 -4.567442 0.450223 -6.298681 0.513495 0.596931 0.616438 0 0
    82 -4.470543 2.483397 -6.916940 0.570289 -0.218622 0.791818 0 0
  phy
    82 -6.578279 1.402397 -6.635075 -0.306986 0.857023 0.413848 0 0
    82 -6.592062 3.321077 -6.604117 -0.191104 0.930669 0.311984 0 0
    82 -4.470543 2.483397 -6.916940 0.570289 -0.218622 0.791818 0 0
  phy
    82 -4.470543 2.483397 -6.916940 0.570289 -0.218622 0.791818 0 0
    82 -2.581303 3.338807 -5.917209 0.126617 -0.991761 0.019466 0 0
    82 -2.567517 1.420128 -5.948168 0.751120 -0.138813 0.645406 0 0
  phy
    82 -8.582782 2.856703 0.039208 0.512291 -0.044796 -0.857643 0 0
    82 -5.756072 3.931779 0.551709 0.426858 0.397584 -0.812231 0 0
    82 -4.894392 4.649904 -4.498060 0.514246 0.338657 -0.787948 0 0
  phy
    82 -5.756072 3.931779 0.551709 0.426858 0.397584 -0.812231 0 0
    82 -8.582782 2.856703 0.039208 0.512291 -0.044796 -0.857643 0 0
    82 -6.083228 3.615678 2.470084 0.432336 0.516770 -0.738941 0 0
  phy
    82 -4.894392 4.649904 -4.498060 0.514246 0.338657 -0.787948 0 0
    82 -5.756072 3.931779 0.551709 0.426858 0.397584 -0.812231 0 0
    82 -2.910772 2.881765 1.010646 0.230360 0.861757 -0.452006 0 0
  phy
    82 -2.910772 2.881765 1.010646 0.230360 0.861757 -0.452006 0 0
    82 -5.756072 3.931779 0.551709 0.426858 0.397584 -0.812231 0 0
    82 -6.083228 3.615678 2.470084 0.432336 0.516770 -0.738941 0 0
  phy
    82 -6.517874 0.194040 5.096220 -0.616259 0.665982 0.420349 0 0
    82 -6.398705 -0.286030 4.412817 -0.323750 -0.039912 0.945301 0 0
    82 -4.866285 0.798007 5.390106 -0.093849 0.827840 0.553057 0 0
  phy
    82 -4.866285 0.798007 5.390106 -0.093849 0.827840 0.553057 0 0
    82 -6.398705 -0.286030 4.412817 -0.323750 -0.039912 0.945301 0 0
    82 -4.062858 0.565961 4.825190 0.320560 -0.785916 0.528750 0 0
  phy
    82 -4.875271 1.988303 5.410144 0.265895 -0.254142 -0.929899 0 0
    82 -4.866285 0.798007 5.390106 -0.093849 0.827840 0.553057 0 0
    82 -4.062858 0.565961 4.825190 0.320560 -0.785916 0.528750 0 0
  phy
    82 -4.875271 1.988303 5.410144 0.265895 -0.254142 -0.929899 0 0
    82 -4.062858 0.565961 4.825190 0.320560 -0.785916 0.528750 0 0
    82 -4.075097 2.249159 4.853189 0.534719 -0.191167 -0.823123 0 0
  phy
    82 -4.866285 0.798007 5.390106 -0.093849 0.827840 0.553057 0 0
    82 -4.875271 1.988303 5.410144 0.265895 -0.254142 -0.929899 0 0
    82 -6.575518 1.381117 5.402098 -0.319357 0.636232 -0.702296 0 0
  phy
    82 -4.866285 0.798007 5.390106 -0.093849 0.827840 0.553057 0 0
    82 -6.575518 1.381117 5.402098 -0.319357 0.636232 -0.702296 0 0
    82 -6.517874 0.194040 5.096220 -0.616259 0.665982 0.420349 0 0
  phy
    82 -8.186672 1.973662 4.843012 -0.538670 0.127115 -0.832872 0 0
    82 -8.758115 2.228457 4.051142 -0.409855 -0.086141 -0.908074 0 0
    82 -8.178254 0.783368 4.822882 -0.812264 -0.420961 -0.403757 0 0
  phy
    82 -8.178254 0.783368 4.822882 -0.812264 -0.420961 -0.403757 0 0
    82 -8.758115 2.228457 4.051142 -0.409855 -0.086141 -0.908074 0 0
    82 -8.745880 0.545261 4.023144 -0.641046 -0.700032 0.314668 0 0
  phy
    82 -8.186672 1.973662 4.843012 -0.538670 0.127115 -0.832872 0 0
    82 -8.178254 0.783368 4.822882 -0.812264 -0.420961 -0.403757 0 0
    82 -6.575518 1.381117 5.402098 -0.319357 0.636232 -0.702296 0 0
  phy
    82 -6.578279 1.402397 -6.635075 -0.306986 0.857023 0.413848 0 0
    82 -7.699588 0.909402 -5.067619 -0.603112 0.476543 0.639659 0 0
    82 -6.592062 3.321077 -6.604117 -0.191104 0.930669 0.311984 0 0
  phy
    82 -4.567442 0.450223 -6.298681 0.513495 0.596931 0.616438 0 0
    82 -7.699588 0.909402 -5.067619 -0.603112 0.476543 0.639659 0 0
    82 -6.578279 1.402397 -6.635075 -0.306986 0.857023 0.413848 0 0
  phy
    82 -2.567517 1.420128 -5.948168 0.751120 -0.138813 0.645406 0 0
    82 -2.581303 3.338807 -5.917209 0.126617 -0.991761 0.019466 0 0
    82 -2.027518 0.934478 -4.096184 0.595502 0.495906 0.632024 0 0
  phy
    82 -2.567517 1.420128 -5.948168 0.751120 -0.138813 0.645406 0 0
    82 -2.027518 0.934478 -4.096184 0.595502 0.495906 0.632024 0 0
    82 -4.567442 0.450223 -6.298681 0.513495 0.596931 0.616438 0 0
  phy
    82 -8.566957 0.731311 0.001429 -0.227826 -0.861046 0.454637 0 0
    82 -6.019077 -0.324226 2.197263 -0.315605 -0.303424 0.899070 0 0
    82 -8.745880 0.545261 4.023144 -0.641046 -0.700032 0.314668 0 0
  phy
    82 -8.566957 0.731311 0.001429 -0.227826 -0.861046 0.454637 0 0
    82 -4.857269 -0.320495 -4.586575 -0.463283 -0.435759 0.771676 0 0
    82 -6.019077 -0.324226 2.197263 -0.315605 -0.303424 0.899070 0 0
  phy
    82 -2.894881 0.756394 0.972841 -0.569785 0.138492 0.810040 0 0
    82 -6.019077 -0.324226 2.197263 -0.315605 -0.303424 0.899070 0 0
    82 -4.857269 -0.320495 -4.586575 -0.463283 -0.435759 0.771676 0 0
  phy
    82 -2.894881 0.756394 0.972841 -0.569785 0.138492 0.810040 0 0
    82 -4.062858 0.565961 4.825190 0.320560 -0.785916 0.528750 0 0
    82 -6.019077 -0.324226 2.197263 -0.315605 -0.303424 0.899070 0 0
  phy
    82 -6.398705 -0.286030 4.412817 -0.323750 -0.039912 0.945301 0 0
    82 -8.745880 0.545261 4.023144 -0.641046 -0.700032 0.314668 0 0
    82 -6.019077 -0.324226 2.197263 -0.315605 -0.303424 0.899070 0 0
  phy
    82 -6.019077 -0.324226 2.197263 -0.315605 -0.303424 0.899070 0 0
    82 -4.062858 0.565961 4.825190 0.320560 -0.785916 0.528750 0 0
    82 -6.398705 -0.286030 4.412817 -0.323750 -0.039912 0.945301 0 0
  phy
    82 -8.566957 0.731311 0.001429 -0.227826 -0.861046 0.454637 0 0
    82 -8.745880 0.545261 4.023144 -0.641046 -0.700032 0.314668 0 0
    82 -8.582782 2.856703 0.039208 0.512291 -0.044796 -0.857643 0 0
  phy
    82 -8.745880 0.545261 4.023144 -0.641046 -0.700032 0.314668 0 0
    82 -8.758115 2.228457 4.051142 -0.409855 -0.086141 -0.908074 0 0
    82 -8.582782 2.856703 0.039208 0.512291 -0.044796 -0.857643 0 0
  phy
    82 -8.582782 2.856703 0.039208 0.512291 -0.044796 -0.857643 0 0
    82 -4.894392 4.649904 -4.498060 0.514246 0.338657 -0.787948 0 0
    82 -7.718099 3.394322 -5.023670 0.616407 -0.435873 -0.655788 0 0
  phy
    82 -8.582782 2.856703 0.039208 0.512291 -0.044796 -0.857643 0 0
    82 -7.718099 3.394322 -5.023670 0.616407 -0.435873 -0.655788 0 0
    82 -8.566957 0.731311 0.001429 -0.227826 -0.861046 0.454637 0 0
  phy
    82 -6.083228 3.615678 2.470084 0.432336 0.516770 -0.738941 0 0
    82 -8.582782 2.856703 0.039208 0.512291 -0.044796 -0.857643 0 0
    82 -8.758115 2.228457 4.051142 -0.409855 -0.086141 -0.908074 0 0
  phy
    82 -4.894392 4.649904 -4.498060 0.514246 0.338657 -0.787948 0 0
    82 -2.910772 2.881765 1.010646 0.230360 0.861757 -0.452006 0 0
    82 -2.046030 3.419396 -4.052237 0.448434 0.730290 -0.515348 0 0
  phy
    82 -4.894392 4.649904 -4.498060 0.514246 0.338657 -0.787948 0 0
    82 -2.046030 3.419396 -4.052237 0.448434 0.730290 -0.515348 0 0
    82 -4.595046 4.283091 -6.236435 0.202462 0.424875 -0.882321 0 0
  phy
    82 -7.718099 3.394322 -5.023670 0.616407 -0.435873 -0.655788 0 0
    82 -4.894392 4.649904 -4.498060 0.514246 0.338657 -0.787948 0 0
    82 -4.595046 4.283091 -6.236435 0.202462 0.424875 -0.882321 0 0
  phy
    82 -4.075097 2.249159 4.853189 0.534719 -0.191167 -0.823123 0 0
    82 -4.062858 0.565961 4.825190 0.320560 -0.785916 0.528750 0 0
    82 -2.894881 0.756394 0.972841 -0.569785 0.138492 0.810040 0 0
  phy
    82 -4.075097 2.249159 4.853189 0.534719 -0.191167 -0.823123 0 0
    82 -2.894881 0.756394 0.972841 -0.569785 0.138492 0.810040 0 0
    82 -2.910772 2.881765 1.010646 0.230360 0.861757 -0.452006 0 0
  phy
    82 -2.046030 3.419396 -4.052237 0.448434 0.730290 -0.515348 0 0
    82 -2.910772 2.881765 1.010646 0.230360 0.861757 -0.452006 0 0
    82 -2.027518 0.934478 -4.096184 0.595502 0.495906 0.632024 0 0
  phy
    82 -2.027518 0.934478 -4.096184 0.595502 0.495906 0.632024 0 0
    82 -2.910772 2.881765 1.010646 0.230360 0.861757 -0.452006 0 0
    82 -2.894881 0.756394 0.972841 -0.569785 0.138492 0.810040 0 0
  phy
    82 -2.910772 2.881765 1.010646 0.230360 0.861757 -0.452006 0 0
    82 -6.083228 3.615678 2.470084 0.432336 0.516770 -0.738941 0 0
    82 -4.075097 2.249159 4.853189 0.534719 -0.191167 -0.823123 0 0
  phy
    82 -6.398705 -0.286030 4.412817 -0.323750 -0.039912 0.945301 0 0
    82 -8.178254 0.783368 4.822882 -0.812264 -0.420961 -0.403757 0 0
    82 -8.745880 0.545261 4.023144 -0.641046 -0.700032 0.314668 0 0
  phy
    82 -8.178254 0.783368 4.822882 -0.812264 -0.420961 -0.403757 0 0
    82 -6.398705 -0.286030 4.412817 -0.323750 -0.039912 0.945301 0 0
    82 -6.517874 0.194040 5.096220 -0.616259 0.665982 0.420349 0 0
  phy
    82 -6.575518 1.381117 5.402098 -0.319357 0.636232 -0.702296 0 0
    82 -8.178254 0.783368 4.822882 -0.812264 -0.420961 -0.403757 0 0
    82 -6.517874 0.194040 5.096220 -0.616259 0.665982 0.420349 0 0
  phy
    82 -8.566957 0.731311 0.001429 -0.227826 -0.861046 0.454637 0 0
    82 -7.699588 0.909402 -5.067619 -0.603112 0.476543 0.639659 0 0
    82 -4.857269 -0.320495 -4.586575 -0.463283 -0.435759 0.771676 0 0
  phy
    82 -7.718099 3.394322 -5.023670 0.616407 -0.435873 -0.655788 0 0
    82 -7.699588 0.909402 -5.067619 -0.603112 0.476543 0.639659 0 0
    82 -8.566957 0.731311 0.001429 -0.227826 -0.861046 0.454637 0 0
  phy
    82 -6.592062 3.321077 -6.604117 -0.191104 0.930669 0.311984 0 0
    82 -7.699588 0.909402 -5.067619 -0.603112 0.476543 0.639659 0 0
    82 -7.718099 3.394322 -5.023670 0.616407 -0.435873 -0.655788 0 0
  phy
    82 -6.592062 3.321077 -6.604117 -0.191104 0.930669 0.311984 0 0
    82 -7.718099 3.394322 -5.023670 0.616407 -0.435873 -0.655788 0 0
    82 -4.595046 4.283091 -6.236435 0.202462 0.424875 -0.882321 0 0
  phy
    82 -4.857269 -0.320495 -4.586575 -0.463283 -0.435759 0.771676 0 0
    82 -2.027518 0.934478 -4.096184 0.595502 0.495906 0.632024 0 0
    82 -2.894881 0.756394 0.972841 -0.569785 0.138492 0.810040 0 0
  phy
    82 -2.581303 3.338807 -5.917209 0.126617 -0.991761 0.019466 0 0
    82 -2.046030 3.419396 -4.052237 0.448434 0.730290 -0.515348 0 0
    82 -2.027518 0.934478 -4.096184 0.595502 0.495906 0.632024 0 0
  phy
    82 -2.581303 3.338807 -5.917209 0.126617 -0.991761 0.019466 0 0
    82 -4.595046 4.283091 -6.236435 0.202462 0.424875 -0.882321 0 0
    82 -2.046030 3.419396 -4.052237 0.448434 0.730290 -0.515348 0 0
  phy
    82 -4.857269 -0.320495 -4.586575 -0.463283 -0.435759 0.771676 0 0
    82 -7.699588 0.909402 -5.067619 -0.603112 0.476543 0.639659 0 0
    82 -4.567442 0.450223 -6.298681 0.513495 0.596931 0.616438 0 0
  phy
    82 -4.567442 0.450223 -6.298681 0.513495 0.596931 0.616438 0 0
    82 -2.027518 0.934478 -4.096184 0.595502 0.495906 0.632024 0 0
    82 -4.857269 -0.320495 -4.586575 -0.463283 -0.435759 0.771676 0 0
end
